-- MySQL dump 10.13  Distrib 5.7.25, for Linux (x86_64)
--
-- Host: localhost    Database: control_contas
-- ------------------------------------------------------
-- Server version	5.7.25

/*!40101 SET @OLD_CHARACTER_SET_CLIENT=@@CHARACTER_SET_CLIENT */;
/*!40101 SET @OLD_CHARACTER_SET_RESULTS=@@CHARACTER_SET_RESULTS */;
/*!40101 SET @OLD_COLLATION_CONNECTION=@@COLLATION_CONNECTION */;
/*!40101 SET NAMES utf8 */;
/*!40103 SET @OLD_TIME_ZONE=@@TIME_ZONE */;
/*!40103 SET TIME_ZONE='+00:00' */;
/*!40014 SET @OLD_UNIQUE_CHECKS=@@UNIQUE_CHECKS, UNIQUE_CHECKS=0 */;
/*!40014 SET @OLD_FOREIGN_KEY_CHECKS=@@FOREIGN_KEY_CHECKS, FOREIGN_KEY_CHECKS=0 */;
/*!40101 SET @OLD_SQL_MODE=@@SQL_MODE, SQL_MODE='NO_AUTO_VALUE_ON_ZERO' */;
/*!40111 SET @OLD_SQL_NOTES=@@SQL_NOTES, SQL_NOTES=0 */;

--
-- Current Database: `control_contas`
--

CREATE DATABASE /*!32312 IF NOT EXISTS*/ `control_contas` /*!40100 DEFAULT CHARACTER SET latin1 */;

USE `control_contas`;

--
-- Table structure for table `arquivocoletado`
--

DROP TABLE IF EXISTS `arquivocoletado`;
/*!40101 SET @saved_cs_client     = @@character_set_client */;
/*!40101 SET character_set_client = utf8 */;
CREATE TABLE `arquivocoletado` (
  `ArquivoColetadoId` int(11) NOT NULL AUTO_INCREMENT,
  `FkFornecedorClienteId` int(11) NOT NULL,
  `Status` int(11) NOT NULL COMMENT 'Status do Arquivo\\n1 - Nao Processado\\n2 - Processado com Sucesso\\n3 - Processado com erro',
  `CaminhoArquivo` varchar(255) COLLATE utf8mb4_unicode_ci NOT NULL,
  `DtInclusao` datetime NOT NULL,
  `DtAlteracao` datetime DEFAULT NULL,
  `NrMesReferencia` datetime DEFAULT NULL,
  PRIMARY KEY (`ArquivoColetadoId`),
  KEY `FK_FORNECEDOR_CLIENTE_ID_idx` (`FkFornecedorClienteId`),
  CONSTRAINT `FkFornecedorCliente` FOREIGN KEY (`FkFornecedorClienteId`) REFERENCES `fornecedorcliente` (`FornecedorClienteId`) ON DELETE NO ACTION ON UPDATE NO ACTION
) ENGINE=InnoDB AUTO_INCREMENT=129 DEFAULT CHARSET=utf8mb4 COLLATE=utf8mb4_unicode_ci;
/*!40101 SET character_set_client = @saved_cs_client */;

--
-- Dumping data for table `arquivocoletado`
--

LOCK TABLES `arquivocoletado` WRITE;
/*!40000 ALTER TABLE `arquivocoletado` DISABLE KEYS */;
INSERT INTO `arquivocoletado` VALUES (83,9,1,'C:\\CRM - Gen\\A processar - Geral\\A processar - Genesys\\DLOG.XLSX','2018-11-22 18:25:42',NULL,'2018-11-22 18:25:42'),(84,1,3,'https://s3.amazonaws.com/controlstorage/faturas/0/15/gas/fenosa sp/c60d6e54-71d8-40b6-ac6f-f9cbb283139f.pdf','2018-11-22 18:26:19',NULL,'2018-11-22 18:26:19'),(85,1,1,'https://s3.amazonaws.com/controlstorage/faturas/0/15/gas/fenosa sp/5ec3010e-8949-42bd-b1ed-51d0c3a4e283.pdf','2018-11-22 18:32:56',NULL,'2018-11-22 18:32:56'),(86,1,1,'https://s3.amazonaws.com/controlstorage/faturas/0/15/gas/fenosa sp/0570a5ee-7b98-450b-90e8-c367b89af628.pdf','2018-11-22 18:33:35',NULL,'2018-11-22 18:33:35'),(87,1,1,'https://s3.amazonaws.com/controlstorage/faturas/0/15/gas/fenosa sp/54bf9222-4c66-4b45-af70-4c88909c0e20.pdf','2018-11-22 18:34:40',NULL,'2018-11-22 18:34:40'),(88,1,1,'https://s3.amazonaws.com/controlstorage/faturas/0/15/gas/fenosa sp/d298ba03-d8f3-423a-bcbe-ffc35098788e.pdf','2018-11-22 18:36:07',NULL,'2018-11-22 18:36:07'),(89,1,1,'https://s3.amazonaws.com/controlstorage/faturas/0/15/gas/fenosa sp/1c04de3d-00d4-4810-b979-65afca08830d.pdf','2018-11-22 18:36:35',NULL,'2018-11-22 18:36:35'),(90,1,1,'https://s3.amazonaws.com/controlstorage/faturas/0/15/gas/fenosa sp/26046d0e-83cd-428e-aae6-e288240a0e26.pdf','2018-11-22 18:43:56',NULL,'2018-11-22 18:43:56'),(96,1,1,'https://s3.amazonaws.com/controlstorage/faturas/0/15/gas/fenosa sp/35a02963-5e01-4199-9d66-0ef01d704e7b.pdf','2018-11-22 18:53:58',NULL,'2018-11-22 18:53:58'),(97,1,1,'https://s3.amazonaws.com/controlstorage/faturas/0/15/gas/fenosa sp/a382f8ac-c706-428f-ac36-114fad6f3cfe.pdf','2018-11-22 18:54:43',NULL,'2018-11-22 18:54:43'),(98,1,1,'https://s3.amazonaws.com/controlstorage/faturas/0/15/gas/fenosa sp/3490f5fe-3d08-4f8d-b7c4-094266de0b3d.pdf','2018-11-22 19:04:41',NULL,'2018-11-22 19:04:41'),(99,1,1,'https://s3.amazonaws.com/controlstorage/faturas/0/15/gas/fenosa sp/33abcdd3-74c6-4c27-b114-f8a23059f9d0.pdf','2018-11-22 19:14:31',NULL,'2018-11-22 19:14:31'),(100,1,1,'https://s3.amazonaws.com/controlstorage/faturas/0/15/gas/fenosa sp/7421e79e-a67e-451a-9380-1da8cf7ae2b6.pdf','2018-11-22 19:15:05',NULL,'2018-11-22 19:15:05'),(101,1,1,'https://s3.amazonaws.com/controlstorage/faturas/0/15/gas/fenosa sp/601e1b90-1613-4cdc-9060-6a2abafa2740.pdf','2018-11-22 19:17:13',NULL,'2018-11-22 19:17:13'),(102,1,1,'https://s3.amazonaws.com/controlstorage/faturas/0/15/gas/fenosa sp/7822c14d-a22e-4647-bed0-6c4ce95bc834.pdf','2018-11-22 19:17:38',NULL,'2018-11-22 19:17:38'),(103,1,1,'https://s3.amazonaws.com/controlstorage/faturas/0/15/gas/fenosa sp/b5a9d65a-dd25-49b2-b58c-fd0486dad267.pdf','2018-11-22 19:23:11',NULL,'2018-11-22 19:23:11'),(104,1,1,'https://s3.amazonaws.com/controlstorage/faturas/0/15/gas/fenosa sp/70e4d61e-cc9b-44d7-908f-089e9fd65df8.pdf','2018-11-22 19:23:48',NULL,'2018-11-22 19:23:48'),(105,1,1,'https://s3.amazonaws.com/controlstorage/faturas/0/15/gas/fenosa sp/10ff9e85-5e80-4214-95be-4e9dd1e13eb8.pdf','2018-11-22 19:26:45',NULL,'2018-11-22 19:26:45'),(106,1,1,'https://s3.amazonaws.com/controlstorage/faturas/0/15/gas/fenosa sp/2063ada4-ded3-4a58-8021-f60642a44541.pdf','2018-11-22 19:32:12',NULL,'2018-11-22 19:32:12'),(107,1,1,'https://s3.amazonaws.com/controlstorage/faturas/0/15/gas/fenosa sp/107dca61-dfaa-453e-87bf-aa6ff754a0db.pdf','2018-11-22 19:32:39',NULL,'2018-11-22 19:32:39'),(108,1,1,'https://s3.amazonaws.com/controlstorage/faturas/0/15/gas/fenosa sp/2e8ab936-0a1d-4e12-90c6-dfc3d0fbf8e2.pdf','2018-11-22 19:32:40',NULL,'2018-11-22 19:32:40'),(109,1,1,'https://s3.amazonaws.com/controlstorage/faturas/0/15/gas/fenosa sp/2be3d577-a3f1-4748-8711-ef4fc1c2bd86.pdf','2018-11-22 19:34:42',NULL,'2018-11-22 19:34:42'),(110,1,1,'https://s3.amazonaws.com/controlstorage/faturas/0/15/gas/fenosa sp/caf3aa7a-409c-4c5e-a3db-edc1d6a3ab99.pdf','2018-11-22 19:34:58',NULL,'2018-11-22 19:34:58'),(111,3,1,'https://s3.amazonaws.com/controlstorage/faturas/0/18/gas/gasbrasiliano/gasbrasiliano.pdf','2018-11-23 13:13:51',NULL,'2018-11-23 13:13:51'),(112,5,1,'http://31.220.56.153/controlstorage/faturas/0/19/energia/celesc/29c15168-2956-46bc-b18b-450da4b52c18.pdf','2018-11-23 18:51:34',NULL,'2018-11-10 00:00:00'),(113,1,1,'https://s3.amazonaws.com/controlstorage/faturas/0/15/gas/fenosa sp/0f15edcc-675d-4136-9850-cc30be7a0f9f.pdf','2018-11-26 11:20:13',NULL,'2018-11-26 11:20:13'),(114,1,1,'https://s3.amazonaws.com/controlstorage/faturas/0/15/gas/fenosa sp/031b9bd5-f00b-45ad-8693-798c193c25a8.pdf','2018-11-26 11:26:19',NULL,'2018-11-26 11:26:19'),(115,1,1,'https://s3.amazonaws.com/controlstorage/faturas/0/15/gas/fenosa sp/30b2b885-deb9-4983-83f8-177ac533ec37.pdf','2018-11-26 11:28:48',NULL,'2018-11-26 11:28:48'),(116,1,1,'https://s3.amazonaws.com/controlstorage/faturas/0/15/gas/fenosa sp/772596f2-4bd6-4644-9761-797d70cd55f5.pdf','2018-11-26 11:29:42',NULL,'2018-11-26 11:29:42'),(117,2,1,'http://31.220.56.153/controlstorage/faturas/0/17/energia/celesc/c4e32bfc-4ec5-4213-9319-981b88ab9733.zip','2018-11-27 17:26:32',NULL,'0001-01-01 00:00:00'),(118,7,1,'http://31.220.56.153/controlstorage/faturas/0/21/gas/copergas/95c3ceed-7ccc-4dbf-a8e8-42501bb57cd8.pdf','2018-11-28 14:01:31',NULL,'0001-01-01 00:00:00'),(126,8,1,'http://31.220.56.153/controlstorage/faturas/0/22/gas/cigas/e1c7bd38-8197-4d9e-9187-24a54ceb7753.pdf','2018-11-28 18:40:20',NULL,'0001-01-01 00:00:00'),(127,10,1,'http://31.220.56.153/controlstorage/faturas/0/23/energia/cpflempresas/d1ad3480-fc6b-4c68-9d13-f5ddbb38dbaa.pdf','2019-01-25 13:58:27',NULL,'2019-01-01 00:00:00'),(128,2,1,'http://31.220.56.153/controlstorage/faturas/f0d1316f-4592-4df1-869d-202d625e3e94.pdf','2019-01-30 17:59:44',NULL,'2019-01-01 00:00:00');
/*!40000 ALTER TABLE `arquivocoletado` ENABLE KEYS */;
UNLOCK TABLES;

--
-- Table structure for table `categoria`
--

DROP TABLE IF EXISTS `categoria`;
/*!40101 SET @saved_cs_client     = @@character_set_client */;
/*!40101 SET character_set_client = utf8 */;
CREATE TABLE `categoria` (
  `CategoriaId` int(11) NOT NULL AUTO_INCREMENT,
  `CategoriaNome` varchar(100) NOT NULL,
  PRIMARY KEY (`CategoriaId`),
  KEY `NOME_CATEGORIA` (`CategoriaNome`)
) ENGINE=InnoDB AUTO_INCREMENT=61 DEFAULT CHARSET=latin1;
/*!40101 SET character_set_client = @saved_cs_client */;

--
-- Dumping data for table `categoria`
--

LOCK TABLES `categoria` WRITE;
/*!40000 ALTER TABLE `categoria` DISABLE KEYS */;
INSERT INTO `categoria` VALUES (18,'0800 - ASSINATURA'),(29,'ADICIONAL CHAMADAS'),(3,'ADSL'),(9,'ASSINATURA PLANO ILIMITADO'),(6,'ASSINATURA PLANO VOZ'),(37,'BLOQUEIO'),(36,'BLOQUEIO A COBRAR'),(17,'BLOQUEIO CELULAR'),(8,'BLOQUEIO DDD'),(35,'BLOQUEIO DDD/DDI/CEL'),(26,'CAIXA POSTAL'),(1,'CHAMADA 0300'),(2,'CHAMADAS LDI'),(31,'COBRANÇA DE 3º'),(52,'COMPROMETIMENTO MINIMO'),(53,'CONSUMO DA FRANQUIA R$'),(51,'CONSUMO DADOS'),(54,'CONSUMO FRANQ LDN'),(48,'CONSUMO MMS'),(59,'CONTESTAÇÃO'),(56,'CREDITO ADSL'),(58,'CRÉDITOS'),(34,'CRÉDITOS E DÉBITOS'),(57,'CRÉDITOS POR INTERRUPÇÃO'),(16,'DDR PILOTO'),(47,'DESLOCAMENTO'),(40,'FRAÇÃO LOCAL FIXO'),(14,'FRANQUIA DE MINUTOS LDN'),(5,'FRANQUIA DE MINUTOS LOCAL'),(32,'GESTAO ON LINE'),(22,'GPON'),(55,'INTERATIVIDADE'),(39,'INTERNET DISCADA'),(44,'INTERURBANO 0300'),(42,'INTERURBANO FIXO'),(24,'INTERURBANO FIXO ACB'),(43,'INTERURBANO MOVEL'),(12,'JUROS'),(41,'LDI FIXO'),(25,'LINK FULL'),(20,'LOCAL A COBRAR'),(19,'LOCAL EXCEDENTE'),(23,'LOCAL FIXO'),(46,'LOCAL FIXO MÉDIA'),(21,'LOCAL INCLUSO'),(45,'LOCAL MOVEL'),(28,'MPLS'),(11,'MULTA'),(4,'MULTA POR ATRASO'),(33,'OUTROS'),(38,'PARCELAMENTO DE APARELHOS'),(13,'PCTE IND DADOS'),(60,'PCTE IND DADOS ROAMING INTERNACIONAL'),(50,'PCTE IND ROAMING INTERNACIONAL'),(15,'PROVEDOR'),(30,'ROTEADOR'),(7,'SERVIÇO SOBRE VOZ'),(10,'TAXA'),(49,'TERMINAL INATIVO'),(27,'VPN');
/*!40000 ALTER TABLE `categoria` ENABLE KEYS */;
UNLOCK TABLES;

--
-- Table structure for table `centrocusto`
--

DROP TABLE IF EXISTS `centrocusto`;
/*!40101 SET @saved_cs_client     = @@character_set_client */;
/*!40101 SET character_set_client = utf8 */;
CREATE TABLE `centrocusto` (
  `CentroCustoId` int(11) NOT NULL AUTO_INCREMENT,
  `CentroCustoNome` varchar(70) NOT NULL,
  PRIMARY KEY (`CentroCustoId`)
) ENGINE=MyISAM DEFAULT CHARSET=latin1;
/*!40101 SET character_set_client = @saved_cs_client */;

--
-- Dumping data for table `centrocusto`
--

LOCK TABLES `centrocusto` WRITE;
/*!40000 ALTER TABLE `centrocusto` DISABLE KEYS */;
/*!40000 ALTER TABLE `centrocusto` ENABLE KEYS */;
UNLOCK TABLES;

--
-- Table structure for table `classe`
--

DROP TABLE IF EXISTS `classe`;
/*!40101 SET @saved_cs_client     = @@character_set_client */;
/*!40101 SET character_set_client = utf8 */;
CREATE TABLE `classe` (
  `ClasseId` int(11) NOT NULL AUTO_INCREMENT,
  `ClasseNome` varchar(70) NOT NULL,
  PRIMARY KEY (`ClasseId`),
  KEY `NOME_CLASSE` (`ClasseNome`)
) ENGINE=InnoDB AUTO_INCREMENT=16 DEFAULT CHARSET=latin1;
/*!40101 SET character_set_client = @saved_cs_client */;

--
-- Dumping data for table `classe`
--

LOCK TABLES `classe` WRITE;
/*!40000 ALTER TABLE `classe` DISABLE KEYS */;
INSERT INTO `classe` VALUES (5,'0800 - SERVICO'),(6,'ACESSO ANALÓGICO'),(4,'ACESSO DIGITAL'),(8,'ACESSO MOVEL'),(15,'ADSL'),(9,'ASSINATURA'),(7,'CAIXA POSTAL'),(11,'CSP CLARO'),(14,'CSP OI'),(12,'CSP TIM'),(13,'CSP VIVO'),(1,'INTERNACIONAL'),(10,'MOVEL'),(3,'PCTE IND'),(2,'REDE DE DADOS');
/*!40000 ALTER TABLE `classe` ENABLE KEYS */;
UNLOCK TABLES;

--
-- Table structure for table `classesubgrupo`
--

DROP TABLE IF EXISTS `classesubgrupo`;
/*!40101 SET @saved_cs_client     = @@character_set_client */;
/*!40101 SET character_set_client = utf8 */;
CREATE TABLE `classesubgrupo` (
  `ClasseSubgrupoId` int(11) NOT NULL AUTO_INCREMENT,
  `FkClasseSubgrupoClasseId` int(11) NOT NULL,
  `FkClasseSubgrupoSubGrupoId` int(11) NOT NULL,
  PRIMARY KEY (`ClasseSubgrupoId`),
  KEY `FkClasseSubgrupoClasseId_idx` (`FkClasseSubgrupoClasseId`),
  KEY `FkClasseSubgrupoSubGrupoId_idx` (`FkClasseSubgrupoSubGrupoId`)
) ENGINE=MyISAM AUTO_INCREMENT=15 DEFAULT CHARSET=latin1;
/*!40101 SET character_set_client = @saved_cs_client */;

--
-- Dumping data for table `classesubgrupo`
--

LOCK TABLES `classesubgrupo` WRITE;
/*!40000 ALTER TABLE `classesubgrupo` DISABLE KEYS */;
INSERT INTO `classesubgrupo` VALUES (1,2,3),(2,3,11),(3,4,13),(4,5,14),(5,6,7),(6,7,15),(7,8,7),(8,9,6),(9,10,6),(10,11,16),(11,12,16),(12,13,16),(13,14,16),(14,15,35);
/*!40000 ALTER TABLE `classesubgrupo` ENABLE KEYS */;
UNLOCK TABLES;

--
-- Table structure for table `cliente`
--

DROP TABLE IF EXISTS `cliente`;
/*!40101 SET @saved_cs_client     = @@character_set_client */;
/*!40101 SET character_set_client = utf8 */;
CREATE TABLE `cliente` (
  `ClienteId` int(11) NOT NULL AUTO_INCREMENT,
  `ClienteNome` varchar(150) NOT NULL COMMENT 'Nome do cliente',
  `ClienteRazaoSocial` varchar(150) NOT NULL,
  `ClientePaiId` int(11) DEFAULT NULL COMMENT 'Relacionar empresa filiais/matriz',
  `TipoPessoa` int(11) NOT NULL,
  `ClienteCnpj` varchar(20) NOT NULL,
  `ClienteCep` varchar(9) DEFAULT NULL,
  `ClienteLogradouro` varchar(70) DEFAULT NULL,
  `ClienteComplemento` varchar(70) DEFAULT NULL,
  `ClienteBairro` varchar(50) DEFAULT NULL,
  `ClienteCidade` varchar(50) DEFAULT NULL,
  `ClienteUF` varchar(2) DEFAULT NULL,
  `ClienteNumero` varchar(10) DEFAULT NULL,
  `ClienteLogo` varchar(100) DEFAULT NULL,
  `FkParceiroId` int(11) DEFAULT NULL,
  `ClienteCodigoERP` int(11) DEFAULT NULL,
  `ClienteCodigo` varchar(45) DEFAULT NULL,
  PRIMARY KEY (`ClienteId`),
  KEY `FK_CLIENTE_PAI_idx` (`ClientePaiId`),
  KEY `FK_PARCEIRO_CLIENTE_idx` (`FkParceiroId`),
  CONSTRAINT `FK_CLIENTE_PAI` FOREIGN KEY (`ClientePaiId`) REFERENCES `cliente` (`ClienteId`)
) ENGINE=InnoDB AUTO_INCREMENT=24 DEFAULT CHARSET=latin1;
/*!40101 SET character_set_client = @saved_cs_client */;

--
-- Dumping data for table `cliente`
--

LOCK TABLES `cliente` WRITE;
/*!40000 ALTER TABLE `cliente` DISABLE KEYS */;
INSERT INTO `cliente` VALUES (1,'Vivo Manager - De Nigris','De Nigris',NULL,1,'07526557004601','88034001','Rodovia Admar Gonzaga','','Itacorubi','Florianópolis','SC','','',NULL,NULL,NULL),(15,'AMBEV MATRIZ A','AMBEV',NULL,2,'07526557004601','88034101','Rodovia Amaro Antônio Vieira','','Itacorubi','Florianópolis','SC','','ambev.png',1,NULL,NULL),(16,'AMBEV SP','AMBEV SP',NULL,2,'07526557004601','88034101','Rodovia Amaro Antônio Vieira','','Itacorubi','Florianópolis','SC','','',NULL,NULL,NULL),(17,'GUSTAVO','GUSTAVO',NULL,2,'07526557004601','88025100',NULL,NULL,NULL,NULL,NULL,NULL,NULL,NULL,NULL,NULL),(18,'CERVEJARIA COLORADO - RIBEIRAO PRETO/SP','BEERTECH BEBIDAS E COMESTIVEIS LTDA',NULL,2,'07526557004601','88025100','Rua Allan Kardec',NULL,'Agronômica','Florianópolis','SC','1855',NULL,NULL,NULL,NULL),(19,'Felipe Bittencourt','Felipe Bittencourt',19,1,'07526557004601','96011710','Rua X',NULL,NULL,NULL,NULL,NULL,NULL,NULL,NULL,NULL),(20,'VOTORANTIM','VOTORANTIM',NULL,2,'07526557004601','88034101','Rodovia Amaro Antônio Vieira','','Itacorubi','Florianópolis','SC','','votorantim.png',NULL,NULL,NULL),(21,'AMBEV - Itapissuma/PE','AMBEV S.A.',15,2,'07526557004601','53700000','RODOVIA BR 101 NORTE',NULL,'BOTAFOGO','Itapissuma','PE','KM 34',NULL,NULL,NULL,NULL),(22,'AMBEV - Manaus - Arosuco','AROSUCO AROMAS E SUCOS LTDA',15,2,'07526557004601','69050-002','AVENIDA CONSTANTINO NERY',NULL,'Flores','Manaus','AM','2575',NULL,NULL,NULL,NULL),(23,'FEMSA','FEMSA SA',NULL,2,'07526557004601','12345-123','Rua Y',NULL,NULL,NULL,NULL,NULL,NULL,NULL,NULL,NULL);
/*!40000 ALTER TABLE `cliente` ENABLE KEYS */;
UNLOCK TABLES;

--
-- Table structure for table `configuracao`
--

DROP TABLE IF EXISTS `configuracao`;
/*!40101 SET @saved_cs_client     = @@character_set_client */;
/*!40101 SET character_set_client = utf8 */;
CREATE TABLE `configuracao` (
  `ConfiguracaoId` int(11) NOT NULL,
  `CaminhoDestino` varchar(500) COLLATE utf8mb4_unicode_ci NOT NULL,
  `PeriodicidadeExecucao` int(11) NOT NULL,
  `VisibilidadeExecucao` tinyint(4) NOT NULL,
  PRIMARY KEY (`ConfiguracaoId`)
) ENGINE=InnoDB DEFAULT CHARSET=utf8mb4 COLLATE=utf8mb4_unicode_ci;
/*!40101 SET character_set_client = @saved_cs_client */;

--
-- Dumping data for table `configuracao`
--

LOCK TABLES `configuracao` WRITE;
/*!40000 ALTER TABLE `configuracao` DISABLE KEYS */;
INSERT INTO `configuracao` VALUES (1,'G:\\Geral\\zircos-161\\Admin\\Horizontal-Material',12,1);
/*!40000 ALTER TABLE `configuracao` ENABLE KEYS */;
UNLOCK TABLES;

--
-- Table structure for table `conta`
--

DROP TABLE IF EXISTS `conta`;
/*!40101 SET @saved_cs_client     = @@character_set_client */;
/*!40101 SET character_set_client = utf8 */;
CREATE TABLE `conta` (
  `ContaId` int(11) NOT NULL AUTO_INCREMENT,
  `DataEmissao` datetime DEFAULT NULL,
  `DataVencimento` datetime DEFAULT NULL,
  `Valor` decimal(10,2) NOT NULL,
  `NrFatura` varchar(30) COLLATE utf8mb4_unicode_ci DEFAULT NULL,
  `DataLeitura` datetime DEFAULT NULL,
  `DataConsumoDe` datetime DEFAULT NULL,
  `DataConsumoAte` datetime DEFAULT NULL,
  `CodigoBarras` varchar(60) COLLATE utf8mb4_unicode_ci DEFAULT NULL,
  `ValorSemImpostos` decimal(10,2) DEFAULT NULL,
  `ValorOutrosAcrescimos` decimal(10,2) DEFAULT NULL,
  `ValorDescontos` decimal(10,2) DEFAULT NULL,
  `ValorOutrasDeducoes` decimal(10,2) DEFAULT NULL,
  `ValorMultasJuros` decimal(10,2) DEFAULT NULL,
  `Aliquota` decimal(5,2) DEFAULT NULL,
  `FkContaContratoId` int(11) DEFAULT NULL,
  `DataReferencia` int(11) NOT NULL DEFAULT '1',
  `FkContaArquivoColetadoId` int(11) NOT NULL,
  PRIMARY KEY (`ContaId`),
  KEY `FkContaContratoId_idx` (`FkContaContratoId`),
  KEY `FlContaArquivoColetadoId_idx` (`FkContaArquivoColetadoId`),
  CONSTRAINT `FkContaContratoId` FOREIGN KEY (`FkContaContratoId`) REFERENCES `contrato` (`ContratoId`) ON DELETE NO ACTION ON UPDATE NO ACTION,
  CONSTRAINT `FlContaArquivoColetadoId` FOREIGN KEY (`FkContaArquivoColetadoId`) REFERENCES `arquivocoletado` (`ArquivoColetadoId`) ON DELETE NO ACTION ON UPDATE NO ACTION
) ENGINE=InnoDB AUTO_INCREMENT=177 DEFAULT CHARSET=utf8mb4 COLLATE=utf8mb4_unicode_ci;
/*!40101 SET character_set_client = @saved_cs_client */;

--
-- Dumping data for table `conta`
--

LOCK TABLES `conta` WRITE;
/*!40000 ALTER TABLE `conta` DISABLE KEYS */;
INSERT INTO `conta` VALUES (99,'2018-05-01 00:00:00','2018-05-15 00:00:00',270.61,'06100849580',NULL,NULL,NULL,NULL,0.00,0.00,0.00,0.00,0.00,0.00,5,201805,83),(100,NULL,'2017-09-14 00:00:00',458.59,'1709000051710',NULL,NULL,NULL,NULL,0.00,0.00,0.00,0.00,0.00,0.00,6,201709,83),(101,'2017-08-03 00:00:00','2017-08-21 00:00:00',165.07,'226749170',NULL,NULL,NULL,NULL,0.00,0.00,0.00,0.00,0.00,0.00,7,201708,83),(102,'2016-12-12 00:00:00','2016-12-12 00:00:00',3853.88,'30291',NULL,NULL,NULL,NULL,0.00,0.00,0.00,0.00,0.00,0.00,8,201612,83),(103,NULL,'2018-10-25 00:00:00',21875.15,'3215365',NULL,NULL,NULL,NULL,0.00,0.00,0.00,0.00,0.00,0.00,9,201810,83),(104,NULL,'2018-10-15 00:00:00',1747.93,'3534756120',NULL,NULL,NULL,NULL,0.00,0.00,0.00,0.00,0.00,0.00,10,201810,83),(105,NULL,NULL,0.00,'7000089033',NULL,NULL,NULL,NULL,0.00,0.00,0.00,0.00,0.00,0.00,11,201711,83),(106,NULL,NULL,0.00,'7000106752',NULL,NULL,NULL,NULL,0.00,0.00,0.00,0.00,0.00,0.00,12,201711,83),(107,NULL,NULL,0.00,'7000396840',NULL,NULL,NULL,NULL,0.00,0.00,0.00,0.00,0.00,0.00,13,201711,83),(108,NULL,NULL,0.00,'7000567431',NULL,NULL,NULL,NULL,0.00,0.00,0.00,0.00,0.00,0.00,14,201711,83),(109,NULL,NULL,0.00,'7001407543',NULL,NULL,NULL,NULL,0.00,0.00,0.00,0.00,0.00,0.00,15,201711,83),(110,NULL,NULL,0.00,'7001496775',NULL,NULL,NULL,NULL,0.00,0.00,0.00,0.00,0.00,0.00,16,201711,83),(111,NULL,NULL,0.00,'7001627268',NULL,NULL,NULL,NULL,0.00,0.00,0.00,0.00,0.00,0.00,17,201711,83),(112,NULL,NULL,0.00,'7001711099',NULL,NULL,NULL,NULL,0.00,0.00,0.00,0.00,0.00,0.00,18,201711,83),(113,NULL,NULL,0.00,'7001734730',NULL,NULL,NULL,NULL,0.00,0.00,0.00,0.00,0.00,0.00,19,201711,83),(114,NULL,NULL,0.00,'7001958116',NULL,NULL,NULL,NULL,0.00,0.00,0.00,0.00,0.00,0.00,20,201711,83),(115,NULL,NULL,0.00,'7001974626',NULL,NULL,NULL,NULL,0.00,0.00,0.00,0.00,0.00,0.00,21,201711,83),(116,NULL,NULL,0.00,'7002056620',NULL,NULL,NULL,NULL,0.00,0.00,0.00,0.00,0.00,0.00,22,201711,83),(117,NULL,NULL,0.00,'7002136780',NULL,NULL,NULL,NULL,0.00,0.00,0.00,0.00,0.00,0.00,23,201711,83),(118,NULL,NULL,0.00,'7002210972',NULL,NULL,NULL,NULL,0.00,0.00,0.00,0.00,0.00,0.00,24,201711,83),(119,NULL,NULL,0.00,'7002460898',NULL,NULL,NULL,NULL,0.00,0.00,0.00,0.00,0.00,0.00,25,201711,83),(120,NULL,NULL,0.00,'7002684370',NULL,NULL,NULL,NULL,0.00,0.00,0.00,0.00,0.00,0.00,26,201711,83),(121,NULL,NULL,0.00,'7003140714',NULL,NULL,NULL,NULL,0.00,0.00,0.00,0.00,0.00,0.00,27,201711,83),(122,NULL,NULL,0.00,'7003141311',NULL,NULL,NULL,NULL,0.00,0.00,0.00,0.00,0.00,0.00,28,201711,83),(123,NULL,NULL,0.00,'7003142580',NULL,NULL,NULL,NULL,0.00,0.00,0.00,0.00,0.00,0.00,29,201711,83),(124,NULL,NULL,0.00,'7004076378',NULL,NULL,NULL,NULL,0.00,0.00,0.00,0.00,0.00,0.00,30,201711,83),(125,NULL,NULL,0.00,'7004293875',NULL,NULL,NULL,NULL,0.00,0.00,0.00,0.00,0.00,0.00,31,201711,83),(126,NULL,NULL,0.00,'7004447899',NULL,NULL,NULL,NULL,0.00,0.00,0.00,0.00,0.00,0.00,32,201711,83),(127,NULL,NULL,0.00,'7005214480',NULL,NULL,NULL,NULL,0.00,0.00,0.00,0.00,0.00,0.00,33,201711,83),(128,NULL,NULL,0.00,'7005234740',NULL,NULL,NULL,NULL,0.00,0.00,0.00,0.00,0.00,0.00,34,201711,83),(129,NULL,NULL,0.00,'7005268939',NULL,NULL,NULL,NULL,0.00,0.00,0.00,0.00,0.00,0.00,35,201711,83),(130,NULL,NULL,0.00,'7005313110',NULL,NULL,NULL,NULL,0.00,0.00,0.00,0.00,0.00,0.00,36,201711,83),(131,NULL,NULL,0.00,'7005414587',NULL,NULL,NULL,NULL,0.00,0.00,0.00,0.00,0.00,0.00,37,201711,83),(132,NULL,NULL,0.00,'7005520603',NULL,NULL,NULL,NULL,0.00,0.00,0.00,0.00,0.00,0.00,38,201711,83),(133,NULL,NULL,0.00,'7005587627',NULL,NULL,NULL,NULL,0.00,0.00,0.00,0.00,0.00,0.00,39,201711,83),(134,NULL,NULL,0.00,'7007005625',NULL,NULL,NULL,NULL,0.00,0.00,0.00,0.00,0.00,0.00,40,201711,83),(135,NULL,NULL,0.00,'7007102450',NULL,NULL,NULL,NULL,0.00,0.00,0.00,0.00,0.00,0.00,41,201711,83),(136,NULL,NULL,0.00,'7007127658',NULL,NULL,NULL,NULL,0.00,0.00,0.00,0.00,0.00,0.00,42,201711,83),(137,NULL,NULL,0.00,'7007130705',NULL,NULL,NULL,NULL,0.00,0.00,0.00,0.00,0.00,0.00,43,201711,83),(138,NULL,NULL,0.00,'7007139605',NULL,NULL,NULL,NULL,0.00,0.00,0.00,0.00,0.00,0.00,44,201711,83),(139,NULL,NULL,0.00,'7007332839',NULL,NULL,NULL,NULL,0.00,0.00,0.00,0.00,0.00,0.00,45,201711,83),(140,NULL,NULL,0.00,'7007793941',NULL,NULL,NULL,NULL,0.00,0.00,0.00,0.00,0.00,0.00,46,201711,83),(141,NULL,NULL,0.00,'7007889990',NULL,NULL,NULL,NULL,0.00,0.00,0.00,0.00,0.00,0.00,47,201711,83),(142,NULL,NULL,0.00,'7008019000',NULL,NULL,NULL,NULL,0.00,0.00,0.00,0.00,0.00,0.00,48,201711,83),(143,NULL,NULL,0.00,'7008053992',NULL,NULL,NULL,NULL,0.00,0.00,0.00,0.00,0.00,0.00,49,201711,83),(144,NULL,NULL,0.00,'7008123664',NULL,NULL,NULL,NULL,0.00,0.00,0.00,0.00,0.00,0.00,50,201711,83),(145,NULL,NULL,0.00,'7008280263',NULL,NULL,NULL,NULL,0.00,0.00,0.00,0.00,0.00,0.00,51,201711,83),(146,NULL,NULL,0.00,'7008300353',NULL,NULL,NULL,NULL,0.00,0.00,0.00,0.00,0.00,0.00,52,201711,83),(147,NULL,NULL,0.00,'7008358513',NULL,NULL,NULL,NULL,0.00,0.00,0.00,0.00,0.00,0.00,53,201711,83),(148,NULL,NULL,0.00,'7008508957',NULL,NULL,NULL,NULL,0.00,0.00,0.00,0.00,0.00,0.00,54,201711,83),(149,NULL,NULL,0.00,'7008680288',NULL,NULL,NULL,NULL,0.00,0.00,0.00,0.00,0.00,0.00,55,201711,83),(150,NULL,NULL,0.00,'7008814640',NULL,NULL,NULL,NULL,0.00,0.00,0.00,0.00,0.00,0.00,56,201711,83),(151,NULL,NULL,0.00,'7009026255',NULL,NULL,NULL,NULL,0.00,0.00,0.00,0.00,0.00,0.00,57,201711,83),(152,NULL,NULL,0.00,'7009069264',NULL,NULL,NULL,NULL,0.00,0.00,0.00,0.00,0.00,0.00,58,201711,83),(153,NULL,NULL,0.00,'7009075426',NULL,NULL,NULL,NULL,0.00,0.00,0.00,0.00,0.00,0.00,59,201711,83),(154,NULL,NULL,0.00,'7009856274',NULL,NULL,NULL,NULL,0.00,0.00,0.00,0.00,0.00,0.00,60,201711,83),(155,NULL,NULL,0.00,'7010012130',NULL,NULL,NULL,NULL,0.00,0.00,0.00,0.00,0.00,0.00,61,201711,83),(156,NULL,NULL,0.00,'7100300763',NULL,NULL,NULL,NULL,0.00,0.00,0.00,0.00,0.00,0.00,62,201711,83),(157,NULL,NULL,0.00,'7101436200',NULL,NULL,NULL,NULL,0.00,0.00,0.00,0.00,0.00,0.00,63,201711,83),(158,NULL,NULL,0.00,'7101986588',NULL,NULL,NULL,NULL,0.00,0.00,0.00,0.00,0.00,0.00,64,201711,83),(159,NULL,NULL,0.00,'7102931442',NULL,NULL,NULL,NULL,0.00,0.00,0.00,0.00,0.00,0.00,65,201711,83),(160,NULL,NULL,0.00,'7103366641',NULL,NULL,NULL,NULL,0.00,0.00,0.00,0.00,0.00,0.00,66,201711,83),(161,NULL,NULL,0.00,'7103854239',NULL,NULL,NULL,NULL,0.00,0.00,0.00,0.00,0.00,0.00,67,201711,83),(162,NULL,NULL,0.00,'7103973211',NULL,NULL,NULL,NULL,0.00,0.00,0.00,0.00,0.00,0.00,68,201711,83),(163,NULL,NULL,0.00,'7104003968',NULL,NULL,NULL,NULL,0.00,0.00,0.00,0.00,0.00,0.00,69,201711,83),(164,NULL,NULL,0.00,'7107090993',NULL,NULL,NULL,NULL,0.00,0.00,0.00,0.00,0.00,0.00,70,201711,83),(165,NULL,NULL,0.00,'7107598032',NULL,NULL,NULL,NULL,0.00,0.00,0.00,0.00,0.00,0.00,71,201711,83),(166,NULL,NULL,0.00,'7107987020',NULL,NULL,NULL,NULL,0.00,0.00,0.00,0.00,0.00,0.00,72,201711,83),(167,NULL,NULL,0.00,'7109183808',NULL,NULL,NULL,NULL,0.00,0.00,0.00,0.00,0.00,0.00,73,201711,83),(168,NULL,NULL,0.00,'7111590849',NULL,NULL,NULL,NULL,0.00,0.00,0.00,0.00,0.00,0.00,74,201711,83),(169,NULL,NULL,0.00,'7111696825',NULL,NULL,NULL,NULL,0.00,0.00,0.00,0.00,0.00,0.00,75,201711,83),(170,NULL,NULL,0.00,'7115136255',NULL,NULL,NULL,NULL,0.00,0.00,0.00,0.00,0.00,0.00,76,201711,83),(171,NULL,NULL,0.00,'7115533840',NULL,NULL,NULL,NULL,0.00,0.00,0.00,0.00,0.00,0.00,77,201711,83),(172,NULL,NULL,0.00,'7115736910',NULL,NULL,NULL,NULL,0.00,0.00,0.00,0.00,0.00,0.00,78,201711,83),(173,NULL,NULL,0.00,'7117135043',NULL,NULL,NULL,NULL,0.00,0.00,0.00,0.00,0.00,0.00,79,201711,83),(174,NULL,NULL,0.00,'7117145472',NULL,NULL,NULL,NULL,0.00,0.00,0.00,0.00,0.00,0.00,80,201711,83),(175,NULL,NULL,0.00,'7117497093',NULL,NULL,NULL,NULL,0.00,0.00,0.00,0.00,0.00,0.00,81,201711,83),(176,NULL,NULL,0.00,'7117579952',NULL,NULL,NULL,NULL,0.00,0.00,0.00,0.00,0.00,0.00,82,201711,83);
/*!40000 ALTER TABLE `conta` ENABLE KEYS */;
UNLOCK TABLES;

--
-- Table structure for table `contatemplate`
--

DROP TABLE IF EXISTS `contatemplate`;
/*!40101 SET @saved_cs_client     = @@character_set_client */;
/*!40101 SET character_set_client = utf8 */;
CREATE TABLE `contatemplate` (
  `ContaTemplateId` int(11) NOT NULL,
  `DataEmissao` varchar(200) COLLATE utf8mb4_unicode_ci DEFAULT NULL,
  `DataVencimento` varchar(200) COLLATE utf8mb4_unicode_ci DEFAULT NULL,
  `Valor` varchar(200) COLLATE utf8mb4_unicode_ci DEFAULT NULL,
  `NrDocumento` varchar(200) COLLATE utf8mb4_unicode_ci DEFAULT NULL,
  `DataLeitura` varchar(200) COLLATE utf8mb4_unicode_ci DEFAULT NULL,
  `DataConsumoDe` varchar(200) COLLATE utf8mb4_unicode_ci DEFAULT NULL,
  `DataConsumoAte` varchar(200) COLLATE utf8mb4_unicode_ci DEFAULT NULL,
  `CodigoBarras` varchar(200) COLLATE utf8mb4_unicode_ci DEFAULT NULL,
  `ValorSemImpostos` varchar(200) COLLATE utf8mb4_unicode_ci DEFAULT NULL,
  `ValorOutrosAcrescimos` varchar(200) COLLATE utf8mb4_unicode_ci DEFAULT NULL,
  `ValorDescontos` varchar(200) COLLATE utf8mb4_unicode_ci DEFAULT NULL,
  `ValorOutrasDeducoes` varchar(200) COLLATE utf8mb4_unicode_ci DEFAULT NULL,
  `ValorMultasJuros` varchar(200) COLLATE utf8mb4_unicode_ci DEFAULT NULL,
  `Aliquota` varchar(200) COLLATE utf8mb4_unicode_ci DEFAULT NULL,
  `FkFornecedorId` int(11) DEFAULT NULL,
  PRIMARY KEY (`ContaTemplateId`),
  KEY `FK_FORNECEDOR_CT_idx` (`FkFornecedorId`),
  CONSTRAINT `FK_FORNECEDOR_CT` FOREIGN KEY (`FkFornecedorId`) REFERENCES `fornecedor` (`FornecedorId`) ON DELETE NO ACTION ON UPDATE NO ACTION
) ENGINE=InnoDB DEFAULT CHARSET=utf8mb4 COLLATE=utf8mb4_unicode_ci;
/*!40101 SET character_set_client = @saved_cs_client */;

--
-- Dumping data for table `contatemplate`
--

LOCK TABLES `contatemplate` WRITE;
/*!40000 ALTER TABLE `contatemplate` DISABLE KEYS */;
INSERT INTO `contatemplate` VALUES (1,'(\\d{2}\\/\\d{2}\\/\\d{4})(?=[\\r\\n]\\d{2}\\/\\d{2}\\/\\d{4})','(\\d{2}\\/\\d{2}\\/\\d{4})(?=[\\r\\n]\\d{12}-\\d{1})','((-?\\d{1,3}\\.)*\\d{1,3},\\d{2})(?=[\\r\\n]\\d{4}\\/\\d{7}[\\r\\n]Reservado\\s*ao)','(\\d{12}-\\d{1})(?=[\\r\\n](-?\\d{1,3}\\.)*(\\d{1,3},\\d{2}))','(\\d{2}\\/\\d{2}\\/\\d{4})(?=\\s*-\\s*PER.CONSUMO)','(\\d{2}\\/\\d{2}\\/\\d{4})(?=\\s*A\\s*(\\d{2}\\/\\d{2}\\/\\d{4}))','(\\d{2}\\/\\d{2}\\/\\d{4})(?=[\\r\\n](-?(\\d{1,3}\\.)*\\d{1,3},\\d{2}))','(\\d{5}\\.\\d{5}\\s+\\d{5}\\.\\d{6}\\s+\\d{5}\\.\\d{6}\\s+\\d{1}\\s+\\d{14})','((-?\\d{1,3}\\.)*\\d{1,3},\\d{2})(?=\\s*((-?\\d{1,3}\\.)*\\d{1,3},\\d{2})\\s*\\d\\s*%\\s*)',NULL,NULL,NULL,NULL,'(\\d{2})(?=\\s*%[\\r\\n]NAO)',4),(2,'(?<=Data\\s*de\\s*Emissão: )(\\d{2}\\/\\d{2}\\/\\d{4})(?=[\\r\\n]Data\\s*de\\s*)','(?<=Vencimento[\\r\\n])(\\d{2}\\/\\d{2}\\/\\d{4})','(?<=Total\\sa\\spagar[\\r\\n]\\s*R\\$\\s*)((\\d{1,3}\\.)*\\d{1,3},\\d{2})','(?<=da\\sNota\\sFiscal:\\s*)(\\d{9})','(?<=Atual:\\s*)(\\d{2}\\/\\d{2}\\/\\d{4})','(?<=Anterior:\\s*)(\\d{2}\\/\\d{2}\\/\\d{4})','(?<=Atual:\\s*)(\\d{2}\\/\\d{2}\\/\\d{4})','(\\d{11}\\s\\d{1}\\s\\d{11}\\s\\d{1}\\s\\d{11}\\s\\d{1}\\s\\d{11}\\s\\d{1})','(?<=Base\\s*de\\s*Cálculo\\s*ICMS\\s*R\\$:\\s)((\\d{1,3}\\.)*\\d{1,3},\\d{2})',NULL,NULL,NULL,NULL,'(?<=Alíquota\\s*ICMS\\s*%:\\s*)(\\d{2})(?=,\\d{2})',5),(3,'(\\d{2}\\/\\d{2}\\/\\d{4})(?=\\s+\\w.+\\1\\s+\\w.+\\d{2}\\/\\d{4}\\s+(\\d{1,3}\\.?)*\\d{1,3},\\d{2})','(?<=VENCIMENTO[\\r\\n])(\\d{2}\\/\\d{2}\\/\\d{4})','(?<=VALOR\\sATÉ\\sO\\sVENCIMENTO[\\r\\n]R[$]\\s+)((\\d{1,3}\\.?)*\\d{1,3},\\d{2})','(?<![\\r\\n])(?<=\\d{2}\\/\\d{2}\\/\\d{4}\\s+)(\\w.+)(?=\\s+\\d{2}\\/\\d{2}\\/\\d{4}\\s+\\d{1,})','(?<=Data\\sda\\sleitura\\satual:\\s+)(\\d{2}\\/\\d{2}\\/\\d{4})(?=[\\r\\n])','(?<=Data\\sda\\sleitura\\santerior:\\s+)(\\d{2}\\/\\d{2}\\/\\d{4})(?=[\\r\\n])','(?<=Data\\sda\\sleitura\\satual:\\s+)(\\d{2}\\/\\d{2}\\/\\d{4})(?=[\\r\\n])','(\\d{12}\\s+\\d{12}\\s+\\d{12}\\s+\\d{12})','(?<=R[$][\\r\\n])((\\d{1,3}\\.?)*\\d{1,3},\\d{2})(?=\\s+\\d{2},\\d{2}%)',NULL,NULL,NULL,'((\\d{1,3}\\.?)*\\d{1,3},\\d{2})(?=[\\r\\n]Composição)','(?<=R[$][\\r\\n](\\d{1,3}\\.?),\\d{2}\\s*)(\\d{1,2},\\d{2})(?=%)',9),(4,'(?<=RES COM IND PUB TOTAL[\\r\\n]\\d{3} \\d{3} \\d{3} \\d{3} \\d{3}[\\r\\n]\\w.+[\\r\\n]\\w.+ \\d{2}\\/\\d{4} )(\\d{2}\\/\\d{2}\\/\\d{4})','(?<=DATA DE VENCIMENTO[\\r\\n]\\w.+[\\r\\n]\\w.+[\\r\\n](\\d{1,3}\\.)*\\d{1,3},\\d{2}[\\r\\n])(\\d{2}\\/\\d{2}\\/\\d{4})','(?<=TOTAL\\sA\\sDA\\sFATURA[\\r\\n])((\\d{1,3}\\.)*\\d{1,3},\\d{2})','(\\d{12})(?=[\\n]\\d{12} \\d{12} \\d{12} \\d{12})','(?<=RES COM IND PUB TOTAL[\\r\\n]\\d{3} \\d{3} \\d{3} \\d{3} \\d{3}[\\r\\n]\\w.+[\\r\\n]\\w.+ \\d{2}\\/\\d{4} )(\\d{2}\\/\\d{2}\\/\\d{4})','(?<=RES COM IND PUB TOTAL[\\r\\n]\\d{3} \\d{3} \\d{3} \\d{3} \\d{3}[\\r\\n]\\w.+[\\r\\n]\\w.+\\s\\w.+ \\d{2}\\/\\d{4} )(\\d{2}\\/\\d{2}\\/\\d{4})','(?<=RES COM IND PUB TOTAL[\\r\\n]\\d{3} \\d{3} \\d{3} \\d{3} \\d{3}[\\r\\n]\\w.+[\\r\\n]\\w.+ \\d{2}\\/\\d{4} )(\\d{2}\\/\\d{2}\\/\\d{4})','(\\d{12} \\d{12} \\d{12} \\d{12})',NULL,NULL,NULL,'(?<=[MULTA] \\d{3}\\/\\d{3} )(\\d{1,3},\\d{2})','(?<=[JUROS] \\d{3}\\/\\d{3} )(\\d{1,3},\\d{2})',NULL,7),(5,'(?<=DATA DE EMISSAO[\\r\\n].*)(\\d{2}\\/\\d{1,2}\\/\\d{4})','(?<=VENCIMENTO VALOR[\\r\\n]\\d{5,} )(\\d{2}\\/\\d{2}\\/\\d{4})','(?<=TOTAL DA NOTA[\\r\\n](-?(\\d{1,3}\\.)*\\d{1,3},\\d{2} ){5})((\\d{1,3}\\.)*\\d{1,3},\\d{2})','(?<=VENCIMENTO VALOR[\\r\\n])(\\d{3,})','(?<=Per. Med.: (\\d{2}\\/\\d{2}\\/\\d{4}) a )(\\d{2}\\/\\d{2}\\/\\d{4})','(?<=Per. Med.: )(\\d{2}\\/\\d{2}\\/\\d{4})','(?<=Per. Med.: (\\d{2}\\/\\d{2}\\/\\d{4}) a )(\\d{2}\\/\\d{2}\\/\\d{4})',NULL,'(?<=TOTAL DOS PRODUTOS[\\r\\n])((\\d{1,3}\\.)*\\d{1,3},\\d{2})|(?<=TOTAL DOS PRODUTOS[\\r\\n]((\\d{1,3}\\.)*\\d{1,3},\\d{2}) )((\\d{1,3}\\.)*\\d{1,3},\\d{2})###-',NULL,NULL,NULL,NULL,'(\\d{2})(?= N\\/T)',17),(6,'(?<=\\d{5}-\\d{3} )(\\d{2}\\/\\d{2}\\/\\d{4})','(\\d{2}\\/\\d{2}\\/\\d{4})(?= Vencto)','(?<=((\\d{1,3}\\.)*\\d{1,3},\\d{2} ){5})((\\d{1,3}\\.)*\\d{1,3},\\d{2})','(?<=N. )(\\d{3}\\.\\d{3}\\.\\d{3})','(?<=PERIODO DE FORNECIMENTO DE (\\d{2}\\/\\d{2}\\/\\d{2}) a )(\\d{2}\\/\\d{2}\\/\\d{2})','(?<=PERIODO DE FORNECIMENTO DE )(\\d{2}\\/\\d{2}\\/\\d{2})','(?<=PERIODO DE FORNECIMENTO DE (\\d{2}\\/\\d{2}\\/\\d{2}) a )(\\d{2}\\/\\d{2}\\/\\d{2})',NULL,'(?<=(\\d{1,3}\\.)*\\d{1,3},\\d{4} )((\\d{1,3}\\.)*\\d{1,3},\\d{2})|(?<=(\\d{1,3}\\.)*\\d{1,3},\\d{4} ((\\d{1,3}\\.)*\\d{1,3},\\d{2} ){2})((\\d{1,3}\\.)*\\d{1,3},\\d{2})###-',NULL,NULL,NULL,NULL,'(?<=(\\d{1,3}\\.)*\\d{1,3},\\d{2} (\\d{1,3}\\.)*\\d{1,3},\\d{2} )(\\d{1,2})(?= \\d{1,2})',18);
/*!40000 ALTER TABLE `contatemplate` ENABLE KEYS */;
UNLOCK TABLES;

--
-- Table structure for table `contaunidade`
--

DROP TABLE IF EXISTS `contaunidade`;
/*!40101 SET @saved_cs_client     = @@character_set_client */;
/*!40101 SET character_set_client = utf8 */;
CREATE TABLE `contaunidade` (
  `ContaUnidadeId` int(11) NOT NULL AUTO_INCREMENT,
  `FkContaUnidadeContaId` int(11) NOT NULL,
  `FkContaUnidadeUnidadeId` int(11) NOT NULL,
  PRIMARY KEY (`ContaUnidadeId`),
  KEY `FkContaUnidadeContaId_idx` (`FkContaUnidadeContaId`),
  KEY `FkContaUnidadeUnidadeId_idx` (`FkContaUnidadeUnidadeId`),
  CONSTRAINT `FkContaUnidadeContaId` FOREIGN KEY (`FkContaUnidadeContaId`) REFERENCES `conta` (`ContaId`) ON DELETE NO ACTION ON UPDATE NO ACTION
) ENGINE=InnoDB AUTO_INCREMENT=154 DEFAULT CHARSET=latin1;
/*!40101 SET character_set_client = @saved_cs_client */;

--
-- Dumping data for table `contaunidade`
--

LOCK TABLES `contaunidade` WRITE;
/*!40000 ALTER TABLE `contaunidade` DISABLE KEYS */;
INSERT INTO `contaunidade` VALUES (6,99,1),(7,99,2),(8,99,3),(9,99,1),(10,100,4),(11,101,5),(12,101,6),(13,101,7),(14,101,8),(15,102,9),(16,103,10),(17,103,11),(18,103,12),(19,103,13),(20,103,14),(21,103,15),(22,103,16),(23,103,17),(24,103,18),(25,103,19),(26,103,20),(27,104,21),(28,104,22),(29,104,23),(30,104,24),(31,104,25),(32,104,26),(33,104,27),(34,104,28),(35,104,29),(36,104,30),(37,104,31),(38,104,32),(39,104,33),(40,104,34),(41,104,35),(42,104,36),(43,104,37),(44,104,38),(45,104,39),(46,104,40),(47,104,41),(48,104,42),(49,104,21),(50,104,22),(51,104,23),(52,104,24),(53,104,25),(54,104,26),(55,104,27),(56,104,28),(57,104,29),(58,104,30),(59,104,31),(60,104,32),(61,104,33),(62,104,34),(63,104,35),(64,104,36),(65,104,37),(66,104,38),(67,104,39),(68,104,40),(69,104,41),(70,104,42),(71,104,3),(72,104,43),(73,104,44),(74,104,45),(75,104,46),(76,104,47),(77,104,48),(78,104,49),(79,104,50),(80,104,43),(81,104,3),(82,105,51),(83,106,52),(84,107,53),(85,108,54),(86,109,55),(87,110,56),(88,111,57),(89,112,58),(90,113,59),(91,114,60),(92,115,61),(93,116,62),(94,117,63),(95,118,64),(96,119,65),(97,120,66),(98,121,67),(99,122,68),(100,123,69),(101,124,70),(102,125,71),(103,126,72),(104,127,73),(105,128,74),(106,129,75),(107,130,76),(108,131,77),(109,132,78),(110,133,79),(111,134,80),(112,135,81),(113,136,82),(114,137,83),(115,138,84),(116,139,85),(117,140,86),(118,141,87),(119,142,88),(120,143,89),(121,144,90),(122,145,91),(123,146,92),(124,147,93),(125,148,94),(126,149,95),(127,150,96),(128,151,97),(129,152,98),(130,153,99),(131,154,100),(132,155,101),(133,156,102),(134,157,103),(135,158,104),(136,159,105),(137,160,106),(138,161,107),(139,162,108),(140,163,109),(141,164,110),(142,165,111),(143,166,112),(144,167,113),(145,168,114),(146,169,115),(147,170,116),(148,171,117),(149,172,118),(150,173,119),(151,174,120),(152,175,121),(153,176,122);
/*!40000 ALTER TABLE `contaunidade` ENABLE KEYS */;
UNLOCK TABLES;

--
-- Table structure for table `contaunidadeconsumogas`
--

DROP TABLE IF EXISTS `contaunidadeconsumogas`;
/*!40101 SET @saved_cs_client     = @@character_set_client */;
/*!40101 SET character_set_client = utf8 */;
CREATE TABLE `contaunidadeconsumogas` (
  `ContaUnidadeConsumoGasId` int(10) unsigned NOT NULL AUTO_INCREMENT,
  `QtConsumoCorrigido` int(11) DEFAULT NULL,
  `QtConsumoMedido` int(11) DEFAULT NULL,
  `VlrTakeOrPay` decimal(10,0) DEFAULT NULL,
  `FkContaUnidadeConsumoGasContaUnidadeId` int(11) NOT NULL,
  PRIMARY KEY (`ContaUnidadeConsumoGasId`,`FkContaUnidadeConsumoGasContaUnidadeId`),
  UNIQUE KEY `PK_ID_UNIQUE` (`ContaUnidadeConsumoGasId`),
  KEY `FkContaUnidadeConsumoGasContaUnidadeId_idx` (`FkContaUnidadeConsumoGasContaUnidadeId`)
) ENGINE=InnoDB DEFAULT CHARSET=utf8mb4 COLLATE=utf8mb4_unicode_ci;
/*!40101 SET character_set_client = @saved_cs_client */;

--
-- Dumping data for table `contaunidadeconsumogas`
--

LOCK TABLES `contaunidadeconsumogas` WRITE;
/*!40000 ALTER TABLE `contaunidadeconsumogas` DISABLE KEYS */;
/*!40000 ALTER TABLE `contaunidadeconsumogas` ENABLE KEYS */;
UNLOCK TABLES;

--
-- Table structure for table `contaunidadeconsumotelefoniaOutros`
--

DROP TABLE IF EXISTS `contaunidadeconsumotelefoniaOutros`;
/*!40101 SET @saved_cs_client     = @@character_set_client */;
/*!40101 SET character_set_client = utf8 */;
CREATE TABLE `contaunidadeconsumotelefoniaOutros` (
  `ContaUnidadeConsumoTelefoniaOutrosId` int(11) NOT NULL AUTO_INCREMENT,
  `FkContaUnidadeCTOutrosContaUnidadeId` int(11) NOT NULL,
  `FkContaUnidadeCTOutrosServicoId` int(11) NOT NULL,
  `ContaUnidadeCTOutrosValorBruto` decimal(10,2) NOT NULL,
  `ContaUnidadeCTOutrosValorConsumoPacote` decimal(10,2) DEFAULT NULL,
  `ContaUnidadeCTOutrosEocOrigem` varchar(30) DEFAULT NULL,
  `ContaUnidadeCTOutrosCiclo` int(11) DEFAULT NULL,
  `ContaUnidadeCTOutrosDataOperacao` datetime DEFAULT NULL,
  `ContaUnidadeCTOutrosDataHoraOperacao` datetime DEFAULT NULL,
  `ContaUnidadeCTOutrosQtDados` decimal(18,2) DEFAULT NULL,
  `ContaUnidadeCTOutrosQtMinutos` decimal(10,2) DEFAULT NULL,
  `ContaUnidadeCTOutrosQtSMS` int(11) DEFAULT NULL,
  `ContaUnidadeCTOutrosQtMMS` int(11) DEFAULT NULL,
  `ContaUnidadeCTOutrosNumeroChamado` varchar(20) DEFAULT NULL,
  `ContaUnidadeCTOutrosFlPacote` tinyint(4) NOT NULL,
  PRIMARY KEY (`ContaUnidadeConsumoTelefoniaOutrosId`),
  KEY `FkContaUnidadeCTOutrosContaUnidadeId_idx` (`FkContaUnidadeCTOutrosContaUnidadeId`),
  KEY `FkContaUnidadeCTOutrosServicoId_idx` (`FkContaUnidadeCTOutrosServicoId`),
  CONSTRAINT `FkContaUnidadeCTOutrosContaUnidadeId` FOREIGN KEY (`FkContaUnidadeCTOutrosContaUnidadeId`) REFERENCES `contaunidade` (`ContaUnidadeId`) ON DELETE NO ACTION ON UPDATE NO ACTION,
  CONSTRAINT `FkContaUnidadeCTOutrosServicoId2` FOREIGN KEY (`FkContaUnidadeCTOutrosServicoId`) REFERENCES `servico` (`ServicoId`) ON DELETE NO ACTION ON UPDATE NO ACTION
) ENGINE=InnoDB AUTO_INCREMENT=567 DEFAULT CHARSET=latin1;
/*!40101 SET character_set_client = @saved_cs_client */;

--
-- Dumping data for table `contaunidadeconsumotelefoniaOutros`
--

LOCK TABLES `contaunidadeconsumotelefoniaOutros` WRITE;
/*!40000 ALTER TABLE `contaunidadeconsumotelefoniaOutros` DISABLE KEYS */;
INSERT INTO `contaunidadeconsumotelefoniaOutros` VALUES (1,6,349,-1.43,0.00,NULL,NULL,NULL,NULL,NULL,NULL,0,0,NULL,0),(2,6,350,-0.52,0.00,NULL,NULL,NULL,NULL,NULL,NULL,0,0,NULL,0),(3,6,351,-3.06,0.00,NULL,NULL,NULL,NULL,NULL,NULL,0,0,NULL,0),(4,6,352,-30.00,0.00,NULL,NULL,NULL,NULL,NULL,NULL,0,0,NULL,0),(5,7,357,94.56,0.00,NULL,30,'2018-03-27 00:00:00',NULL,NULL,NULL,0,0,NULL,0),(6,8,358,59.36,0.00,NULL,30,'2018-03-27 00:00:00',NULL,NULL,NULL,0,0,NULL,0),(7,9,359,42.99,0.00,NULL,30,'2018-03-27 00:00:00',NULL,NULL,NULL,0,0,NULL,0),(8,9,360,7.00,0.00,NULL,NULL,NULL,NULL,NULL,NULL,0,0,NULL,0),(9,10,365,75.12,0.00,NULL,30,NULL,NULL,NULL,NULL,0,0,NULL,0),(10,10,366,168.52,0.00,NULL,30,NULL,NULL,NULL,NULL,0,0,NULL,0),(11,10,367,0.00,0.00,NULL,NULL,NULL,NULL,NULL,NULL,0,0,NULL,0),(12,10,368,0.00,0.00,NULL,NULL,NULL,NULL,NULL,NULL,0,0,NULL,0),(13,10,369,9.42,0.00,NULL,NULL,NULL,NULL,NULL,NULL,0,0,NULL,0),(14,11,377,6.88,0.00,NULL,30,NULL,NULL,NULL,NULL,0,0,NULL,0),(15,11,378,10.00,0.00,NULL,NULL,NULL,NULL,NULL,NULL,0,0,NULL,0),(16,11,379,-10.00,0.00,NULL,NULL,NULL,NULL,NULL,NULL,0,0,NULL,0),(17,12,380,-0.01,0.00,NULL,NULL,NULL,NULL,NULL,NULL,0,0,NULL,0),(18,12,381,-0.01,0.00,NULL,NULL,NULL,NULL,NULL,NULL,0,0,NULL,0),(19,12,382,-0.01,0.00,NULL,NULL,NULL,NULL,NULL,NULL,0,0,NULL,0),(20,13,377,6.88,0.00,NULL,30,NULL,NULL,NULL,NULL,0,0,NULL,0),(21,13,383,6.90,0.00,NULL,30,NULL,NULL,NULL,NULL,0,0,NULL,0),(22,13,378,10.00,0.00,NULL,NULL,NULL,NULL,NULL,NULL,0,0,NULL,0),(23,13,379,-10.00,0.00,NULL,NULL,NULL,NULL,NULL,NULL,0,0,NULL,0),(24,14,377,6.88,0.00,NULL,30,NULL,NULL,NULL,NULL,0,0,NULL,0),(25,14,383,6.90,0.00,NULL,30,NULL,NULL,NULL,NULL,0,0,NULL,0),(26,14,378,10.00,0.00,NULL,NULL,NULL,NULL,NULL,NULL,0,0,NULL,0),(27,14,379,-10.00,0.00,NULL,NULL,NULL,NULL,NULL,NULL,0,0,NULL,0),(28,14,380,-0.01,0.00,NULL,NULL,NULL,NULL,NULL,NULL,0,0,NULL,0),(29,14,381,-0.01,0.00,NULL,NULL,NULL,NULL,NULL,NULL,0,0,NULL,0),(30,14,382,-0.01,0.00,NULL,NULL,NULL,NULL,NULL,NULL,0,0,NULL,0),(31,14,384,121.27,0.00,NULL,30,NULL,NULL,NULL,NULL,0,0,NULL,0),(32,15,239,1763.20,0.00,NULL,NULL,NULL,NULL,NULL,NULL,0,0,NULL,0),(33,15,385,-528.96,0.00,NULL,NULL,NULL,NULL,NULL,NULL,0,0,NULL,0),(34,15,386,304.04,0.00,NULL,NULL,NULL,NULL,NULL,NULL,0,0,NULL,0),(35,15,387,-11.15,0.00,NULL,NULL,NULL,NULL,NULL,NULL,0,0,NULL,0),(36,27,401,0.00,0.00,NULL,NULL,NULL,NULL,NULL,NULL,0,0,NULL,0),(37,27,402,9.40,0.00,NULL,NULL,NULL,NULL,NULL,NULL,0,0,NULL,0),(38,27,403,1.00,0.00,NULL,NULL,NULL,NULL,NULL,NULL,0,0,NULL,0),(39,27,404,0.00,0.00,NULL,NULL,NULL,NULL,NULL,NULL,0,0,NULL,0),(40,27,405,4.10,0.00,NULL,NULL,NULL,NULL,NULL,NULL,0,0,NULL,0),(41,27,406,5.60,0.00,NULL,NULL,NULL,NULL,NULL,NULL,0,0,NULL,0),(42,27,407,23.91,0.00,NULL,NULL,NULL,NULL,NULL,NULL,0,0,NULL,0),(43,28,401,0.00,0.00,NULL,NULL,NULL,NULL,NULL,NULL,0,0,NULL,0),(44,28,402,9.40,0.00,NULL,NULL,NULL,NULL,NULL,NULL,0,0,NULL,0),(45,28,403,1.00,0.00,NULL,NULL,NULL,NULL,NULL,NULL,0,0,NULL,0),(46,28,404,0.00,0.00,NULL,NULL,NULL,NULL,NULL,NULL,0,0,NULL,0),(47,28,405,4.10,0.00,NULL,NULL,NULL,NULL,NULL,NULL,0,0,NULL,0),(48,28,406,5.60,0.00,NULL,NULL,NULL,NULL,NULL,NULL,0,0,NULL,0),(49,28,407,23.91,0.00,NULL,NULL,NULL,NULL,NULL,NULL,0,0,NULL,0),(50,29,401,0.00,0.00,NULL,NULL,NULL,NULL,NULL,NULL,0,0,NULL,0),(51,29,402,9.40,0.00,NULL,NULL,NULL,NULL,NULL,NULL,0,0,NULL,0),(52,29,403,1.00,0.00,NULL,NULL,NULL,NULL,NULL,NULL,0,0,NULL,0),(53,29,404,0.00,0.00,NULL,NULL,NULL,NULL,NULL,NULL,0,0,NULL,0),(54,29,405,4.10,0.00,NULL,NULL,NULL,NULL,NULL,NULL,0,0,NULL,0),(55,29,406,5.60,0.00,NULL,NULL,NULL,NULL,NULL,NULL,0,0,NULL,0),(56,29,407,23.91,0.00,NULL,NULL,NULL,NULL,NULL,NULL,0,0,NULL,0),(57,30,411,0.00,0.00,NULL,NULL,NULL,NULL,NULL,NULL,1,0,NULL,0),(58,30,411,0.00,0.00,NULL,NULL,NULL,NULL,NULL,NULL,1,0,NULL,0),(59,30,411,0.00,0.00,NULL,NULL,NULL,NULL,NULL,NULL,1,0,NULL,0),(60,30,411,0.00,0.00,NULL,NULL,NULL,NULL,NULL,NULL,1,0,NULL,0),(61,30,411,0.00,0.00,NULL,NULL,NULL,NULL,NULL,NULL,1,0,NULL,0),(62,30,411,0.00,0.00,NULL,NULL,NULL,NULL,NULL,NULL,1,0,NULL,0),(63,30,411,0.00,0.00,NULL,NULL,NULL,NULL,NULL,NULL,1,0,NULL,0),(64,30,411,0.00,0.00,NULL,NULL,NULL,NULL,NULL,NULL,1,0,NULL,0),(65,30,411,0.00,0.00,NULL,NULL,NULL,NULL,NULL,NULL,1,0,NULL,0),(66,30,411,0.00,0.00,NULL,NULL,NULL,NULL,NULL,NULL,1,0,NULL,0),(67,30,411,0.00,0.00,NULL,NULL,NULL,NULL,NULL,NULL,1,0,NULL,0),(68,30,411,0.00,0.00,NULL,NULL,NULL,NULL,NULL,NULL,1,0,NULL,0),(69,30,411,0.00,0.00,NULL,NULL,NULL,NULL,NULL,NULL,1,0,NULL,0),(70,30,411,0.00,0.00,NULL,NULL,NULL,NULL,NULL,NULL,1,0,NULL,0),(71,30,401,0.00,0.00,NULL,NULL,NULL,NULL,NULL,NULL,0,0,NULL,0),(72,30,412,40.80,0.00,NULL,NULL,NULL,NULL,NULL,NULL,0,0,NULL,0),(73,30,403,1.00,0.00,NULL,NULL,NULL,NULL,NULL,NULL,0,0,NULL,0),(74,30,404,0.00,0.00,NULL,NULL,NULL,NULL,NULL,NULL,0,0,NULL,0),(75,30,413,13.20,0.00,NULL,NULL,NULL,NULL,NULL,NULL,0,0,NULL,0),(76,30,406,5.60,0.00,NULL,NULL,NULL,NULL,NULL,NULL,0,0,NULL,0),(77,30,407,23.91,0.00,NULL,NULL,NULL,NULL,NULL,NULL,0,0,NULL,0),(78,31,401,0.00,0.00,NULL,NULL,NULL,NULL,NULL,NULL,0,0,NULL,0),(79,31,402,9.40,0.00,NULL,NULL,NULL,NULL,NULL,NULL,0,0,NULL,0),(80,31,403,1.00,0.00,NULL,NULL,NULL,NULL,NULL,NULL,0,0,NULL,0),(81,31,404,0.00,0.00,NULL,NULL,NULL,NULL,NULL,NULL,0,0,NULL,0),(82,31,405,4.10,0.00,NULL,NULL,NULL,NULL,NULL,NULL,0,0,NULL,0),(83,31,406,5.60,0.00,NULL,NULL,NULL,NULL,NULL,NULL,0,0,NULL,0),(84,31,407,23.91,0.00,NULL,NULL,NULL,NULL,NULL,NULL,0,0,NULL,0),(85,32,401,0.00,0.00,NULL,NULL,NULL,NULL,NULL,NULL,0,0,NULL,0),(86,32,402,9.40,0.00,NULL,NULL,NULL,NULL,NULL,NULL,0,0,NULL,0),(87,32,403,1.00,0.00,NULL,NULL,NULL,NULL,NULL,NULL,0,0,NULL,0),(88,32,404,0.00,0.00,NULL,NULL,NULL,NULL,NULL,NULL,0,0,NULL,0),(89,32,405,4.10,0.00,NULL,NULL,NULL,NULL,NULL,NULL,0,0,NULL,0),(90,32,406,5.60,0.00,NULL,NULL,NULL,NULL,NULL,NULL,0,0,NULL,0),(91,32,407,23.91,0.00,NULL,NULL,NULL,NULL,NULL,NULL,0,0,NULL,0),(92,33,411,0.00,0.00,NULL,NULL,NULL,NULL,NULL,NULL,1,0,NULL,0),(93,33,411,0.00,0.00,NULL,NULL,NULL,NULL,NULL,NULL,1,0,NULL,0),(94,33,411,0.00,0.00,NULL,NULL,NULL,NULL,NULL,NULL,1,0,NULL,0),(95,33,401,0.00,0.00,NULL,NULL,NULL,NULL,NULL,NULL,0,0,NULL,0),(96,33,402,9.40,0.00,NULL,NULL,NULL,NULL,NULL,NULL,0,0,NULL,0),(97,33,403,1.00,0.00,NULL,NULL,NULL,NULL,NULL,NULL,0,0,NULL,0),(98,33,404,0.00,0.00,NULL,NULL,NULL,NULL,NULL,NULL,0,0,NULL,0),(99,33,405,4.10,0.00,NULL,NULL,NULL,NULL,NULL,NULL,0,0,NULL,0),(100,33,406,5.60,0.00,NULL,NULL,NULL,NULL,NULL,NULL,0,0,NULL,0),(101,33,407,23.91,0.00,NULL,NULL,NULL,NULL,NULL,NULL,0,0,NULL,0),(102,34,401,0.00,0.00,NULL,NULL,NULL,NULL,NULL,NULL,0,0,NULL,0),(103,34,402,9.40,0.00,NULL,NULL,NULL,NULL,NULL,NULL,0,0,NULL,0),(104,34,403,1.00,0.00,NULL,NULL,NULL,NULL,NULL,NULL,0,0,NULL,0),(105,34,404,0.00,0.00,NULL,NULL,NULL,NULL,NULL,NULL,0,0,NULL,0),(106,34,405,4.10,0.00,NULL,NULL,NULL,NULL,NULL,NULL,0,0,NULL,0),(107,34,406,5.60,0.00,NULL,NULL,NULL,NULL,NULL,NULL,0,0,NULL,0),(108,34,407,23.91,0.00,NULL,NULL,NULL,NULL,NULL,NULL,0,0,NULL,0),(109,35,401,0.00,0.00,NULL,NULL,NULL,NULL,NULL,NULL,0,0,NULL,0),(110,35,402,9.40,0.00,NULL,NULL,NULL,NULL,NULL,NULL,0,0,NULL,0),(111,35,403,1.00,0.00,NULL,NULL,NULL,NULL,NULL,NULL,0,0,NULL,0),(112,35,404,0.00,0.00,NULL,NULL,NULL,NULL,NULL,NULL,0,0,NULL,0),(113,35,405,4.10,0.00,NULL,NULL,NULL,NULL,NULL,NULL,0,0,NULL,0),(114,35,406,5.60,0.00,NULL,NULL,NULL,NULL,NULL,NULL,0,0,NULL,0),(115,35,407,23.91,0.00,NULL,NULL,NULL,NULL,NULL,NULL,0,0,NULL,0),(116,36,411,0.00,0.00,NULL,NULL,NULL,NULL,NULL,NULL,1,0,NULL,0),(117,36,411,0.00,0.00,NULL,NULL,NULL,NULL,NULL,NULL,1,0,NULL,0),(118,36,411,0.00,0.00,NULL,NULL,NULL,NULL,NULL,NULL,1,0,NULL,0),(119,36,411,0.00,0.00,NULL,NULL,NULL,NULL,NULL,NULL,1,0,NULL,0),(120,36,411,0.00,0.00,NULL,NULL,NULL,NULL,NULL,NULL,1,0,NULL,0),(121,36,411,0.00,0.00,NULL,NULL,NULL,NULL,NULL,NULL,1,0,NULL,0),(122,36,401,0.00,0.00,NULL,NULL,NULL,NULL,NULL,NULL,0,0,NULL,0),(123,36,416,142.60,0.00,NULL,NULL,NULL,NULL,NULL,NULL,0,0,NULL,0),(124,36,403,1.00,0.00,NULL,NULL,NULL,NULL,NULL,NULL,0,0,NULL,0),(125,36,404,0.00,0.00,NULL,NULL,NULL,NULL,NULL,NULL,0,0,NULL,0),(126,36,413,17.40,0.00,NULL,NULL,NULL,NULL,NULL,NULL,0,0,NULL,0),(127,36,406,6.20,0.00,NULL,NULL,NULL,NULL,NULL,NULL,0,0,NULL,0),(128,36,407,26.60,0.00,NULL,NULL,NULL,NULL,NULL,NULL,0,0,NULL,0),(129,36,417,7.10,0.00,NULL,NULL,NULL,NULL,NULL,NULL,0,0,NULL,0),(130,37,401,0.00,0.00,NULL,NULL,NULL,NULL,NULL,NULL,0,0,NULL,0),(131,37,402,9.40,0.00,NULL,NULL,NULL,NULL,NULL,NULL,0,0,NULL,0),(132,37,403,1.00,0.00,NULL,NULL,NULL,NULL,NULL,NULL,0,0,NULL,0),(133,37,404,0.00,0.00,NULL,NULL,NULL,NULL,NULL,NULL,0,0,NULL,0),(134,37,405,4.10,0.00,NULL,NULL,NULL,NULL,NULL,NULL,0,0,NULL,0),(135,37,406,5.60,0.00,NULL,NULL,NULL,NULL,NULL,NULL,0,0,NULL,0),(136,37,407,23.91,0.00,NULL,NULL,NULL,NULL,NULL,NULL,0,0,NULL,0),(137,38,411,0.00,0.00,NULL,NULL,NULL,NULL,NULL,NULL,1,0,NULL,0),(138,38,401,0.00,0.00,NULL,NULL,NULL,NULL,NULL,NULL,0,0,NULL,0),(139,38,412,40.80,0.00,NULL,NULL,NULL,NULL,NULL,NULL,0,0,NULL,0),(140,38,403,1.00,0.00,NULL,NULL,NULL,NULL,NULL,NULL,0,0,NULL,0),(141,38,404,0.00,0.00,NULL,NULL,NULL,NULL,NULL,NULL,0,0,NULL,0),(142,38,413,13.20,0.00,NULL,NULL,NULL,NULL,NULL,NULL,0,0,NULL,0),(143,38,406,5.60,0.00,NULL,NULL,NULL,NULL,NULL,NULL,0,0,NULL,0),(144,38,407,23.91,0.00,NULL,NULL,NULL,NULL,NULL,NULL,0,0,NULL,0),(145,39,401,0.00,0.00,NULL,NULL,NULL,NULL,NULL,NULL,0,0,NULL,0),(146,39,402,9.40,0.00,NULL,NULL,NULL,NULL,NULL,NULL,0,0,NULL,0),(147,39,403,1.00,0.00,NULL,NULL,NULL,NULL,NULL,NULL,0,0,NULL,0),(148,39,404,0.00,0.00,NULL,NULL,NULL,NULL,NULL,NULL,0,0,NULL,0),(149,39,405,4.10,0.00,NULL,NULL,NULL,NULL,NULL,NULL,0,0,NULL,0),(150,39,406,5.60,0.00,NULL,NULL,NULL,NULL,NULL,NULL,0,0,NULL,0),(151,39,407,23.91,0.00,NULL,NULL,NULL,NULL,NULL,NULL,0,0,NULL,0),(152,40,411,0.00,0.00,NULL,NULL,NULL,NULL,NULL,NULL,1,0,NULL,0),(153,40,411,0.00,0.00,NULL,NULL,NULL,NULL,NULL,NULL,1,0,NULL,0),(154,40,411,0.00,0.00,NULL,NULL,NULL,NULL,NULL,NULL,1,0,NULL,0),(155,40,411,0.00,0.00,NULL,NULL,NULL,NULL,NULL,NULL,1,0,NULL,0),(156,40,401,0.00,0.00,NULL,NULL,NULL,NULL,NULL,NULL,0,0,NULL,0),(157,40,412,40.80,0.00,NULL,NULL,NULL,NULL,NULL,NULL,0,0,NULL,0),(158,40,403,1.00,0.00,NULL,NULL,NULL,NULL,NULL,NULL,0,0,NULL,0),(159,40,404,0.00,0.00,NULL,NULL,NULL,NULL,NULL,NULL,0,0,NULL,0),(160,40,413,13.20,0.00,NULL,NULL,NULL,NULL,NULL,NULL,0,0,NULL,0),(161,40,406,5.60,0.00,NULL,NULL,NULL,NULL,NULL,NULL,0,0,NULL,0),(162,40,407,23.91,0.00,NULL,NULL,NULL,NULL,NULL,NULL,0,0,NULL,0),(163,40,418,6.87,0.00,NULL,NULL,NULL,NULL,NULL,NULL,0,0,NULL,0),(164,41,401,0.00,0.00,NULL,NULL,NULL,NULL,NULL,NULL,0,0,NULL,0),(165,41,402,9.40,0.00,NULL,NULL,NULL,NULL,NULL,NULL,0,0,NULL,0),(166,41,403,1.00,0.00,NULL,NULL,NULL,NULL,NULL,NULL,0,0,NULL,0),(167,41,404,0.00,0.00,NULL,NULL,NULL,NULL,NULL,NULL,0,0,NULL,0),(168,41,405,4.10,0.00,NULL,NULL,NULL,NULL,NULL,NULL,0,0,NULL,0),(169,41,406,5.60,0.00,NULL,NULL,NULL,NULL,NULL,NULL,0,0,NULL,0),(170,41,407,23.91,0.00,NULL,NULL,NULL,NULL,NULL,NULL,0,0,NULL,0),(171,42,401,0.00,0.00,NULL,NULL,NULL,NULL,NULL,NULL,0,0,NULL,0),(172,42,402,9.40,0.00,NULL,NULL,NULL,NULL,NULL,NULL,0,0,NULL,0),(173,42,403,1.00,0.00,NULL,NULL,NULL,NULL,NULL,NULL,0,0,NULL,0),(174,42,404,0.00,0.00,NULL,NULL,NULL,NULL,NULL,NULL,0,0,NULL,0),(175,42,405,4.10,0.00,NULL,NULL,NULL,NULL,NULL,NULL,0,0,NULL,0),(176,42,406,5.60,0.00,NULL,NULL,NULL,NULL,NULL,NULL,0,0,NULL,0),(177,42,407,23.91,0.00,NULL,NULL,NULL,NULL,NULL,NULL,0,0,NULL,0),(178,43,401,0.00,0.00,NULL,NULL,NULL,NULL,NULL,NULL,0,0,NULL,0),(179,43,402,9.40,0.00,NULL,NULL,NULL,NULL,NULL,NULL,0,0,NULL,0),(180,43,403,1.00,0.00,NULL,NULL,NULL,NULL,NULL,NULL,0,0,NULL,0),(181,43,404,0.00,0.00,NULL,NULL,NULL,NULL,NULL,NULL,0,0,NULL,0),(182,43,405,4.10,0.00,NULL,NULL,NULL,NULL,NULL,NULL,0,0,NULL,0),(183,43,406,5.60,0.00,NULL,NULL,NULL,NULL,NULL,NULL,0,0,NULL,0),(184,43,407,23.91,0.00,NULL,NULL,NULL,NULL,NULL,NULL,0,0,NULL,0),(185,44,401,0.00,0.00,NULL,NULL,NULL,NULL,NULL,NULL,0,0,NULL,0),(186,44,402,9.40,0.00,NULL,NULL,NULL,NULL,NULL,NULL,0,0,NULL,0),(187,44,403,1.00,0.00,NULL,NULL,NULL,NULL,NULL,NULL,0,0,NULL,0),(188,44,404,0.00,0.00,NULL,NULL,NULL,NULL,NULL,NULL,0,0,NULL,0),(189,44,405,4.10,0.00,NULL,NULL,NULL,NULL,NULL,NULL,0,0,NULL,0),(190,44,406,5.60,0.00,NULL,NULL,NULL,NULL,NULL,NULL,0,0,NULL,0),(191,44,407,23.91,0.00,NULL,NULL,NULL,NULL,NULL,NULL,0,0,NULL,0),(192,45,401,0.00,0.00,NULL,NULL,NULL,NULL,NULL,NULL,0,0,NULL,0),(193,45,402,9.40,0.00,NULL,NULL,NULL,NULL,NULL,NULL,0,0,NULL,0),(194,45,403,1.00,0.00,NULL,NULL,NULL,NULL,NULL,NULL,0,0,NULL,0),(195,45,404,0.00,0.00,NULL,NULL,NULL,NULL,NULL,NULL,0,0,NULL,0),(196,45,405,4.10,0.00,NULL,NULL,NULL,NULL,NULL,NULL,0,0,NULL,0),(197,45,406,5.60,0.00,NULL,NULL,NULL,NULL,NULL,NULL,0,0,NULL,0),(198,45,407,23.91,0.00,NULL,NULL,NULL,NULL,NULL,NULL,0,0,NULL,0),(199,46,411,0.00,0.00,NULL,NULL,NULL,NULL,NULL,NULL,1,0,NULL,0),(200,46,411,0.00,0.00,NULL,NULL,NULL,NULL,NULL,NULL,1,0,NULL,0),(201,46,411,0.00,0.00,NULL,NULL,NULL,NULL,NULL,NULL,1,0,NULL,0),(202,46,411,0.00,0.00,NULL,NULL,NULL,NULL,NULL,NULL,1,0,NULL,0),(203,46,411,0.00,0.00,NULL,NULL,NULL,NULL,NULL,NULL,1,0,NULL,0),(204,46,411,0.00,0.00,NULL,NULL,NULL,NULL,NULL,NULL,1,0,NULL,0),(205,46,411,0.00,0.00,NULL,NULL,NULL,NULL,NULL,NULL,1,0,NULL,0),(206,46,411,0.00,0.00,NULL,NULL,NULL,NULL,NULL,NULL,1,0,NULL,0),(207,46,411,0.00,0.00,NULL,NULL,NULL,NULL,NULL,NULL,1,0,NULL,0),(208,46,411,0.00,0.00,NULL,NULL,NULL,NULL,NULL,NULL,1,0,NULL,0),(209,46,411,0.00,0.00,NULL,NULL,NULL,NULL,NULL,NULL,1,0,NULL,0),(210,46,411,0.00,0.00,NULL,NULL,NULL,NULL,NULL,NULL,1,0,NULL,0),(211,46,411,0.00,0.00,NULL,NULL,NULL,NULL,NULL,NULL,1,0,NULL,0),(212,46,411,0.00,0.00,NULL,NULL,NULL,NULL,NULL,NULL,1,0,NULL,0),(213,46,411,0.00,0.00,NULL,NULL,NULL,NULL,NULL,NULL,1,0,NULL,0),(214,46,411,0.00,0.00,NULL,NULL,NULL,NULL,NULL,NULL,1,0,NULL,0),(215,46,411,0.00,0.00,NULL,NULL,NULL,NULL,NULL,NULL,1,0,NULL,0),(216,46,411,0.00,0.00,NULL,NULL,NULL,NULL,NULL,NULL,1,0,NULL,0),(217,46,411,0.00,0.00,NULL,NULL,NULL,NULL,NULL,NULL,1,0,NULL,0),(218,46,411,0.00,0.00,NULL,NULL,NULL,NULL,NULL,NULL,1,0,NULL,0),(219,46,411,0.00,0.00,NULL,NULL,NULL,NULL,NULL,NULL,1,0,NULL,0),(220,46,411,0.00,0.00,NULL,NULL,NULL,NULL,NULL,NULL,1,0,NULL,0),(221,46,411,0.00,0.00,NULL,NULL,NULL,NULL,NULL,NULL,1,0,NULL,0),(222,46,411,0.00,0.00,NULL,NULL,NULL,NULL,NULL,NULL,1,0,NULL,0),(223,46,411,0.00,0.00,NULL,NULL,NULL,NULL,NULL,NULL,1,0,NULL,0),(224,46,411,0.00,0.00,NULL,NULL,NULL,NULL,NULL,NULL,1,0,NULL,0),(225,46,411,0.00,0.00,NULL,NULL,NULL,NULL,NULL,NULL,1,0,NULL,0),(226,46,411,0.00,0.00,NULL,NULL,NULL,NULL,NULL,NULL,1,0,NULL,0),(227,46,411,0.00,0.00,NULL,NULL,NULL,NULL,NULL,NULL,1,0,NULL,0),(228,46,411,0.00,0.00,NULL,NULL,NULL,NULL,NULL,NULL,1,0,NULL,0),(229,46,411,0.00,0.00,NULL,NULL,NULL,NULL,NULL,NULL,1,0,NULL,0),(230,46,411,0.00,0.00,NULL,NULL,NULL,NULL,NULL,NULL,1,0,NULL,0),(231,46,420,5.59,0.00,NULL,NULL,NULL,NULL,NULL,NULL,0,0,NULL,0),(232,46,401,0.00,0.00,NULL,NULL,NULL,NULL,NULL,NULL,0,0,NULL,0),(233,46,402,9.40,0.00,NULL,NULL,NULL,NULL,NULL,NULL,0,0,NULL,0),(234,46,403,1.00,0.00,NULL,NULL,NULL,NULL,NULL,NULL,0,0,NULL,0),(235,46,404,0.00,0.00,NULL,NULL,NULL,NULL,NULL,NULL,0,0,NULL,0),(236,46,405,4.10,0.00,NULL,NULL,NULL,NULL,NULL,NULL,0,0,NULL,0),(237,46,406,5.60,0.00,NULL,NULL,NULL,NULL,NULL,NULL,0,0,NULL,0),(238,46,407,23.91,0.00,NULL,NULL,NULL,NULL,NULL,NULL,0,0,NULL,0),(239,47,401,0.00,0.00,NULL,NULL,NULL,NULL,NULL,NULL,0,0,NULL,0),(240,47,402,9.40,0.00,NULL,NULL,NULL,NULL,NULL,NULL,0,0,NULL,0),(241,47,403,1.00,0.00,NULL,NULL,NULL,NULL,NULL,NULL,0,0,NULL,0),(242,47,404,0.00,0.00,NULL,NULL,NULL,NULL,NULL,NULL,0,0,NULL,0),(243,47,405,4.10,0.00,NULL,NULL,NULL,NULL,NULL,NULL,0,0,NULL,0),(244,47,406,5.60,0.00,NULL,NULL,NULL,NULL,NULL,NULL,0,0,NULL,0),(245,47,407,23.91,0.00,NULL,NULL,NULL,NULL,NULL,NULL,0,0,NULL,0),(246,48,401,0.00,0.00,NULL,NULL,NULL,NULL,NULL,NULL,0,0,NULL,0),(247,48,402,9.40,0.00,NULL,NULL,NULL,NULL,NULL,NULL,0,0,NULL,0),(248,48,403,1.00,0.00,NULL,NULL,NULL,NULL,NULL,NULL,0,0,NULL,0),(249,48,404,0.00,0.00,NULL,NULL,NULL,NULL,NULL,NULL,0,0,NULL,0),(250,48,405,4.10,0.00,NULL,NULL,NULL,NULL,NULL,NULL,0,0,NULL,0),(251,48,406,5.60,0.00,NULL,NULL,NULL,NULL,NULL,NULL,0,0,NULL,0),(252,48,407,23.91,0.00,NULL,NULL,NULL,NULL,NULL,NULL,0,0,NULL,0),(253,72,425,84.51,0.00,NULL,NULL,NULL,NULL,NULL,NULL,0,0,NULL,0),(254,73,425,140.90,0.00,NULL,NULL,NULL,NULL,NULL,NULL,0,0,NULL,0),(255,74,425,44.01,0.00,NULL,NULL,NULL,NULL,NULL,NULL,0,0,NULL,0),(256,75,425,44.01,0.00,NULL,NULL,NULL,NULL,NULL,NULL,0,0,NULL,0),(257,76,425,44.01,0.00,NULL,NULL,NULL,NULL,NULL,NULL,0,0,NULL,0),(258,77,425,44.01,0.00,NULL,NULL,NULL,NULL,NULL,NULL,0,0,NULL,0),(259,78,425,44.01,0.00,NULL,NULL,NULL,NULL,NULL,NULL,0,0,NULL,0),(260,79,425,44.01,0.00,NULL,NULL,NULL,NULL,NULL,NULL,0,0,NULL,0),(261,82,426,21.19,0.00,NULL,1,'2017-10-01 00:00:00',NULL,NULL,NULL,0,0,'',0),(262,82,427,35.69,0.00,NULL,1,'2017-10-25 00:00:00',NULL,NULL,NULL,0,0,'',0),(263,82,428,0.00,0.00,NULL,1,'2017-10-25 00:00:00',NULL,NULL,NULL,0,0,'',0),(264,82,426,79.91,0.00,NULL,1,'2017-10-25 00:00:00',NULL,NULL,NULL,0,0,'',0),(265,82,429,31.37,0.00,NULL,1,'2017-10-25 00:00:00',NULL,NULL,NULL,0,0,'',0),(266,82,368,0.00,0.00,NULL,1,'2017-10-01 00:00:00',NULL,NULL,NULL,0,0,'',0),(267,82,368,0.00,0.00,NULL,1,'2017-10-25 00:00:00',NULL,NULL,NULL,0,0,'',0),(268,83,436,64.73,0.00,NULL,1,'2017-10-25 00:00:00',NULL,NULL,NULL,0,0,'',0),(269,83,437,0.00,0.00,NULL,1,'2017-10-24 00:00:00',NULL,NULL,NULL,0,0,'',0),(270,84,436,64.73,0.00,NULL,1,'2017-10-25 00:00:00',NULL,NULL,NULL,0,0,'',0),(271,84,439,86.08,0.00,NULL,1,'2017-10-25 00:00:00',NULL,NULL,NULL,0,0,'',0),(272,84,437,0.00,0.00,NULL,1,'2017-10-24 00:00:00',NULL,NULL,NULL,0,0,'',0),(273,84,440,14.59,0.00,NULL,1,'2017-10-25 00:00:00',NULL,NULL,NULL,0,0,'',0),(274,85,427,35.69,0.00,NULL,1,'2017-10-25 00:00:00',NULL,NULL,NULL,0,0,'',0),(275,85,428,0.00,0.00,NULL,1,'2017-10-25 00:00:00',NULL,NULL,NULL,0,0,'',0),(276,85,429,31.37,0.00,NULL,1,'2017-10-25 00:00:00',NULL,NULL,NULL,0,0,'',0),(277,85,443,0.07,0.00,NULL,1,'2017-10-23 00:00:00',NULL,NULL,NULL,0,0,'',0),(278,85,444,1.15,0.00,NULL,1,'2017-10-23 00:00:00',NULL,NULL,NULL,0,0,'',0),(279,86,436,64.73,0.00,NULL,1,'2017-10-25 00:00:00',NULL,NULL,NULL,0,0,'',0),(280,86,437,0.00,0.00,NULL,1,'2017-10-24 00:00:00',NULL,NULL,NULL,0,0,'',0),(281,86,443,1.14,0.00,NULL,1,'2017-10-23 00:00:00',NULL,NULL,NULL,0,0,'',0),(282,86,444,2.49,0.00,NULL,1,'2017-10-23 00:00:00',NULL,NULL,NULL,0,0,'',0),(283,87,436,64.73,0.00,NULL,1,'2017-10-25 00:00:00',NULL,NULL,NULL,0,0,'',0),(284,87,439,119.89,0.00,NULL,1,'2017-10-25 00:00:00',NULL,NULL,NULL,0,0,'',0),(285,87,437,0.00,0.00,NULL,1,'2017-10-24 00:00:00',NULL,NULL,NULL,0,0,'',0),(286,87,368,0.00,0.00,NULL,1,'2017-10-25 00:00:00',NULL,NULL,NULL,0,0,'',0),(287,88,427,35.69,0.00,NULL,1,'2017-11-01 00:00:00',NULL,NULL,NULL,0,0,'',0),(288,88,428,0.00,0.00,NULL,1,'2017-11-01 00:00:00',NULL,NULL,NULL,0,0,'',0),(289,88,429,31.37,0.00,NULL,1,'2017-11-01 00:00:00',NULL,NULL,NULL,0,0,'',0),(290,89,436,64.73,0.00,NULL,1,'2017-11-01 00:00:00',NULL,NULL,NULL,0,0,'',0),(291,89,437,0.00,0.00,NULL,1,'2017-10-28 00:00:00',NULL,NULL,NULL,0,0,'',0),(292,89,367,0.00,0.00,NULL,1,'2017-10-28 00:00:00',NULL,NULL,NULL,0,0,'',0),(293,90,436,64.73,0.00,NULL,1,'2017-11-01 00:00:00',NULL,NULL,NULL,0,0,'',0),(294,90,437,0.00,0.00,NULL,1,'2017-10-28 00:00:00',NULL,NULL,NULL,0,0,'',0),(295,91,436,64.73,0.00,NULL,1,'2017-11-10 00:00:00',NULL,NULL,NULL,0,0,'',0),(296,92,436,64.73,0.00,NULL,1,'2017-10-25 00:00:00',NULL,NULL,NULL,0,0,'',0),(297,92,452,186.06,0.00,NULL,1,'2017-10-25 00:00:00',NULL,NULL,NULL,0,0,'',0),(298,92,437,0.00,0.00,NULL,1,'2017-10-24 00:00:00',NULL,NULL,NULL,0,0,'',0),(299,93,436,64.73,0.00,NULL,1,'2017-11-10 00:00:00',NULL,NULL,NULL,0,0,'',0),(300,93,437,0.00,0.00,NULL,1,'2017-11-09 00:00:00',NULL,NULL,NULL,0,0,'',0),(301,93,456,3.30,0.00,NULL,1,'2017-10-28 00:00:00',NULL,NULL,NULL,0,0,'',0),(302,93,443,2.23,0.00,NULL,1,'2017-11-08 00:00:00',NULL,NULL,NULL,0,0,'',0),(303,93,444,4.37,0.00,NULL,1,'2017-11-08 00:00:00',NULL,NULL,NULL,0,0,'',0),(304,93,457,19.10,0.00,NULL,1,'2017-11-10 00:00:00',NULL,NULL,NULL,0,0,'',0),(305,94,436,64.73,0.00,NULL,1,'2017-10-25 00:00:00',NULL,NULL,NULL,0,0,'',0),(306,94,463,109.89,0.00,NULL,1,'2017-10-25 00:00:00',NULL,NULL,NULL,0,0,'',0),(307,94,437,0.00,0.00,NULL,1,'2017-10-24 00:00:00',NULL,NULL,NULL,0,0,'',0),(308,95,436,64.73,0.00,NULL,1,'2017-10-25 00:00:00',NULL,NULL,NULL,0,0,'',0),(309,95,470,129.89,0.00,NULL,1,'2017-10-25 00:00:00',NULL,NULL,NULL,0,0,'',0),(310,95,437,0.00,0.00,NULL,1,'2017-10-24 00:00:00',NULL,NULL,NULL,0,0,'',0),(311,95,368,0.00,0.00,NULL,1,'2017-10-25 00:00:00',NULL,NULL,NULL,0,0,'',0),(312,96,436,64.73,0.00,NULL,1,'2017-10-25 00:00:00',NULL,NULL,NULL,0,0,'',0),(313,96,439,86.08,0.00,NULL,1,'2017-10-25 00:00:00',NULL,NULL,NULL,0,0,'',0),(314,96,437,0.00,0.00,NULL,1,'2017-10-24 00:00:00',NULL,NULL,NULL,0,0,'',0),(315,96,443,0.31,0.00,NULL,1,'2017-10-23 00:00:00',NULL,NULL,NULL,0,0,'',0),(316,96,444,3.16,0.00,NULL,1,'2017-10-23 00:00:00',NULL,NULL,NULL,0,0,'',0),(317,97,427,35.69,0.00,NULL,1,'2017-10-25 00:00:00',NULL,NULL,NULL,0,0,'',0),(318,97,428,0.00,0.00,NULL,1,'2017-10-25 00:00:00',NULL,NULL,NULL,0,0,'',0),(319,97,429,31.37,0.00,NULL,1,'2017-10-25 00:00:00',NULL,NULL,NULL,0,0,'',0),(320,98,436,64.73,0.00,NULL,1,'2017-10-21 00:00:00',NULL,NULL,NULL,0,0,'',0),(321,98,470,129.89,0.00,NULL,1,'2017-10-21 00:00:00',NULL,NULL,NULL,0,0,'',0),(322,98,437,0.00,0.00,NULL,1,'2017-10-20 00:00:00',NULL,NULL,NULL,0,0,'',0),(323,98,472,14.59,0.00,NULL,1,'2017-10-21 00:00:00',NULL,NULL,NULL,0,0,'',0),(324,99,427,35.69,0.00,NULL,1,'2017-10-21 00:00:00',NULL,NULL,NULL,0,0,'',0),(325,99,428,0.00,0.00,NULL,1,'2017-10-21 00:00:00',NULL,NULL,NULL,0,0,'',0),(326,99,473,0.00,0.00,NULL,1,'2017-10-21 00:00:00',NULL,NULL,NULL,0,0,'',0),(327,99,470,112.62,0.00,NULL,1,'2017-10-21 00:00:00',NULL,NULL,NULL,0,0,'',0),(328,99,429,31.37,0.00,NULL,1,'2017-10-21 00:00:00',NULL,NULL,NULL,0,0,'',0),(329,99,368,0.00,0.00,NULL,1,'2017-10-21 00:00:00',NULL,NULL,NULL,0,0,'',0),(330,99,474,14.59,0.00,NULL,1,'2017-10-21 00:00:00',NULL,NULL,NULL,0,0,'',0),(331,100,436,64.73,0.00,NULL,1,'2017-10-21 00:00:00',NULL,NULL,NULL,0,0,'',0),(332,100,439,86.08,0.00,NULL,1,'2017-10-21 00:00:00',NULL,NULL,NULL,0,0,'',0),(333,100,437,0.00,0.00,NULL,1,'2017-10-20 00:00:00',NULL,NULL,NULL,0,0,'',0),(334,100,474,14.59,0.00,NULL,1,'2017-10-21 00:00:00',NULL,NULL,NULL,0,0,'',0),(335,101,427,35.69,0.00,NULL,1,'2017-10-21 00:00:00',NULL,NULL,NULL,0,0,'',0),(336,101,428,0.00,0.00,NULL,1,'2017-10-21 00:00:00',NULL,NULL,NULL,0,0,'',0),(337,101,473,0.00,0.00,NULL,1,'2017-10-21 00:00:00',NULL,NULL,NULL,0,0,'',0),(338,101,470,112.62,0.00,NULL,1,'2017-10-21 00:00:00',NULL,NULL,NULL,0,0,'',0),(339,101,429,31.37,0.00,NULL,1,'2017-10-21 00:00:00',NULL,NULL,NULL,0,0,'',0),(340,101,368,0.00,0.00,NULL,1,'2017-10-21 00:00:00',NULL,NULL,NULL,0,0,'',0),(341,101,474,14.59,0.00,NULL,1,'2017-10-21 00:00:00',NULL,NULL,NULL,0,0,'',0),(342,102,436,64.73,0.00,NULL,1,'2017-10-21 00:00:00',NULL,NULL,NULL,0,0,'',0),(343,102,437,0.00,0.00,NULL,1,'2017-10-20 00:00:00',NULL,NULL,NULL,0,0,'',0),(344,102,457,19.10,0.00,NULL,1,'2017-10-21 00:00:00',NULL,NULL,NULL,0,0,'',0),(345,102,475,-7.47,0.00,NULL,1,'2014-10-09 00:00:00',NULL,NULL,NULL,0,0,'',0),(346,102,475,-10.00,0.00,NULL,1,'2014-11-07 00:00:00',NULL,NULL,NULL,0,0,'',0),(347,102,475,-10.00,0.00,NULL,1,'2014-12-09 00:00:00',NULL,NULL,NULL,0,0,'',0),(348,102,475,-10.00,0.00,NULL,1,'2015-01-07 00:00:00',NULL,NULL,NULL,0,0,'',0),(349,102,475,-10.00,0.00,NULL,1,'2015-02-09 00:00:00',NULL,NULL,NULL,0,0,'',0),(350,102,475,-10.00,0.00,NULL,1,'2015-03-09 00:00:00',NULL,NULL,NULL,0,0,'',0),(351,102,475,-10.00,0.00,NULL,1,'2015-04-09 00:00:00',NULL,NULL,NULL,0,0,'',0),(352,102,475,-10.00,0.00,NULL,1,'2015-05-08 00:00:00',NULL,NULL,NULL,0,0,'',0),(353,102,475,-10.00,0.00,NULL,1,'2015-06-08 00:00:00',NULL,NULL,NULL,0,0,'',0),(354,102,475,-0.48,0.00,NULL,1,'2015-07-09 00:00:00',NULL,NULL,NULL,0,0,'',0),(355,103,427,35.69,0.00,NULL,1,'2017-10-21 00:00:00',NULL,NULL,NULL,0,0,'',0),(356,103,428,0.00,0.00,NULL,1,'2017-10-21 00:00:00',NULL,NULL,NULL,0,0,'',0),(357,103,429,31.37,0.00,NULL,1,'2017-10-21 00:00:00',NULL,NULL,NULL,0,0,'',0),(358,103,474,14.59,0.00,NULL,1,'2017-10-21 00:00:00',NULL,NULL,NULL,0,0,'',0),(359,104,427,35.69,0.00,NULL,1,'2017-10-25 00:00:00',NULL,NULL,NULL,0,0,'',0),(360,104,428,0.00,0.00,NULL,1,'2017-10-25 00:00:00',NULL,NULL,NULL,0,0,'',0),(361,104,429,31.37,0.00,NULL,1,'2017-10-25 00:00:00',NULL,NULL,NULL,0,0,'',0),(362,105,427,35.69,0.00,NULL,1,'2017-10-25 00:00:00',NULL,NULL,NULL,0,0,'',0),(363,105,428,0.00,0.00,NULL,1,'2017-10-25 00:00:00',NULL,NULL,NULL,0,0,'',0),(364,105,473,0.00,0.00,NULL,1,'2017-10-25 00:00:00',NULL,NULL,NULL,0,0,'',0),(365,105,481,109.89,0.00,NULL,1,'2017-10-25 00:00:00',NULL,NULL,NULL,0,0,'',0),(366,105,429,31.37,0.00,NULL,1,'2017-10-25 00:00:00',NULL,NULL,NULL,0,0,'',0),(367,105,472,14.59,0.00,NULL,1,'2017-10-25 00:00:00',NULL,NULL,NULL,0,0,'',0),(368,105,482,0.00,0.00,NULL,1,'2017-10-25 00:00:00',NULL,NULL,NULL,0,0,'',0),(369,106,436,64.73,0.00,NULL,1,'2017-10-25 00:00:00',NULL,NULL,NULL,0,0,'',0),(370,106,473,0.00,0.00,NULL,1,'2017-10-25 00:00:00',NULL,NULL,NULL,0,0,'',0),(371,106,437,0.00,0.00,NULL,1,'2017-10-24 00:00:00',NULL,NULL,NULL,0,0,'',0),(372,106,472,14.59,0.00,NULL,1,'2017-10-25 00:00:00',NULL,NULL,NULL,0,0,'',0),(373,107,436,64.73,0.00,NULL,1,'2017-10-21 00:00:00',NULL,NULL,NULL,0,0,'',0),(374,107,483,125.29,0.00,NULL,1,'2017-10-21 00:00:00',NULL,NULL,NULL,0,0,'',0),(375,107,437,0.00,0.00,NULL,1,'2017-10-20 00:00:00',NULL,NULL,NULL,0,0,'',0),(376,108,427,35.69,0.00,NULL,1,'2017-10-25 00:00:00',NULL,NULL,NULL,0,0,'',0),(377,108,428,0.00,0.00,NULL,1,'2017-10-25 00:00:00',NULL,NULL,NULL,0,0,'',0),(378,108,426,99.89,0.00,NULL,1,'2017-10-25 00:00:00',NULL,NULL,NULL,0,0,'',0),(379,108,429,31.37,0.00,NULL,1,'2017-10-25 00:00:00',NULL,NULL,NULL,0,0,'',0),(380,108,368,0.00,0.00,NULL,1,'2017-10-25 00:00:00',NULL,NULL,NULL,0,0,'',0),(381,108,472,14.59,0.00,NULL,1,'2017-10-25 00:00:00',NULL,NULL,NULL,0,0,'',0),(382,109,426,21.19,0.00,NULL,1,'2017-10-01 00:00:00',NULL,NULL,NULL,0,0,'',0),(383,109,484,37.51,0.00,NULL,1,'2017-10-25 00:00:00',NULL,NULL,NULL,0,0,'',0),(384,109,485,0.00,0.00,NULL,1,'2017-10-25 00:00:00',NULL,NULL,NULL,0,0,'',0),(385,109,426,79.91,0.00,NULL,1,'2017-10-25 00:00:00',NULL,NULL,NULL,0,0,'',0),(386,110,427,35.69,0.00,NULL,1,'2017-11-01 00:00:00',NULL,NULL,NULL,0,0,'',0),(387,110,428,0.00,0.00,NULL,1,'2017-11-01 00:00:00',NULL,NULL,NULL,0,0,'',0),(388,110,429,31.37,0.00,NULL,1,'2017-11-01 00:00:00',NULL,NULL,NULL,0,0,'',0),(389,111,436,64.73,0.00,NULL,1,'2017-11-01 00:00:00',NULL,NULL,NULL,0,0,'',0),(390,111,439,119.89,0.00,NULL,1,'2017-11-01 00:00:00',NULL,NULL,NULL,0,0,'',0),(391,111,437,0.00,0.00,NULL,1,'2017-10-28 00:00:00',NULL,NULL,NULL,0,0,'',0),(392,111,368,0.00,0.00,NULL,1,'2017-11-01 00:00:00',NULL,NULL,NULL,0,0,'',0),(393,112,436,64.73,0.00,NULL,1,'2017-11-01 00:00:00',NULL,NULL,NULL,0,0,'',0),(394,112,437,0.00,0.00,NULL,1,'2017-10-28 00:00:00',NULL,NULL,NULL,0,0,'',0),(395,112,472,14.59,0.00,NULL,1,'2017-11-01 00:00:00',NULL,NULL,NULL,0,0,'',0),(396,113,427,35.69,0.00,NULL,1,'2017-11-01 00:00:00',NULL,NULL,NULL,0,0,'',0),(397,113,428,0.00,0.00,NULL,1,'2017-11-01 00:00:00',NULL,NULL,NULL,0,0,'',0),(398,113,470,129.89,0.00,NULL,1,'2017-11-01 00:00:00',NULL,NULL,NULL,0,0,'',0),(399,113,429,31.37,0.00,NULL,1,'2017-11-01 00:00:00',NULL,NULL,NULL,0,0,'',0),(400,113,488,0.00,0.00,NULL,1,'2017-11-01 00:00:00',NULL,NULL,NULL,0,0,'',0),(401,114,427,35.69,0.00,NULL,1,'2017-11-01 00:00:00',NULL,NULL,NULL,0,0,'',0),(402,114,428,0.00,0.00,NULL,1,'2017-11-01 00:00:00',NULL,NULL,NULL,0,0,'',0),(403,114,491,64.20,0.00,NULL,1,'2017-11-01 00:00:00',NULL,NULL,NULL,0,0,'',0),(404,114,429,31.37,0.00,NULL,1,'2017-11-01 00:00:00',NULL,NULL,NULL,0,0,'',0),(405,114,482,0.00,0.00,NULL,1,'2017-11-01 00:00:00',NULL,NULL,NULL,0,0,'',0),(406,115,427,35.69,0.00,NULL,1,'2017-11-01 00:00:00',NULL,NULL,NULL,0,0,'',0),(407,115,428,0.00,0.00,NULL,1,'2017-11-01 00:00:00',NULL,NULL,NULL,0,0,'',0),(408,115,429,31.37,0.00,NULL,1,'2017-11-01 00:00:00',NULL,NULL,NULL,0,0,'',0),(409,116,436,64.73,0.00,NULL,1,'2017-10-25 00:00:00',NULL,NULL,NULL,0,0,'',0),(410,116,439,119.89,0.00,NULL,1,'2017-10-25 00:00:00',NULL,NULL,NULL,0,0,'',0),(411,116,437,0.00,0.00,NULL,1,'2017-10-24 00:00:00',NULL,NULL,NULL,0,0,'',0),(412,116,367,0.00,0.00,NULL,1,'2017-10-24 00:00:00',NULL,NULL,NULL,0,0,'',0),(413,117,436,64.73,0.00,NULL,1,'2017-10-21 00:00:00',NULL,NULL,NULL,0,0,'',0),(414,117,437,0.00,0.00,NULL,1,'2017-10-20 00:00:00',NULL,NULL,NULL,0,0,'',0),(415,118,436,64.73,0.00,NULL,1,'2017-10-25 00:00:00',NULL,NULL,NULL,0,0,'',0),(416,118,426,86.08,0.00,NULL,1,'2017-10-25 00:00:00',NULL,NULL,NULL,0,0,'',0),(417,118,437,0.00,0.00,NULL,1,'2017-10-24 00:00:00',NULL,NULL,NULL,0,0,'',0),(418,119,436,64.73,0.00,NULL,1,'2017-10-25 00:00:00',NULL,NULL,NULL,0,0,'',0),(419,119,437,0.00,0.00,NULL,1,'2017-10-24 00:00:00',NULL,NULL,NULL,0,0,'',0),(420,120,484,37.51,0.00,NULL,1,'2017-10-25 00:00:00',NULL,NULL,NULL,0,0,'',0),(421,121,427,35.69,0.00,NULL,1,'2017-10-25 00:00:00',NULL,NULL,NULL,0,0,'',0),(422,121,428,0.00,0.00,NULL,1,'2017-10-25 00:00:00',NULL,NULL,NULL,0,0,'',0),(423,121,429,31.37,0.00,NULL,1,'2017-10-25 00:00:00',NULL,NULL,NULL,0,0,'',0),(424,122,436,64.73,0.00,NULL,1,'2017-11-01 00:00:00',NULL,NULL,NULL,0,0,'',0),(425,122,426,99.89,0.00,NULL,1,'2017-11-01 00:00:00',NULL,NULL,NULL,0,0,'',0),(426,122,437,0.00,0.00,NULL,1,'2017-10-28 00:00:00',NULL,NULL,NULL,0,0,'',0),(427,122,367,0.00,0.00,NULL,1,'2017-10-28 00:00:00',NULL,NULL,NULL,0,0,'',0),(428,123,436,64.73,0.00,NULL,1,'2017-11-01 00:00:00',NULL,NULL,NULL,0,0,'',0),(429,123,473,0.00,0.00,NULL,1,'2017-11-01 00:00:00',NULL,NULL,NULL,0,0,'',0),(430,123,437,0.00,0.00,NULL,1,'2017-10-28 00:00:00',NULL,NULL,NULL,0,0,'',0),(431,123,472,14.59,0.00,NULL,1,'2017-11-01 00:00:00',NULL,NULL,NULL,0,0,'',0),(432,124,436,64.73,0.00,NULL,1,'2017-11-10 00:00:00',NULL,NULL,NULL,0,0,'',0),(433,124,470,129.89,0.00,NULL,1,'2017-11-10 00:00:00',NULL,NULL,NULL,0,0,'',0),(434,124,437,0.00,0.00,NULL,1,'2017-11-09 00:00:00',NULL,NULL,NULL,0,0,'',0),(435,124,368,0.00,0.00,NULL,1,'2017-11-10 00:00:00',NULL,NULL,NULL,0,0,'',0),(436,125,427,35.69,0.00,NULL,1,'2017-10-25 00:00:00',NULL,NULL,NULL,0,0,'',0),(437,125,428,0.00,0.00,NULL,1,'2017-10-25 00:00:00',NULL,NULL,NULL,0,0,'',0),(438,125,429,31.37,0.00,NULL,1,'2017-10-25 00:00:00',NULL,NULL,NULL,0,0,'',0),(439,126,436,64.73,0.00,NULL,1,'2017-10-25 00:00:00',NULL,NULL,NULL,0,0,'',0),(440,126,439,86.08,0.00,NULL,1,'2017-10-25 00:00:00',NULL,NULL,NULL,0,0,'',0),(441,126,437,0.00,0.00,NULL,1,'2017-10-24 00:00:00',NULL,NULL,NULL,0,0,'',0),(442,126,443,0.36,0.00,NULL,1,'2017-10-23 00:00:00',NULL,NULL,NULL,0,0,'',0),(443,126,443,0.17,0.00,NULL,1,'2017-10-23 00:00:00',NULL,NULL,NULL,0,0,'',0),(444,126,444,1.69,0.00,NULL,1,'2017-10-23 00:00:00',NULL,NULL,NULL,0,0,'',0),(445,126,444,3.09,0.00,NULL,1,'2017-10-23 00:00:00',NULL,NULL,NULL,0,0,'',0),(446,127,436,64.73,0.00,NULL,1,'2017-11-01 00:00:00',NULL,NULL,NULL,0,0,'',0),(447,127,470,112.62,0.00,NULL,1,'2017-11-01 00:00:00',NULL,NULL,NULL,0,0,'',0),(448,127,437,0.00,0.00,NULL,1,'2017-10-28 00:00:00',NULL,NULL,NULL,0,0,'',0),(449,127,443,1.21,0.00,NULL,1,'2017-10-30 00:00:00',NULL,NULL,NULL,0,0,'',0),(450,127,443,0.57,0.00,NULL,1,'2017-10-30 00:00:00',NULL,NULL,NULL,0,0,'',0),(451,127,444,4.33,0.00,NULL,1,'2017-10-30 00:00:00',NULL,NULL,NULL,0,0,'',0),(452,127,444,4.99,0.00,NULL,1,'2017-10-30 00:00:00',NULL,NULL,NULL,0,0,'',0),(453,127,457,19.10,0.00,NULL,1,'2017-11-01 00:00:00',NULL,NULL,NULL,0,0,'',0),(454,127,443,0.01,0.00,NULL,1,'2017-10-30 00:00:00',NULL,NULL,NULL,0,0,'',0),(455,127,444,0.06,0.00,NULL,1,'2017-10-30 00:00:00',NULL,NULL,NULL,0,0,'',0),(456,128,427,35.69,0.00,NULL,1,'2017-11-10 00:00:00',NULL,NULL,NULL,0,0,'',0),(457,128,428,0.00,0.00,NULL,1,'2017-11-10 00:00:00',NULL,NULL,NULL,0,0,'',0),(458,128,470,129.89,0.00,NULL,1,'2017-11-10 00:00:00',NULL,NULL,NULL,0,0,'',0),(459,128,429,31.37,0.00,NULL,1,'2017-11-10 00:00:00',NULL,NULL,NULL,0,0,'',0),(460,128,368,0.00,0.00,NULL,1,'2017-11-10 00:00:00',NULL,NULL,NULL,0,0,'',0),(461,129,436,64.73,0.00,NULL,1,'2017-10-25 00:00:00',NULL,NULL,NULL,0,0,'',0),(462,129,437,0.00,0.00,NULL,1,'2017-10-24 00:00:00',NULL,NULL,NULL,0,0,'',0),(463,130,427,35.69,0.00,NULL,1,'2017-10-25 00:00:00',NULL,NULL,NULL,0,0,'',0),(464,130,428,0.00,0.00,NULL,1,'2017-10-25 00:00:00',NULL,NULL,NULL,0,0,'',0),(465,130,429,31.37,0.00,NULL,1,'2017-10-25 00:00:00',NULL,NULL,NULL,0,0,'',0),(466,131,436,64.73,0.00,NULL,1,'2017-10-25 00:00:00',NULL,NULL,NULL,0,0,'',0),(467,131,437,0.00,0.00,NULL,1,'2017-10-24 00:00:00',NULL,NULL,NULL,0,0,'',0),(468,132,427,35.69,0.00,NULL,1,'2017-10-25 00:00:00',NULL,NULL,NULL,0,0,'',0),(469,132,428,0.00,0.00,NULL,1,'2017-10-25 00:00:00',NULL,NULL,NULL,0,0,'',0),(470,132,463,109.89,0.00,NULL,1,'2017-10-25 00:00:00',NULL,NULL,NULL,0,0,'',0),(471,132,429,31.37,0.00,NULL,1,'2017-10-25 00:00:00',NULL,NULL,NULL,0,0,'',0),(472,132,368,0.00,0.00,NULL,1,'2017-10-25 00:00:00',NULL,NULL,NULL,0,0,'',0),(473,133,436,64.73,0.00,NULL,1,'2017-11-01 00:00:00',NULL,NULL,NULL,0,0,'',0),(474,133,516,35.03,0.00,NULL,1,'2017-11-01 00:00:00',NULL,NULL,NULL,0,0,'',0),(475,133,437,0.00,0.00,NULL,1,'2017-10-28 00:00:00',NULL,NULL,NULL,0,0,'',0),(476,134,436,64.73,0.00,NULL,1,'2017-10-25 00:00:00',NULL,NULL,NULL,0,0,'',0),(477,134,463,109.89,0.00,NULL,1,'2017-10-25 00:00:00',NULL,NULL,NULL,0,0,'',0),(478,134,437,0.00,0.00,NULL,1,'2017-10-24 00:00:00',NULL,NULL,NULL,0,0,'',0),(479,134,443,0.34,0.00,NULL,1,'2017-10-23 00:00:00',NULL,NULL,NULL,0,0,'',0),(480,134,444,3.49,0.00,NULL,1,'2017-10-23 00:00:00',NULL,NULL,NULL,0,0,'',0),(481,135,427,35.69,0.00,NULL,1,'2017-10-25 00:00:00',NULL,NULL,NULL,0,0,'',0),(482,135,428,0.00,0.00,NULL,1,'2017-10-25 00:00:00',NULL,NULL,NULL,0,0,'',0),(483,135,463,79.47,0.00,NULL,1,'2017-10-25 00:00:00',NULL,NULL,NULL,0,0,'',0),(484,135,429,31.37,0.00,NULL,1,'2017-10-25 00:00:00',NULL,NULL,NULL,0,0,'',0),(485,135,443,0.16,0.00,NULL,1,'2017-10-23 00:00:00',NULL,NULL,NULL,0,0,'',0),(486,135,444,2.35,0.00,NULL,1,'2017-10-23 00:00:00',NULL,NULL,NULL,0,0,'',0),(487,135,368,0.00,0.00,NULL,1,'2017-10-25 00:00:00',NULL,NULL,NULL,0,0,'',0),(488,136,436,64.73,0.00,NULL,1,'2017-10-25 00:00:00',NULL,NULL,NULL,0,0,'',0),(489,136,437,0.00,0.00,NULL,1,'2017-10-24 00:00:00',NULL,NULL,NULL,0,0,'',0),(490,137,436,64.73,0.00,NULL,1,'2017-10-25 00:00:00',NULL,NULL,NULL,0,0,'',0),(491,137,437,0.00,0.00,NULL,1,'2017-10-24 00:00:00',NULL,NULL,NULL,0,0,'',0),(492,138,436,64.73,0.00,NULL,1,'2017-11-01 00:00:00',NULL,NULL,NULL,0,0,'',0),(493,138,437,0.00,0.00,NULL,1,'2017-10-28 00:00:00',NULL,NULL,NULL,0,0,'',0),(494,138,367,0.00,0.00,NULL,1,'2017-10-28 00:00:00',NULL,NULL,NULL,0,0,'',0),(495,138,443,0.88,0.00,NULL,1,'2017-10-30 00:00:00',NULL,NULL,NULL,0,0,'',0),(496,138,443,0.40,0.00,NULL,1,'2017-10-30 00:00:00',NULL,NULL,NULL,0,0,'',0),(497,138,444,3.01,0.00,NULL,1,'2017-10-30 00:00:00',NULL,NULL,NULL,0,0,'',0),(498,138,444,3.62,0.00,NULL,1,'2017-10-30 00:00:00',NULL,NULL,NULL,0,0,'',0),(499,138,457,19.10,0.00,NULL,1,'2017-11-01 00:00:00',NULL,NULL,NULL,0,0,'',0),(500,139,427,35.69,0.00,NULL,1,'2017-10-21 00:00:00',NULL,NULL,NULL,0,0,'',0),(501,139,428,0.00,0.00,NULL,1,'2017-10-21 00:00:00',NULL,NULL,NULL,0,0,'',0),(502,139,439,119.89,0.00,NULL,1,'2017-10-21 00:00:00',NULL,NULL,NULL,0,0,'',0),(503,139,429,31.37,0.00,NULL,1,'2017-10-21 00:00:00',NULL,NULL,NULL,0,0,'',0),(504,139,443,1.27,0.00,NULL,1,'2017-10-18 00:00:00',NULL,NULL,NULL,0,0,'',0),(505,139,444,4.67,0.00,NULL,1,'2017-10-18 00:00:00',NULL,NULL,NULL,0,0,'',0),(506,139,368,0.00,0.00,NULL,1,'2017-10-21 00:00:00',NULL,NULL,NULL,0,0,'',0),(507,140,427,35.69,0.00,NULL,1,'2017-10-25 00:00:00',NULL,NULL,NULL,0,0,'',0),(508,140,428,0.00,0.00,NULL,1,'2017-10-25 00:00:00',NULL,NULL,NULL,0,0,'',0),(509,140,524,154.77,0.00,NULL,1,'2017-10-25 00:00:00',NULL,NULL,NULL,0,0,'',0),(510,140,429,31.37,0.00,NULL,1,'2017-10-25 00:00:00',NULL,NULL,NULL,0,0,'',0),(511,140,443,0.23,0.00,NULL,1,'2017-10-23 00:00:00',NULL,NULL,NULL,0,0,'',0),(512,140,444,3.48,0.00,NULL,1,'2017-10-23 00:00:00',NULL,NULL,NULL,0,0,'',0),(513,141,436,64.73,0.00,NULL,1,'2017-10-17 00:00:00',NULL,NULL,NULL,0,0,'',0),(514,141,437,0.00,0.00,NULL,1,'2017-10-16 00:00:00',NULL,NULL,NULL,0,0,'',0),(515,142,436,51.78,0.00,NULL,1,'2017-10-19 00:00:00',NULL,NULL,NULL,0,0,'',0),(516,142,439,68.86,0.00,NULL,1,'2017-10-19 00:00:00',NULL,NULL,NULL,0,0,'',0),(517,142,437,0.00,0.00,NULL,1,'2017-10-24 00:00:00',NULL,NULL,NULL,0,0,'',0),(518,142,474,11.67,0.00,NULL,1,'2017-10-19 00:00:00',NULL,NULL,NULL,0,0,'',0),(519,143,436,64.73,0.00,NULL,1,'2017-10-25 00:00:00',NULL,NULL,NULL,0,0,'',0),(520,143,473,0.00,0.00,NULL,1,'2017-10-25 00:00:00',NULL,NULL,NULL,0,0,'',0),(521,143,470,112.62,0.00,NULL,1,'2017-10-25 00:00:00',NULL,NULL,NULL,0,0,'',0),(522,143,437,0.00,0.00,NULL,1,'2017-10-24 00:00:00',NULL,NULL,NULL,0,0,'',0),(523,143,443,1.90,0.00,NULL,1,'2017-10-23 00:00:00',NULL,NULL,NULL,0,0,'',0),(524,143,444,4.22,0.00,NULL,1,'2017-10-23 00:00:00',NULL,NULL,NULL,0,0,'',0),(525,143,472,14.59,0.00,NULL,1,'2017-10-25 00:00:00',NULL,NULL,NULL,0,0,'',0),(526,143,526,12.84,0.00,NULL,1,'2017-10-01 00:00:00',NULL,NULL,NULL,0,0,'',0),(527,143,527,6.48,0.00,NULL,1,'2017-10-01 00:00:00',NULL,NULL,NULL,0,0,'',0),(528,144,436,64.73,0.00,NULL,1,'2017-11-01 00:00:00',NULL,NULL,NULL,0,0,'',0),(529,144,426,49.90,0.00,NULL,1,'2017-11-01 00:00:00',NULL,NULL,NULL,0,0,'',0),(530,145,436,64.73,0.00,NULL,1,'2017-11-01 00:00:00',NULL,NULL,NULL,0,0,'',0),(531,145,439,119.89,0.00,NULL,1,'2017-11-01 00:00:00',NULL,NULL,NULL,0,0,'',0),(532,145,437,0.00,0.00,NULL,1,'2017-10-28 00:00:00',NULL,NULL,NULL,0,0,'',0),(533,146,436,64.73,0.00,NULL,1,'2017-10-25 00:00:00',NULL,NULL,NULL,0,0,'',0),(534,146,439,86.08,0.00,NULL,1,'2017-10-25 00:00:00',NULL,NULL,NULL,0,0,'',0),(535,146,437,0.00,0.00,NULL,1,'2017-10-24 00:00:00',NULL,NULL,NULL,0,0,'',0),(536,146,443,0.30,0.00,NULL,1,'2017-10-23 00:00:00',NULL,NULL,NULL,0,0,'',0),(537,146,444,3.02,0.00,NULL,1,'2017-10-23 00:00:00',NULL,NULL,NULL,0,0,'',0),(538,147,436,64.73,0.00,NULL,1,'2017-11-01 00:00:00',NULL,NULL,NULL,0,0,'',0),(539,147,437,0.00,0.00,NULL,1,'2017-10-28 00:00:00',NULL,NULL,NULL,0,0,'',0),(540,148,530,48.92,0.00,NULL,1,'2017-10-17 00:00:00',NULL,NULL,NULL,0,0,'',0),(541,148,437,0.00,0.00,NULL,1,'2017-10-16 00:00:00',NULL,NULL,NULL,0,0,'',0),(542,149,439,30.97,0.00,NULL,1,'2017-10-01 00:00:00',NULL,NULL,NULL,0,0,'',0),(543,149,427,35.69,0.00,NULL,1,'2017-10-25 00:00:00',NULL,NULL,NULL,0,0,'',0),(544,149,428,0.00,0.00,NULL,1,'2017-10-25 00:00:00',NULL,NULL,NULL,0,0,'',0),(545,149,439,95.91,0.00,NULL,1,'2017-10-25 00:00:00',NULL,NULL,NULL,0,0,'',0),(546,149,429,31.37,0.00,NULL,1,'2017-10-25 00:00:00',NULL,NULL,NULL,0,0,'',0),(547,149,368,0.00,0.00,NULL,1,'2017-10-01 00:00:00',NULL,NULL,NULL,0,0,'',0),(548,149,443,0.37,0.00,NULL,1,'2017-10-23 00:00:00',NULL,NULL,NULL,0,0,'',0),(549,149,444,4.45,0.00,NULL,1,'2017-10-23 00:00:00',NULL,NULL,NULL,0,0,'',0),(550,149,368,0.00,0.00,NULL,1,'2017-10-25 00:00:00',NULL,NULL,NULL,0,0,'',0),(551,150,436,64.73,0.00,NULL,1,'2017-11-01 00:00:00',NULL,NULL,NULL,0,0,'',0),(552,150,473,0.00,0.00,NULL,1,'2017-11-01 00:00:00',NULL,NULL,NULL,0,0,'',0),(553,150,439,119.89,0.00,NULL,1,'2017-11-01 00:00:00',NULL,NULL,NULL,0,0,'',0),(554,150,437,0.00,0.00,NULL,1,'2017-10-28 00:00:00',NULL,NULL,NULL,0,0,'',0),(555,150,368,0.00,0.00,NULL,1,'2017-11-01 00:00:00',NULL,NULL,NULL,0,0,'',0),(556,150,472,14.59,0.00,NULL,1,'2017-11-01 00:00:00',NULL,NULL,NULL,0,0,'',0),(557,151,427,35.69,0.00,NULL,1,'2017-11-01 00:00:00',NULL,NULL,NULL,0,0,'',0),(558,151,428,0.00,0.00,NULL,1,'2017-11-01 00:00:00',NULL,NULL,NULL,0,0,'',0),(559,151,429,31.37,0.00,NULL,1,'2017-11-01 00:00:00',NULL,NULL,NULL,0,0,'',0),(560,152,427,35.69,0.00,NULL,1,'2017-10-21 00:00:00',NULL,NULL,NULL,0,0,'',0),(561,152,428,0.00,0.00,NULL,1,'2017-10-21 00:00:00',NULL,NULL,NULL,0,0,'',0),(562,152,533,124.98,0.00,NULL,1,'2017-10-21 00:00:00',NULL,NULL,NULL,0,0,'',0),(563,152,429,31.37,0.00,NULL,1,'2017-10-21 00:00:00',NULL,NULL,NULL,0,0,'',0),(564,153,534,0.00,0.00,NULL,1,'2017-10-21 00:00:00',NULL,NULL,NULL,0,0,'',0),(565,153,535,561.72,0.00,NULL,1,'2017-10-21 00:00:00',NULL,NULL,NULL,0,0,'',0),(566,153,437,0.00,0.00,NULL,1,'2017-10-20 00:00:00',NULL,NULL,NULL,0,0,'',0);
/*!40000 ALTER TABLE `contaunidadeconsumotelefoniaOutros` ENABLE KEYS */;
UNLOCK TABLES;

--
-- Table structure for table `contaunidadeconsumotelefoniaVoz`
--

DROP TABLE IF EXISTS `contaunidadeconsumotelefoniaVoz`;
/*!40101 SET @saved_cs_client     = @@character_set_client */;
/*!40101 SET character_set_client = utf8 */;
CREATE TABLE `contaunidadeconsumotelefoniaVoz` (
  `ContaUnidadeConsumoTelefoniaVozId` int(11) NOT NULL AUTO_INCREMENT,
  `FkContaUnidadeCTVozContaUnidadeId` int(11) NOT NULL,
  `FkContaUnidadeCTVozServicoId` int(11) NOT NULL,
  `ContaUnidadeCTVozNumeroChamado` varchar(20) DEFAULT NULL,
  `ContaUnidadeCTVozDataOperacao` datetime DEFAULT NULL,
  `ContaUnidadeCTVozDataHoraOperacao` datetime DEFAULT NULL,
  `ContaUnidadeCTVozDuracao` float DEFAULT NULL,
  `ContaUnidadeCTVozValorBruto` decimal(10,2) DEFAULT NULL,
  `ContaUnidadeCTVozValorConsumoPacote` decimal(10,2) DEFAULT NULL,
  `ContaUnidadeCTVozDegrauTarifario` varchar(30) DEFAULT NULL,
  `ContaUnidadeCTVozEocOrigem` varchar(30) DEFAULT NULL,
  `ContaUnidadeCTVozEocDestino` varchar(70) DEFAULT NULL,
  `FkContaUnidadeCTVozNumeroDestino` int(11) DEFAULT NULL,
  `ContaUnidadeCTVozQtChamadas` int(11) DEFAULT NULL,
  PRIMARY KEY (`ContaUnidadeConsumoTelefoniaVozId`),
  KEY `FkContaUnidadeCTVozContaUnidadeId2_idx` (`FkContaUnidadeCTVozContaUnidadeId`),
  KEY `FkContaUnidadeCTVozServicoId4_idx` (`FkContaUnidadeCTVozServicoId`),
  KEY `FkContaUnidadeCTVozNumeroDestino_idx` (`FkContaUnidadeCTVozNumeroDestino`),
  CONSTRAINT `FkContaUnidadeCTVozContaUnidadeId2` FOREIGN KEY (`FkContaUnidadeCTVozContaUnidadeId`) REFERENCES `contaunidade` (`ContaUnidadeId`) ON DELETE NO ACTION ON UPDATE NO ACTION,
  CONSTRAINT `FkContaUnidadeCTVozNumeroDestino` FOREIGN KEY (`FkContaUnidadeCTVozNumeroDestino`) REFERENCES `unidade` (`UnidadeId`) ON DELETE NO ACTION ON UPDATE NO ACTION,
  CONSTRAINT `FkContaUnidadeCTVozServicoId4` FOREIGN KEY (`FkContaUnidadeCTVozServicoId`) REFERENCES `servico` (`ServicoId`) ON DELETE NO ACTION ON UPDATE NO ACTION
) ENGINE=InnoDB AUTO_INCREMENT=857 DEFAULT CHARSET=latin1;
/*!40101 SET character_set_client = @saved_cs_client */;

--
-- Dumping data for table `contaunidadeconsumotelefoniaVoz`
--

LOCK TABLES `contaunidadeconsumotelefoniaVoz` WRITE;
/*!40000 ALTER TABLE `contaunidadeconsumotelefoniaVoz` DISABLE KEYS */;
INSERT INTO `contaunidadeconsumotelefoniaVoz` VALUES (1,6,353,NULL,NULL,NULL,196,0.00,0.00,NULL,NULL,'',NULL,1),(2,6,353,NULL,NULL,NULL,196,0.00,0.00,NULL,NULL,'',NULL,1),(3,6,353,NULL,NULL,NULL,196,0.00,0.00,NULL,NULL,'',NULL,1),(4,6,353,NULL,NULL,NULL,196,0.00,0.00,NULL,NULL,'',NULL,1),(5,6,354,NULL,NULL,NULL,102.3,0.00,0.00,NULL,NULL,'',NULL,1),(6,6,355,NULL,NULL,NULL,67.5,0.00,0.00,NULL,NULL,'',NULL,1),(7,6,356,NULL,NULL,NULL,14,0.00,0.00,NULL,NULL,'',NULL,1),(8,9,361,'',NULL,NULL,NULL,0.00,0.00,'',NULL,'',NULL,1),(9,9,362,'4833800023','2018-03-27 09:11:01','2009-11-01 00:00:00',1,0.00,0.00,'Normal',NULL,'FLORIANOPOLIS',NULL,1),(10,9,362,'4833715231','2018-04-03 16:10:18','2016-10-18 00:00:00',1.3,0.00,0.00,'Normal',NULL,'FLORIANOPOLIS',NULL,1),(11,9,362,'4830290099','2018-04-13 10:08:28','2010-08-28 00:00:00',3.6,0.00,0.00,'Normal',NULL,'FLORIANOPOLIS',NULL,1),(12,9,362,'4740038558','2018-04-13 15:04:23','2015-04-23 00:00:00',1,0.00,0.00,'Normal',NULL,'BLUMENAU',NULL,1),(13,9,363,'4747996678071','2018-04-06 12:09:10','2012-09-10 00:00:00',1.4,1.64,0.00,'Normal',NULL,'LIGACAO CELULAR AREA',NULL,1),(14,9,363,'4747996145417','2018-04-09 11:11:03','2011-11-03 00:00:00',2.5,2.94,0.00,'Normal',NULL,'LIGACAO CELULAR AREA',NULL,1),(15,9,363,'4747996179830','2018-04-09 18:06:25','2018-06-25 00:00:00',6.9,7.47,0.00,'Reduzido',NULL,'LIGACAO CELULAR AREA',NULL,1),(16,9,363,'4747996179830','2018-04-13 09:04:22','2009-04-22 00:00:00',1,1.17,0.00,'Normal',NULL,'LIGACAO CELULAR AREA',NULL,1),(17,9,363,'4747996019593','2018-04-19 14:08:23','2014-08-23 00:00:00',1,1.17,0.00,'Normal',NULL,'LIGACAO CELULAR AREA',NULL,1),(18,9,363,'4747988446313','2018-04-19 15:04:21','2015-04-21 00:00:00',1,1.17,0.00,'Normal',NULL,'LIGACAO CELULAR AREA',NULL,1),(19,9,363,'4747996203274','2018-04-19 16:01:23','2016-01-23 00:00:00',1,1.17,0.00,'Normal',NULL,'LIGACAO CELULAR AREA',NULL,1),(20,9,363,'4747999235498','2018-04-23 10:06:05','2010-06-05 00:00:00',1.4,1.64,0.00,'Normal',NULL,'LIGACAO CELULAR AREA',NULL,1),(21,10,370,'','2017-08-24 00:00:00',NULL,23.4,0.00,0.00,'','6233366059','',NULL,1),(22,10,370,'','2017-08-24 00:00:00',NULL,14,0.00,0.00,'','6233366059','',NULL,1),(23,10,371,'','2017-07-25 00:00:00',NULL,37.4,0.00,0.00,'','6233366059','',NULL,1),(24,10,372,'','2017-07-25 00:00:00',NULL,150,0.00,0.00,'','6233366059','',NULL,1),(25,10,373,'','2017-08-24 00:00:00',NULL,0,0.00,0.00,'','6233366059','',NULL,1),(26,10,374,'','2017-08-24 00:00:00',NULL,0.7,0.00,0.00,'','6233366059','',NULL,1),(27,11,379,'','2017-08-01 00:00:00',NULL,27.3,0.44,0.00,'V1','99643-0410','Chamada Local Celular',NULL,1),(28,13,379,'','2017-08-01 00:00:00',NULL,131.9,5.92,0.00,'V1','99968-0577','Chamada Local Celular',NULL,1),(29,14,382,'','2017-08-01 00:00:00',NULL,23.4,0.00,0.00,'V1','99992-7222','Chamada Local Celular',NULL,1),(30,15,388,'',NULL,NULL,1538,95.99,0.00,NULL,NULL,'',NULL,1),(31,15,389,'',NULL,NULL,NULL,140.49,0.00,NULL,NULL,'',NULL,1),(32,15,390,'011957863186','2016-10-21 11:12:01','2011-12-01 00:00:00',1.1,0.81,0.00,NULL,NULL,'CELULAR 011 VIVO SP',NULL,1),(33,15,390,'011998990243','2016-10-21 14:01:28','2014-01-28 00:00:00',1,0.81,0.00,NULL,NULL,'CELULAR 011 VIVO SP',NULL,1),(34,15,390,'011963848027','2016-10-21 17:05:05','2017-05-05 00:00:00',0.8,0.59,0.00,NULL,NULL,'CELULAR 011 VIVO SP',NULL,1),(35,15,390,'011985510915','2016-10-24 10:06:15','2010-06-15 00:00:00',1.3,0.96,0.00,NULL,NULL,'CELULAR 011 TIM SP',NULL,1),(36,15,390,'011957863186','2016-10-24 14:02:06','2014-02-06 00:00:00',0.9,0.66,0.00,NULL,NULL,'CELULAR 011 VIVO SP',NULL,1),(37,15,390,'011979754390','2016-10-24 15:01:10','2015-01-10 00:00:00',1,0.81,0.00,NULL,NULL,'CELULAR 011 OI SP',NULL,1),(38,15,390,'011995958791','2016-10-24 15:02:15','2015-02-15 00:00:00',1.7,1.25,0.00,NULL,NULL,'CELULAR 011 VIVO SP',NULL,1),(39,15,390,'011955788087','2016-10-24 15:11:09','2015-11-09 00:00:00',2.2,1.62,0.00,NULL,NULL,'CELULAR 011 VIVO SP',NULL,1),(40,15,390,'011995209061','2016-10-25 09:04:10','2009-04-10 00:00:00',1,0.81,0.00,NULL,NULL,'CELULAR 011 VIVO SP',NULL,1),(41,15,390,'011995958791','2016-10-25 14:07:08','2014-07-08 00:00:00',0.5,0.36,0.00,NULL,NULL,'CELULAR 011 VIVO SP',NULL,1),(42,15,390,'011975450881','2016-10-25 15:10:09','2015-10-09 00:00:00',2,1.63,0.00,NULL,NULL,'CELULAR 011 VIVO SP',NULL,1),(43,15,390,'011984846882','2016-10-25 16:02:11','2016-02-11 00:00:00',6.5,5.31,0.00,NULL,NULL,'CELULAR 011 TIM SP',NULL,1),(44,15,390,'011995176181','2016-10-25 16:05:19','2016-05-19 00:00:00',1,0.81,0.00,NULL,NULL,'CELULAR 011 VIVO SP',NULL,1),(45,15,390,'011995575478','2016-10-25 16:09:30','2016-09-30 00:00:00',10.5,8.57,0.00,NULL,NULL,'CELULAR 011 VIVO SP',NULL,1),(46,15,390,'011998923824','2016-10-26 10:01:16','2010-01-16 00:00:00',1,0.81,0.00,NULL,NULL,'CELULAR 011 VIVO SP',NULL,1),(47,15,390,'011999937954','2016-10-26 11:03:11','2011-03-11 00:00:00',1,0.81,0.00,NULL,NULL,'CELULAR 011 VIVO SP',NULL,1),(48,15,390,'011998923824','2016-10-26 13:02:14','2013-02-14 00:00:00',1,0.81,0.00,NULL,NULL,'CELULAR 011 VIVO SP',NULL,1),(49,15,390,'011972042160','2016-10-26 16:10:08','2016-10-08 00:00:00',5.9,4.35,0.00,NULL,NULL,'CELULAR 011 VIVO SP',NULL,1),(50,15,390,'01177457246','2016-10-27 09:08:04','2009-08-04 00:00:00',1,0.81,0.00,NULL,NULL,'CELULAR 011 NEXTEL SP',NULL,1),(51,15,390,'011954948663','2016-10-27 10:11:17','2010-11-17 00:00:00',3.5,2.85,0.00,NULL,NULL,'CELULAR 011 TIM SP',NULL,1),(52,15,390,'011941014123','2016-10-27 11:07:12','2011-07-12 00:00:00',4.5,3.67,0.00,NULL,NULL,'CELULAR 011 VIVO SP',NULL,1),(53,15,390,'011972042160','2016-10-27 14:02:01','2014-02-01 00:00:00',2.9,2.14,0.00,NULL,NULL,'CELULAR 011 VIVO SP',NULL,1),(54,15,390,'011997593930','2016-10-27 15:06:29','2015-06-29 00:00:00',11.5,9.39,0.00,NULL,NULL,'CELULAR 011 VIVO SP',NULL,1),(55,15,390,'011999937954','2016-10-27 17:02:22','2017-02-22 00:00:00',1,0.81,0.00,NULL,NULL,'CELULAR 011 VIVO SP',NULL,1),(56,15,390,'011941014123','2016-10-31 09:10:16','2009-10-16 00:00:00',1,0.81,0.00,NULL,NULL,'CELULAR 011 VIVO SP',NULL,1),(57,15,390,'011951730635','2016-10-31 13:08:15','2013-08-15 00:00:00',6,4.90,0.00,NULL,NULL,'CELULAR 011 TIM SP',NULL,1),(58,15,390,'011998842262','2016-10-31 14:04:16','2014-04-16 00:00:00',2.5,2.04,0.00,NULL,NULL,'CELULAR 011 VIVO SP',NULL,1),(59,15,390,'011997522433','2016-10-31 16:03:19','2016-03-19 00:00:00',1,0.81,0.00,NULL,NULL,'CELULAR 011 VIVO SP',NULL,1),(60,15,390,'011947505330','2016-11-01 13:12:29','2013-12-29 00:00:00',1,0.81,0.00,NULL,NULL,'CELULAR 011 NEXTEL SP',NULL,1),(61,15,390,'011995120237','2016-11-01 14:12:26','2014-12-26 00:00:00',1,0.81,0.00,NULL,NULL,'CELULAR 011 VIVO SP',NULL,1),(62,15,390,'011957669721','2016-11-01 17:07:02','2017-07-02 00:00:00',3,2.45,0.00,NULL,NULL,'CELULAR 011 CLARO SP',NULL,1),(63,15,390,'011971160276','2016-11-07 09:05:25','2009-05-25 00:00:00',3.5,2.85,0.00,NULL,NULL,'CELULAR 011 VIVO SP',NULL,1),(64,15,390,'011999219202','2016-11-07 10:12:13','2010-12-13 00:00:00',1.5,1.22,0.00,NULL,NULL,'CELULAR 011 VIVO SP',NULL,1),(65,15,390,'011972107281','2016-11-07 11:05:20','2011-05-20 00:00:00',24,19.60,0.00,NULL,NULL,'CELULAR 011 VIVO SP',NULL,1),(66,15,390,'011974019189','2016-11-07 11:10:27','2011-10-27 00:00:00',1,0.81,0.00,NULL,NULL,'CELULAR 011 VIVO SP',NULL,1),(67,15,390,'011977605549','2016-11-07 13:08:14','2013-08-14 00:00:00',6.5,5.31,0.00,NULL,NULL,'CELULAR 011 TIM SP',NULL,1),(68,15,390,'011954948663','2016-11-07 14:02:04','2014-02-04 00:00:00',1,0.81,0.00,NULL,NULL,'CELULAR 011 TIM SP',NULL,1),(69,15,390,'011974351822','2016-11-07 15:03:03','2015-03-03 00:00:00',2.5,2.04,0.00,NULL,NULL,'CELULAR 011 VIVO SP',NULL,1),(70,15,390,'011972042160','2016-11-07 15:05:29','2015-05-29 00:00:00',2.1,1.55,0.00,NULL,NULL,'CELULAR 011 VIVO SP',NULL,1),(71,15,390,'011955302283','2016-11-07 15:11:06','2015-11-06 00:00:00',3.1,2.28,0.00,NULL,NULL,'CELULAR 011 VIVO SP',NULL,1),(72,15,390,'011972042160','2016-11-07 16:11:05','2016-11-05 00:00:00',2.5,2.04,0.00,NULL,NULL,'CELULAR 011 VIVO SP',NULL,1),(73,15,390,'011971615372','2016-11-08 09:10:12','2009-10-12 00:00:00',0.9,0.66,0.00,NULL,NULL,'CELULAR 011 VIVO SP',NULL,1),(74,15,390,'011971615372','2016-11-08 14:04:24','2014-04-24 00:00:00',1.7,1.25,0.00,NULL,NULL,'CELULAR 011 VIVO SP',NULL,1),(75,15,390,'011986025044','2016-11-08 14:06:08','2014-06-08 00:00:00',1.9,1.40,0.00,NULL,NULL,'CELULAR 011 TIM SP',NULL,1),(76,15,390,'011986025044','2016-11-09 08:07:14','2008-07-14 00:00:00',1.6,1.18,0.00,NULL,NULL,'CELULAR 011 TIM SP',NULL,1),(77,15,390,'011997462322','2016-11-09 09:06:14','2009-06-14 00:00:00',4.5,3.67,0.00,NULL,NULL,'CELULAR 011 VIVO SP',NULL,1),(78,15,390,'011998204129','2016-11-09 11:08:21','2011-08-21 00:00:00',1.5,1.22,0.00,NULL,NULL,'CELULAR 011 VIVO SP',NULL,1),(79,15,390,'011998525418','2016-11-09 13:03:15','2013-03-15 00:00:00',0.9,0.66,0.00,NULL,NULL,'CELULAR 011 VIVO SP',NULL,1),(80,15,390,'011995209061','2016-11-09 16:09:01','2016-09-01 00:00:00',1,0.81,0.00,NULL,NULL,'CELULAR 011 VIVO SP',NULL,1),(81,15,390,'011995209061','2016-11-09 16:10:22','2016-10-22 00:00:00',1,0.81,0.00,NULL,NULL,'CELULAR 011 VIVO SP',NULL,1),(82,15,390,'011995387828','2016-11-10 09:09:06','2009-09-06 00:00:00',0.6,0.44,0.00,NULL,NULL,'CELULAR 011 VIVO SP',NULL,1),(83,15,390,'011995387828','2016-11-10 09:10:11','2009-10-11 00:00:00',10.4,7.68,0.00,NULL,NULL,'CELULAR 011 VIVO SP',NULL,1),(84,15,390,'011963848027','2016-11-10 10:06:05','2010-06-05 00:00:00',0.8,0.59,0.00,NULL,NULL,'CELULAR 011 VIVO SP',NULL,1),(85,15,390,'011986025044','2016-11-10 15:03:15','2015-03-15 00:00:00',1.9,1.40,0.00,NULL,NULL,'CELULAR 011 TIM SP',NULL,1),(86,15,390,'011999219202','2016-11-11 09:02:28','2009-02-28 00:00:00',1,0.81,0.00,NULL,NULL,'CELULAR 011 VIVO SP',NULL,1),(87,15,390,'011947311050','2016-11-11 11:07:08','2011-07-08 00:00:00',7,5.71,0.00,NULL,NULL,'CELULAR 011 NEXTEL SP',NULL,1),(88,15,390,'011996029628','2016-11-11 11:07:26','2011-07-26 00:00:00',1,0.81,0.00,NULL,NULL,'CELULAR 011 VIVO SP',NULL,1),(89,15,390,'011987722935','2016-11-11 11:09:21','2011-09-21 00:00:00',1,0.81,0.00,NULL,NULL,'CELULAR 011 TIM SP',NULL,1),(90,15,390,'011968460166','2016-11-11 11:10:31','2011-10-31 00:00:00',0.5,0.36,0.00,NULL,NULL,'CELULAR 011 VIVO SP',NULL,1),(91,16,391,NULL,'2018-09-10 00:00:00',NULL,NULL,263.23,0.00,NULL,NULL,'',NULL,1),(92,16,392,NULL,'2018-09-10 00:00:00',NULL,NULL,175.48,0.00,NULL,NULL,'',NULL,1),(93,17,393,NULL,'2018-09-10 00:00:00',NULL,NULL,367.01,0.00,NULL,NULL,'',NULL,1),(94,17,394,NULL,'2018-09-10 00:00:00',NULL,NULL,1709.30,0.00,NULL,NULL,'',NULL,1),(95,18,393,NULL,'2018-09-10 00:00:00',NULL,NULL,367.01,0.00,NULL,NULL,'',NULL,1),(96,18,394,NULL,'2018-09-10 00:00:00',NULL,NULL,1709.30,0.00,NULL,NULL,'',NULL,1),(97,19,391,NULL,'2018-09-10 00:00:00',NULL,NULL,263.23,0.00,NULL,NULL,'',NULL,1),(98,19,392,NULL,'2018-09-10 00:00:00',NULL,NULL,175.48,0.00,NULL,NULL,'',NULL,1),(99,20,395,NULL,'2018-09-10 00:00:00',NULL,NULL,300.00,0.00,NULL,NULL,'',NULL,1),(100,20,396,NULL,'2018-09-10 00:00:00',NULL,NULL,200.00,0.00,NULL,NULL,'',NULL,1),(101,21,395,NULL,'2018-09-26 00:00:00',NULL,NULL,139.99,0.00,NULL,NULL,'',NULL,1),(102,21,397,NULL,NULL,NULL,NULL,4424.00,0.00,NULL,NULL,'',NULL,1),(103,21,398,NULL,NULL,NULL,NULL,0.00,0.00,NULL,NULL,'',NULL,1),(104,21,396,NULL,'2018-09-26 00:00:00',NULL,NULL,93.33,0.00,NULL,NULL,'',NULL,1),(105,22,395,NULL,'2018-09-10 00:00:00',NULL,NULL,300.00,0.00,NULL,NULL,'',NULL,1),(106,22,396,NULL,'2018-09-10 00:00:00',NULL,NULL,200.00,0.00,NULL,NULL,'',NULL,1),(107,23,395,NULL,'2018-09-24 00:00:00',NULL,NULL,160.00,0.00,NULL,NULL,'',NULL,1),(108,23,398,NULL,NULL,NULL,NULL,0.00,0.00,NULL,NULL,'',NULL,1),(109,23,396,NULL,'2018-09-24 00:00:00',NULL,NULL,106.67,0.00,NULL,NULL,'',NULL,1),(110,24,395,NULL,'2018-10-05 00:00:00',NULL,NULL,50.00,0.00,NULL,NULL,'',NULL,1),(111,24,397,NULL,NULL,NULL,NULL,5688.00,0.00,NULL,NULL,'',NULL,1),(112,24,398,NULL,NULL,NULL,NULL,0.00,0.00,NULL,NULL,'',NULL,1),(113,24,396,NULL,'2018-10-05 00:00:00',NULL,NULL,33.34,0.00,NULL,NULL,'',NULL,1),(114,25,395,NULL,'2018-09-21 00:00:00',NULL,NULL,190.00,0.00,NULL,NULL,'',NULL,1),(115,25,397,NULL,NULL,NULL,NULL,1264.00,0.00,NULL,NULL,'',NULL,1),(116,25,398,NULL,NULL,NULL,NULL,0.00,0.00,NULL,NULL,'',NULL,1),(117,25,396,NULL,'2018-09-21 00:00:00',NULL,NULL,126.67,0.00,NULL,NULL,'',NULL,1),(118,26,399,NULL,'2018-09-10 00:00:00',NULL,NULL,2141.47,0.00,NULL,NULL,'',NULL,1),(119,26,400,NULL,'2018-09-10 00:00:00',NULL,NULL,1427.64,0.00,NULL,NULL,'',NULL,1),(120,30,410,'081-99242-4678','2018-08-27 17:11:12','2017-11-12 00:00:00',3,0.00,0.00,NULL,NULL,'PE MOVEL - AREA 81',NULL,1),(121,30,410,'081-98194-6154','2018-09-03 10:08:13','2010-08-13 00:00:00',2.4,0.00,0.00,NULL,NULL,'PE MOVEL - AREA 81',NULL,1),(122,30,410,'081-97113-7185','2018-09-17 23:05:01','2023-05-01 00:00:00',0.8,0.00,0.00,NULL,NULL,'PE MOVEL - AREA 81',NULL,1),(123,30,410,'081-98641-6802','2018-09-24 15:01:14','2015-01-14 00:00:00',2,0.00,0.00,NULL,NULL,'PE MOVEL - AREA 81',NULL,1),(124,30,408,'048-3438-1362','2018-09-06 18:02:09','2018-02-09 00:00:00',11.4,0.00,0.00,NULL,NULL,'SC FIXO - AREA 48',NULL,1),(125,30,408,'048-3467-1628','2018-09-10 16:11:30','2016-11-30 00:00:00',2.5,0.00,0.00,NULL,NULL,'SC FIXO - AREA 48',NULL,1),(126,30,409,'048-99182-9011','2018-08-27 13:05:23','2013-05-23 00:00:00',1.8,0.00,0.00,NULL,NULL,'SC MOVEL - AREA 48',NULL,1),(127,30,409,'048-99993-1005','2018-09-19 10:02:14','2010-02-14 00:00:00',9.4,0.00,0.00,NULL,NULL,'SC MOVEL - AREA 48',NULL,1),(128,30,409,'048-99182-9011','2018-09-20 10:03:21','2010-03-21 00:00:00',0.6,0.00,0.00,NULL,NULL,'SC MOVEL - AREA 48',NULL,1),(129,31,410,'098-3231-8765','2018-09-24 15:05:30','2015-05-30 00:00:00',1.4,0.00,0.00,NULL,NULL,'MA FIXO - AREA 98',NULL,1),(130,32,410,'053-99102-0818','2018-09-17 16:08:05','2016-08-05 00:00:00',9,0.00,0.00,NULL,NULL,'RS MOVEL - AREA 53',NULL,1),(131,32,409,'048-98481-5719','2018-08-30 13:03:17','2013-03-17 00:00:00',1.4,0.00,0.00,NULL,NULL,'SC MOVEL - AREA 48',NULL,1),(132,33,410,'051-99366-6246','2018-09-18 17:06:26','2017-06-26 00:00:00',5.3,0.00,0.00,NULL,NULL,'RS MOVEL - AREA 51',NULL,1),(133,33,409,'048-99947-1990','2018-09-05 12:10:16','2012-10-16 00:00:00',0.5,0.00,0.00,NULL,NULL,'SC MOVEL - AREA 48',NULL,1),(134,34,410,'021-98650-1079','2018-08-27 15:10:08','2015-10-08 00:00:00',2.4,0.00,0.00,NULL,NULL,'RJ MOVEL - AREA 21',NULL,1),(135,34,410,'091-99391-3544','2018-08-30 09:03:14','2009-03-14 00:00:00',1.6,0.00,0.00,NULL,NULL,'PA MOVEL - AREA 91',NULL,1),(136,34,410,'051-99754-0656','2018-08-31 09:10:30','2009-10-30 00:00:00',1,0.00,0.00,NULL,NULL,'RS MOVEL - AREA 51',NULL,1),(137,34,410,'051-99847-6080','2018-09-06 08:06:03','2008-06-03 00:00:00',1.1,0.00,0.00,NULL,NULL,'RS MOVEL - AREA 51',NULL,1),(138,34,410,'091-99391-3544','2018-09-06 09:01:14','2009-01-14 00:00:00',1.9,0.00,0.00,NULL,NULL,'PA MOVEL - AREA 91',NULL,1),(139,34,410,'051-98922-0020','2018-09-06 11:07:29','2011-07-29 00:00:00',0.6,0.00,0.00,NULL,NULL,'RS MOVEL - AREA 51',NULL,1),(140,34,410,'011-99155-8530','2018-09-06 16:07:17','2016-07-17 00:00:00',1.9,0.00,0.00,NULL,NULL,'SP MOVEL - AREA 11',NULL,1),(141,34,410,'087-99150-9694','2018-09-11 15:04:03','2015-04-03 00:00:00',1.6,0.00,0.00,NULL,NULL,'PE MOVEL - AREA 87',NULL,1),(142,34,410,'068-99944-5725','2018-09-14 13:06:05','2013-06-05 00:00:00',0.5,0.00,0.00,NULL,NULL,'AC MOVEL - AREA 68',NULL,1),(143,34,410,'081-98759-1451','2018-09-19 10:07:15','2010-07-15 00:00:00',3.3,0.00,0.00,NULL,NULL,'PE MOVEL - AREA 81',NULL,1),(144,34,410,'051-99379-2431','2018-09-19 13:06:16','2013-06-16 00:00:00',3,0.00,0.00,NULL,NULL,'RS MOVEL - AREA 51',NULL,1),(145,34,410,'021-98650-1079','2018-09-24 16:03:15','2016-03-15 00:00:00',1.5,0.00,0.00,NULL,NULL,'RJ MOVEL - AREA 21',NULL,1),(146,34,409,'048-98833-7556','2018-09-04 15:04:01','2015-04-01 00:00:00',0.5,0.00,0.00,NULL,NULL,'SC MOVEL - AREA 48',NULL,1),(147,34,409,'048-99959-0707','2018-09-21 14:07:20','2014-07-20 00:00:00',1.4,0.00,0.00,NULL,NULL,'SC MOVEL - AREA 48',NULL,1),(148,35,409,'048-99984-8228','2018-08-28 15:08:27','2015-08-27 00:00:00',0.6,0.00,0.00,NULL,NULL,'SC MOVEL - AREA 48',NULL,1),(149,35,409,'048-99932-8640','2018-09-03 11:11:26','2011-11-26 00:00:00',0.6,0.00,0.00,NULL,NULL,'SC MOVEL - AREA 48',NULL,1),(150,35,409,'048-99623-8400','2018-09-12 15:06:17','2015-06-17 00:00:00',0.7,0.00,0.00,NULL,NULL,'SC MOVEL - AREA 48',NULL,1),(151,35,409,'048-99623-8400','2018-09-13 11:03:09','2011-03-09 00:00:00',0.5,0.00,0.00,NULL,NULL,'SC MOVEL - AREA 48',NULL,1),(152,35,409,'048-99623-8400','2018-09-13 14:04:24','2014-04-24 00:00:00',0.5,0.00,0.00,NULL,NULL,'SC MOVEL - AREA 48',NULL,1),(153,35,409,'048-99809-0010','2018-09-19 16:03:03','2016-03-03 00:00:00',0.5,0.00,0.00,NULL,NULL,'SC MOVEL - AREA 48',NULL,1),(154,36,410,'011-98229-0383','2018-09-13 15:10:06','2015-10-06 00:00:00',3.3,0.00,0.00,NULL,NULL,'SP MOVEL - AREA 11',NULL,1),(155,36,410,'087-99111-0946','2018-09-17 17:01:19','2017-01-19 00:00:00',12.2,0.00,0.00,NULL,NULL,'PE MOVEL - AREA 87',NULL,1),(156,36,408,'048-3438-4161','2018-08-27 16:04:06','2016-04-06 00:00:00',0.9,0.00,0.00,NULL,NULL,'SC FIXO - AREA 48',NULL,1),(157,36,408,'048-3411-5677','2018-09-15 01:05:11','2001-05-11 00:00:00',0.5,0.00,0.00,NULL,NULL,'SC FIXO - AREA 48',NULL,1),(158,36,408,'048-3411-5677','2018-09-19 11:04:07','2011-04-07 00:00:00',0.6,0.00,0.00,NULL,NULL,'SC FIXO - AREA 48',NULL,1),(159,38,410,'051-99157-4730','2018-08-30 14:04:27','2014-04-27 00:00:00',9.8,0.00,0.00,NULL,NULL,'RS MOVEL - AREA 51',NULL,1),(160,38,410,'048-99131-8448','2018-09-05 16:04:11','2016-04-11 00:00:00',4.8,0.00,0.00,NULL,NULL,'SC MOVEL - AREA 48',NULL,1),(161,38,408,'048-3413-6595','2018-09-20 08:08:19','2008-08-19 00:00:00',1.3,0.00,0.00,NULL,NULL,'SC FIXO - AREA 48',NULL,1),(162,38,409,'048-99993-1005','2018-09-04 17:11:19','2017-11-19 00:00:00',10.3,0.00,0.00,NULL,NULL,'SC MOVEL - AREA 48',NULL,1),(163,38,409,'048-99623-8400','2018-09-06 14:09:16','2014-09-16 00:00:00',0.5,0.00,0.00,NULL,NULL,'SC MOVEL - AREA 48',NULL,1),(164,39,410,'011-98229-0383','2018-08-31 10:04:14','2010-04-14 00:00:00',2.5,0.00,0.00,NULL,NULL,'SP MOVEL - AREA 11',NULL,1),(165,39,409,'048-99189-0916','2018-09-10 17:07:03','2017-07-03 00:00:00',7.3,0.00,0.00,NULL,NULL,'SC MOVEL - AREA 48',NULL,1),(166,40,408,'048-3432-4606','2018-08-29 14:08:11','2014-08-11 00:00:00',2.1,0.00,0.00,NULL,NULL,'SC FIXO - AREA 48',NULL,1),(167,42,409,'048-98833-7556','2018-08-28 15:11:15','2015-11-15 00:00:00',0.5,0.00,0.00,NULL,NULL,'SC MOVEL - AREA 48',NULL,1),(168,42,409,'048-98833-7556','2018-08-31 14:05:10','2014-05-10 00:00:00',0.6,0.00,0.00,NULL,NULL,'SC MOVEL - AREA 48',NULL,1),(169,42,409,'048-98833-7556','2018-09-04 08:08:12','2008-08-12 00:00:00',0.5,0.00,0.00,NULL,NULL,'SC MOVEL - AREA 48',NULL,1),(170,42,409,'048-99124-1076','2018-09-11 13:11:29','2013-11-29 00:00:00',0.7,0.00,0.00,NULL,NULL,'SC MOVEL - AREA 48',NULL,1),(171,42,409,'048-99183-8696','2018-09-12 11:11:02','2011-11-02 00:00:00',0.5,0.00,0.00,NULL,NULL,'SC MOVEL - AREA 48',NULL,1),(172,44,408,'048-3478-6841','2018-08-25 10:10:02','2010-10-02 00:00:00',2.6,0.00,0.00,NULL,NULL,'SC FIXO - AREA 48',NULL,1),(173,44,408,'048-3432-2763','2018-09-22 10:12:05','2010-12-05 00:00:00',0.9,0.00,0.00,NULL,NULL,'SC FIXO - AREA 48',NULL,1),(174,45,410,'067-99618-8059','2018-08-29 16:08:30','2016-08-30 00:00:00',4.5,0.00,0.00,NULL,NULL,'MS MOVEL - AREA 67',NULL,1),(175,45,410,'051-99847-6080','2018-08-30 08:10:11','2008-10-11 00:00:00',0.6,0.00,0.00,NULL,NULL,'RS MOVEL - AREA 51',NULL,1),(176,45,410,'034-99248-6298','2018-08-31 13:06:28','2013-06-28 00:00:00',1.3,0.00,0.00,NULL,NULL,'MG MOVEL - AREA 34',NULL,1),(177,45,410,'071-99137-9803','2018-09-11 15:10:16','2015-10-16 00:00:00',1,0.00,0.00,NULL,NULL,'BA MOVEL - AREA 71',NULL,1),(178,45,410,'054-99145-2872','2018-09-14 09:03:25','2009-03-25 00:00:00',2.1,0.00,0.00,NULL,NULL,'RS MOVEL - AREA 54',NULL,1),(179,45,410,'065-99901-5680','2018-09-21 15:06:18','2015-06-18 00:00:00',1,0.00,0.00,NULL,NULL,'MT MOVEL - AREA 65',NULL,1),(180,45,410,'051-99876-8263','2018-09-24 16:09:15','2016-09-15 00:00:00',0.9,0.00,0.00,NULL,NULL,'RS MOVEL - AREA 51',NULL,1),(181,45,409,'048-98816-8553','2018-09-19 09:08:02','2009-08-02 00:00:00',1.7,0.00,0.00,NULL,NULL,'SC MOVEL - AREA 48',NULL,1),(182,47,410,'081-98194-6154','2018-08-31 10:08:04','2010-08-04 00:00:00',3.1,0.00,0.00,NULL,NULL,'PE MOVEL - AREA 81',NULL,1),(183,47,410,'051-99847-6080','2018-09-06 08:05:06','2008-05-06 00:00:00',0.5,0.00,0.00,NULL,NULL,'RS MOVEL - AREA 51',NULL,1),(184,47,410,'071-98822-2627','2018-09-06 13:11:27','2013-11-27 00:00:00',0.5,0.00,0.00,NULL,NULL,'BA MOVEL - AREA 71',NULL,1),(185,47,410,'047-99262-0247','2018-09-12 16:06:10','2016-06-10 00:00:00',3.9,0.00,0.00,NULL,NULL,'SC MOVEL - AREA 47',NULL,1),(186,47,410,'021-98124-7293','2018-09-18 12:01:02','2012-01-02 00:00:00',0.9,0.00,0.00,NULL,NULL,'RJ MOVEL - AREA 21',NULL,1),(187,47,410,'021-98650-1079','2018-09-18 14:11:12','2014-11-12 00:00:00',2.9,0.00,0.00,NULL,NULL,'RJ MOVEL - AREA 21',NULL,1),(188,47,410,'075-98100-2509','2018-09-19 16:09:27','2016-09-27 00:00:00',0.5,0.00,0.00,NULL,NULL,'BA MOVEL - AREA 75',NULL,1),(189,47,410,'051-99841-7225','2018-09-24 16:11:05','2016-11-05 00:00:00',0.8,0.00,0.00,NULL,NULL,'RS MOVEL - AREA 51',NULL,1),(190,47,409,'048-99632-1312','2018-08-27 11:12:13','2011-12-13 00:00:00',0.8,0.00,0.00,NULL,NULL,'SC MOVEL - AREA 48',NULL,1),(191,47,409,'048-98805-7147','2018-09-24 16:04:14','2016-04-14 00:00:00',0.9,0.00,0.00,NULL,NULL,'SC MOVEL - AREA 48',NULL,1),(192,49,421,'048-99948-2794','2018-08-29 19:11:13','2019-11-13 00:00:00',0.9,0.00,0.00,NULL,NULL,'SC MOVEL TIM - AREA 48',NULL,1),(193,49,421,'048-99977-2003','2018-09-06 16:12:23','2016-12-23 00:00:00',8.4,0.00,0.00,NULL,NULL,'SC MOVEL TIM - AREA 48',NULL,1),(194,50,421,'048-99606-7692','2018-09-14 14:09:23','2014-09-23 00:00:00',5.9,0.00,0.00,NULL,NULL,'SC MOVEL TIM - AREA 48',NULL,1),(195,52,423,'081-99982-2668','2018-09-19 18:08:30','2018-08-30 00:00:00',6.5,0.00,0.00,NULL,NULL,'PE MOVEL TIM - AREA 81',NULL,1),(196,52,423,'081-99982-2668','2018-09-20 11:08:05','2011-08-05 00:00:00',7.4,0.00,0.00,NULL,NULL,'PE MOVEL TIM - AREA 81',NULL,1),(197,52,421,'048-99978-5922','2018-08-27 09:04:06','2009-04-06 00:00:00',2.7,0.00,0.00,NULL,NULL,'SC MOVEL TIM - AREA 48',NULL,1),(198,52,421,'048-99834-3810','2018-09-05 09:01:28','2009-01-28 00:00:00',7.7,0.00,0.00,NULL,NULL,'SC MOVEL TIM - AREA 48',NULL,1),(199,52,421,'048-99991-5923','2018-09-07 19:06:04','2019-06-04 00:00:00',46,0.00,0.00,NULL,NULL,'SC MOVEL TIM - AREA 48',NULL,1),(200,52,421,'048-99625-8328','2018-09-11 14:06:25','2014-06-25 00:00:00',0.5,0.00,0.00,NULL,NULL,'SC MOVEL TIM - AREA 48',NULL,1),(201,52,421,'048-99925-8816','2018-09-14 09:12:10','2009-12-10 00:00:00',1.4,0.00,0.00,NULL,NULL,'SC MOVEL TIM - AREA 48',NULL,1),(202,52,421,'048-99925-8816','2018-09-18 14:07:16','2014-07-16 00:00:00',11,0.00,0.00,NULL,NULL,'SC MOVEL TIM - AREA 48',NULL,1),(203,52,421,'048-98832-7556','2018-09-20 18:12:14','2018-12-14 00:00:00',2.7,0.00,0.00,NULL,NULL,'SC MOVEL TIM - AREA 48',NULL,1),(204,52,421,'048-99619-4230','2018-09-23 20:12:29','2020-12-29 00:00:00',3,0.00,0.00,NULL,NULL,'SC MOVEL TIM - AREA 48',NULL,1),(205,52,422,'048-99974-1888','2018-09-19 11:01:07','2011-01-07 00:00:00',1.3,0.00,0.00,NULL,NULL,'SC MOVEL TIM - AREA 48',NULL,1),(206,54,421,'048-99606-7692','2018-08-30 12:01:06','2012-01-06 00:00:00',0.6,0.00,0.00,NULL,NULL,'SC MOVEL TIM - AREA 48',NULL,1),(207,54,421,'048-99606-6204','2018-09-20 11:04:27','2011-04-27 00:00:00',2.3,0.00,0.00,NULL,NULL,'SC MOVEL TIM - AREA 48',NULL,1),(208,54,421,'048-99962-9733','2018-09-20 17:05:03','2017-05-03 00:00:00',2,0.00,0.00,NULL,NULL,'SC MOVEL TIM - AREA 48',NULL,1),(209,55,421,'048-98803-6621','2018-08-31 17:12:23','2017-12-23 00:00:00',1.1,0.00,0.00,NULL,NULL,'SC MOVEL TIM - AREA 48',NULL,1),(210,55,421,'048-98803-6621','2018-09-01 12:02:20','2012-02-20 00:00:00',0.8,0.00,0.00,NULL,NULL,'SC MOVEL TIM - AREA 48',NULL,1),(211,55,421,'048-99113-8420','2018-09-04 09:05:08','2009-05-08 00:00:00',1.6,0.00,0.00,NULL,NULL,'SC MOVEL TIM - AREA 48',NULL,1),(212,55,421,'048-98808-9875','2018-09-04 18:07:22','2018-07-22 00:00:00',6.8,0.00,0.00,NULL,NULL,'SC MOVEL TIM - AREA 48',NULL,1),(213,55,421,'048-98808-9875','2018-09-05 16:04:04','2016-04-04 00:00:00',8.3,0.00,0.00,NULL,NULL,'SC MOVEL TIM - AREA 48',NULL,1),(214,55,421,'048-99606-6204','2018-09-08 11:02:06','2011-02-06 00:00:00',0.5,0.00,0.00,NULL,NULL,'SC MOVEL TIM - AREA 48',NULL,1),(215,55,421,'048-99632-7218','2018-09-09 10:05:14','2010-05-14 00:00:00',1.6,0.00,0.00,NULL,NULL,'SC MOVEL TIM - AREA 48',NULL,1),(216,55,421,'048-99951-5467','2018-09-13 18:08:02','2018-08-02 00:00:00',8.9,0.00,0.00,NULL,NULL,'SC MOVEL TIM - AREA 48',NULL,1),(217,55,421,'048-99925-8816','2018-09-18 15:02:02','2015-02-02 00:00:00',7.2,0.00,0.00,NULL,NULL,'SC MOVEL TIM - AREA 48',NULL,1),(218,55,421,'048-99632-7218','2018-09-18 22:07:15','2022-07-15 00:00:00',13.2,0.00,0.00,NULL,NULL,'SC MOVEL TIM - AREA 48',NULL,1),(219,55,421,'048-99606-6204','2018-09-19 08:08:22','2008-08-22 00:00:00',1.7,0.00,0.00,NULL,NULL,'SC MOVEL TIM - AREA 48',NULL,1),(220,55,421,'048-98803-6621','2018-09-19 11:03:30','2011-03-30 00:00:00',0.8,0.00,0.00,NULL,NULL,'SC MOVEL TIM - AREA 48',NULL,1),(221,55,421,'048-99606-6204','2018-09-20 13:09:12','2013-09-12 00:00:00',1.6,0.00,0.00,NULL,NULL,'SC MOVEL TIM - AREA 48',NULL,1),(222,55,421,'048-98803-6621','2018-09-23 22:01:20','2022-01-20 00:00:00',0.8,0.00,0.00,NULL,NULL,'SC MOVEL TIM - AREA 48',NULL,1),(223,55,421,'048-98803-6621','2018-09-23 22:09:21','2022-09-21 00:00:00',0.7,0.00,0.00,NULL,NULL,'SC MOVEL TIM - AREA 48',NULL,1),(224,56,421,'048-99968-5984','2018-08-31 11:03:17','2011-03-17 00:00:00',5.8,0.00,0.00,NULL,NULL,'SC MOVEL TIM - AREA 48',NULL,1),(225,56,421,'048-99900-4999','2018-08-31 15:12:30','2015-12-30 00:00:00',0.5,0.00,0.00,NULL,NULL,'SC MOVEL TIM - AREA 48',NULL,1),(226,56,421,'048-99628-7797','2018-09-01 09:11:20','2009-11-20 00:00:00',0.8,0.00,0.00,NULL,NULL,'SC MOVEL TIM - AREA 48',NULL,1),(227,56,421,'048-99903-5314','2018-09-03 11:04:03','2011-04-03 00:00:00',2.1,0.00,0.00,NULL,NULL,'SC MOVEL TIM - AREA 48',NULL,1),(228,56,421,'048-99946-5559','2018-09-04 16:04:10','2016-04-10 00:00:00',0.8,0.00,0.00,NULL,NULL,'SC MOVEL TIM - AREA 48',NULL,1),(229,56,421,'048-99606-6204','2018-09-07 11:05:27','2011-05-27 00:00:00',0.7,0.00,0.00,NULL,NULL,'SC MOVEL TIM - AREA 48',NULL,1),(230,56,421,'048-99636-7170','2018-09-10 09:01:17','2009-01-17 00:00:00',1.9,0.00,0.00,NULL,NULL,'SC MOVEL TIM - AREA 48',NULL,1),(231,56,421,'048-99955-6834','2018-09-10 17:01:08','2017-01-08 00:00:00',4.9,0.00,0.00,NULL,NULL,'SC MOVEL TIM - AREA 48',NULL,1),(232,56,421,'048-99113-8420','2018-09-12 10:10:05','2010-10-05 00:00:00',0.5,0.00,0.00,NULL,NULL,'SC MOVEL TIM - AREA 48',NULL,1),(233,56,421,'048-99984-6015','2018-09-14 18:09:24','2018-09-24 00:00:00',0.5,0.00,0.00,NULL,NULL,'SC MOVEL TIM - AREA 48',NULL,1),(234,56,421,'048-99630-2945','2018-09-17 09:09:29','2009-09-29 00:00:00',0.8,0.00,0.00,NULL,NULL,'SC MOVEL TIM - AREA 48',NULL,1),(235,56,421,'048-99908-2000','2018-09-18 14:11:23','2014-11-23 00:00:00',5.1,0.00,0.00,NULL,NULL,'SC MOVEL TIM - AREA 48',NULL,1),(236,56,421,'048-99684-4000','2018-09-19 16:04:27','2016-04-27 00:00:00',2.7,0.00,0.00,NULL,NULL,'SC MOVEL TIM - AREA 48',NULL,1),(237,56,421,'048-99835-2773','2018-09-20 14:07:10','2014-07-10 00:00:00',2.9,0.00,0.00,NULL,NULL,'SC MOVEL TIM - AREA 48',NULL,1),(238,56,421,'048-99947-1618','2018-09-24 15:07:02','2015-07-02 00:00:00',1,0.00,0.00,NULL,NULL,'SC MOVEL TIM - AREA 48',NULL,1),(239,57,421,'048-98832-7556','2018-08-27 09:06:14','2009-06-14 00:00:00',0.5,0.00,0.00,NULL,NULL,'SC MOVEL TIM - AREA 48',NULL,1),(240,57,421,'048-99943-1362','2018-08-27 16:05:20','2016-05-20 00:00:00',5.8,0.00,0.00,NULL,NULL,'SC MOVEL TIM - AREA 48',NULL,1),(241,57,422,'048-99622-6900','2018-09-11 16:08:13','2016-08-13 00:00:00',2.2,0.00,0.00,NULL,NULL,'SC MOVEL TIM - AREA 48',NULL,1),(242,58,423,'048-99974-1888','2018-08-29 17:12:26','2017-12-26 00:00:00',1.1,0.00,0.00,NULL,NULL,'SC MOVEL TIM - AREA 48',NULL,1),(243,58,423,'048-99994-2760','2018-09-06 12:05:12','2012-05-12 00:00:00',9.4,0.00,0.00,NULL,NULL,'SC MOVEL TIM - AREA 48',NULL,1),(244,58,424,'011-98229-0383','2018-08-29 09:03:19','2009-03-19 00:00:00',0.5,0.00,0.00,NULL,NULL,'SP AREA 11',NULL,1),(245,58,424,'011-98229-0383','2018-08-29 09:04:20','2009-04-20 00:00:00',0.6,0.00,0.00,NULL,NULL,'SP AREA 11',NULL,1),(246,58,424,'011-4933-1126','2018-08-29 17:02:24','2017-02-24 00:00:00',0.6,0.00,0.00,NULL,NULL,'SP AREA 11',NULL,1),(247,58,421,'048-99921-4433','2018-08-23 11:08:29','2011-08-29 00:00:00',1.7,0.00,0.00,NULL,NULL,'SC MOVEL TIM - AREA 48',NULL,1),(248,58,421,'048-99616-5882','2018-08-30 18:07:09','2018-07-09 00:00:00',0.5,0.00,0.00,NULL,NULL,'SC MOVEL TIM - AREA 48',NULL,1),(249,58,421,'048-99611-3684','2018-09-07 22:01:22','2022-01-22 00:00:00',1,0.00,0.00,NULL,NULL,'SC MOVEL TIM - AREA 48',NULL,1),(250,58,421,'048-99627-4534','2018-09-19 16:02:13','2016-02-13 00:00:00',3.8,0.00,0.00,NULL,NULL,'SC MOVEL TIM - AREA 48',NULL,1),(251,58,422,'048-99974-1888','2018-09-13 16:08:08','2016-08-08 00:00:00',1,0.00,0.00,NULL,NULL,'SC MOVEL TIM - AREA 48',NULL,1),(252,60,421,'048-99978-2303','2018-08-24 23:05:28','2023-05-28 00:00:00',0.5,0.00,0.00,NULL,NULL,'SC MOVEL TIM - AREA 48',NULL,1),(253,60,421,'048-99925-8816','2018-08-30 11:05:02','2011-05-02 00:00:00',1.6,0.00,0.00,NULL,NULL,'SC MOVEL TIM - AREA 48',NULL,1),(254,60,421,'048-99908-2758','2018-09-04 08:05:30','2008-05-30 00:00:00',0.6,0.00,0.00,NULL,NULL,'SC MOVEL TIM - AREA 48',NULL,1),(255,60,421,'048-99995-3422','2018-09-06 17:01:17','2017-01-17 00:00:00',0.5,0.00,0.00,NULL,NULL,'SC MOVEL TIM - AREA 48',NULL,1),(256,60,421,'048-99984-5021','2018-09-13 10:06:07','2010-06-07 00:00:00',0.9,0.00,0.00,NULL,NULL,'SC MOVEL TIM - AREA 48',NULL,1),(257,60,421,'048-98822-4703','2018-09-18 18:04:30','2018-04-30 00:00:00',2.8,0.00,0.00,NULL,NULL,'SC MOVEL TIM - AREA 48',NULL,1),(258,60,422,'048-99991-9990','2018-08-28 12:11:03','2012-11-03 00:00:00',0.5,0.00,0.00,NULL,NULL,'SC MOVEL TIM - AREA 48',NULL,1),(259,61,421,'048-99630-2945','2018-08-27 14:10:03','2014-10-03 00:00:00',1,0.00,0.00,NULL,NULL,'SC MOVEL TIM - AREA 48',NULL,1),(260,61,421,'048-99978-2404','2018-09-12 17:07:11','2017-07-11 00:00:00',0.9,0.00,0.00,NULL,NULL,'SC MOVEL TIM - AREA 48',NULL,1),(261,61,421,'048-99614-5974','2018-09-24 15:09:12','2015-09-12 00:00:00',0.5,0.00,0.00,NULL,NULL,'SC MOVEL TIM - AREA 48',NULL,1),(262,62,421,'048-99974-3197','2018-08-28 14:07:03','2014-07-03 00:00:00',0.6,0.00,0.00,NULL,NULL,'SC MOVEL TIM - AREA 48',NULL,1),(263,62,421,'048-99947-8996','2018-09-05 17:08:27','2017-08-27 00:00:00',3.3,0.00,0.00,NULL,NULL,'SC MOVEL TIM - AREA 48',NULL,1),(264,63,421,'048-99916-8895','2018-09-13 19:12:15','2019-12-15 00:00:00',1.3,0.00,0.00,NULL,NULL,'SC MOVEL TIM - AREA 48',NULL,1),(265,64,421,'048-99946-5559','2018-08-27 10:02:19','2010-02-19 00:00:00',3.5,0.00,0.00,NULL,NULL,'SC MOVEL TIM - AREA 48',NULL,1),(266,64,421,'048-99641-1954','2018-08-27 10:06:22','2010-06-22 00:00:00',0.5,0.00,0.00,NULL,NULL,'SC MOVEL TIM - AREA 48',NULL,1),(267,64,421,'048-99676-4212','2018-08-30 09:01:15','2009-01-15 00:00:00',0.6,0.00,0.00,NULL,NULL,'SC MOVEL TIM - AREA 48',NULL,1),(268,64,421,'048-99676-4212','2018-08-31 15:06:04','2015-06-04 00:00:00',0.9,0.00,0.00,NULL,NULL,'SC MOVEL TIM - AREA 48',NULL,1),(269,64,421,'048-99641-1954','2018-09-04 13:01:08','2013-01-08 00:00:00',0.7,0.00,0.00,NULL,NULL,'SC MOVEL TIM - AREA 48',NULL,1),(270,64,421,'048-99978-1197','2018-09-10 09:04:16','2009-04-16 00:00:00',1.3,0.00,0.00,NULL,NULL,'SC MOVEL TIM - AREA 48',NULL,1),(271,64,421,'048-99968-8347','2018-09-11 09:05:25','2009-05-25 00:00:00',0.6,0.00,0.00,NULL,NULL,'SC MOVEL TIM - AREA 48',NULL,1),(272,64,421,'048-99946-5559','2018-09-11 18:03:19','2018-03-19 00:00:00',2.2,0.00,0.00,NULL,NULL,'SC MOVEL TIM - AREA 48',NULL,1),(273,64,421,'048-99641-1954','2018-09-20 15:06:30','2015-06-30 00:00:00',1.1,0.00,0.00,NULL,NULL,'SC MOVEL TIM - AREA 48',NULL,1),(274,64,422,'048-99994-3681','2018-09-18 14:11:02','2014-11-02 00:00:00',2.1,0.00,0.00,NULL,NULL,'SC MOVEL TIM - AREA 48',NULL,1),(275,65,421,'048-99816-5776','2018-08-30 09:09:26','2009-09-26 00:00:00',1.2,0.00,0.00,NULL,NULL,'SC MOVEL TIM - AREA 48',NULL,1),(276,66,421,'048-99943-1362','2018-08-27 16:03:24','2016-03-24 00:00:00',0.5,0.00,0.00,NULL,NULL,'SC MOVEL TIM - AREA 48',NULL,1),(277,66,421,'048-99929-8772','2018-09-04 08:12:18','2008-12-18 00:00:00',0.6,0.00,0.00,NULL,NULL,'SC MOVEL TIM - AREA 48',NULL,1),(278,67,423,'067-98112-9707','2018-09-05 08:06:07','2008-06-07 00:00:00',4.4,0.00,0.00,NULL,NULL,'MS MOVEL TIM - AREA 67',NULL,1),(279,67,423,'041-99656-4787','2018-09-17 13:01:25','2013-01-25 00:00:00',3.7,0.00,0.00,NULL,NULL,'PR MOVEL TIM - AREA 41',NULL,1),(280,67,423,'067-98112-9707','2018-09-20 09:09:09','2009-09-09 00:00:00',2,0.00,0.00,NULL,NULL,'MS MOVEL TIM - AREA 67',NULL,1),(281,67,421,'048-99949-9090','2018-08-27 08:07:11','2008-07-11 00:00:00',0.7,0.00,0.00,NULL,NULL,'SC MOVEL TIM - AREA 48',NULL,1),(282,67,421,'048-99839-8540','2018-08-27 09:09:07','2009-09-07 00:00:00',1.3,0.00,0.00,NULL,NULL,'SC MOVEL TIM - AREA 48',NULL,1),(283,67,421,'048-99938-9007','2018-08-29 09:01:04','2009-01-04 00:00:00',2,0.00,0.00,NULL,NULL,'SC MOVEL TIM - AREA 48',NULL,1),(284,67,421,'048-99699-4880','2018-08-29 16:03:03','2016-03-03 00:00:00',0.5,0.00,0.00,NULL,NULL,'SC MOVEL TIM - AREA 48',NULL,1),(285,67,421,'048-99947-1618','2018-09-06 14:03:13','2014-03-13 00:00:00',1.3,0.00,0.00,NULL,NULL,'SC MOVEL TIM - AREA 48',NULL,1),(286,67,421,'048-99908-2000','2018-09-10 11:08:05','2011-08-05 00:00:00',1,0.00,0.00,NULL,NULL,'SC MOVEL TIM - AREA 48',NULL,1),(287,67,421,'048-99868-3194','2018-09-12 16:11:23','2016-11-23 00:00:00',0.6,0.00,0.00,NULL,NULL,'SC MOVEL TIM - AREA 48',NULL,1),(288,67,421,'048-99964-2960','2018-09-14 09:11:30','2009-11-30 00:00:00',0.5,0.00,0.00,NULL,NULL,'SC MOVEL TIM - AREA 48',NULL,1),(289,67,421,'048-99803-7886','2018-09-14 17:08:10','2017-08-10 00:00:00',1.5,0.00,0.00,NULL,NULL,'SC MOVEL TIM - AREA 48',NULL,1),(290,67,421,'048-99632-7216','2018-09-14 20:08:17','2020-08-17 00:00:00',0.8,0.00,0.00,NULL,NULL,'SC MOVEL TIM - AREA 48',NULL,1),(291,68,421,'048-99681-5701','2018-08-31 20:02:20','2020-02-20 00:00:00',9.5,0.00,0.00,NULL,NULL,'SC MOVEL TIM - AREA 48',NULL,1),(292,68,421,'048-99624-8379','2018-09-03 19:04:02','2019-04-02 00:00:00',1.6,0.00,0.00,NULL,NULL,'SC MOVEL TIM - AREA 48',NULL,1),(293,68,421,'048-99635-2210','2018-09-05 15:08:05','2015-08-05 00:00:00',0.6,0.00,0.00,NULL,NULL,'SC MOVEL TIM - AREA 48',NULL,1),(294,68,421,'048-99623-2236','2018-09-06 19:10:19','2019-10-19 00:00:00',0.5,0.00,0.00,NULL,NULL,'SC MOVEL TIM - AREA 48',NULL,1),(295,68,421,'048-99681-5701','2018-09-12 11:02:21','2011-02-21 00:00:00',1.2,0.00,0.00,NULL,NULL,'SC MOVEL TIM - AREA 48',NULL,1),(296,68,421,'048-98832-7556','2018-09-13 10:06:09','2010-06-09 00:00:00',2.5,0.00,0.00,NULL,NULL,'SC MOVEL TIM - AREA 48',NULL,1),(297,68,421,'048-99641-1954','2018-09-14 11:04:03','2011-04-03 00:00:00',0.7,0.00,0.00,NULL,NULL,'SC MOVEL TIM - AREA 48',NULL,1),(298,68,421,'048-99681-5701','2018-09-14 14:02:27','2014-02-27 00:00:00',0.8,0.00,0.00,NULL,NULL,'SC MOVEL TIM - AREA 48',NULL,1),(299,68,421,'048-99625-2314','2018-09-15 12:03:06','2012-03-06 00:00:00',3.7,0.00,0.00,NULL,NULL,'SC MOVEL TIM - AREA 48',NULL,1),(300,68,421,'048-99681-5701','2018-09-19 16:11:13','2016-11-13 00:00:00',0.5,0.00,0.00,NULL,NULL,'SC MOVEL TIM - AREA 48',NULL,1),(301,68,421,'048-99641-1954','2018-09-20 15:08:18','2015-08-18 00:00:00',0.5,0.00,0.00,NULL,NULL,'SC MOVEL TIM - AREA 48',NULL,1),(302,68,421,'048-99681-5701','2018-09-24 17:11:23','2017-11-23 00:00:00',2.1,0.00,0.00,NULL,NULL,'SC MOVEL TIM - AREA 48',NULL,1),(303,68,422,'048-99633-0807','2018-09-18 15:06:04','2015-06-04 00:00:00',1,0.00,0.00,NULL,NULL,'SC MOVEL TIM - AREA 48',NULL,1),(304,68,422,'048-99633-0807','2018-09-21 16:08:14','2016-08-14 00:00:00',1.2,0.00,0.00,NULL,NULL,'SC MOVEL TIM - AREA 48',NULL,1),(305,69,421,'048-99679-4609','2018-08-27 09:10:06','2009-10-06 00:00:00',1.2,0.00,0.00,NULL,NULL,'SC MOVEL TIM - AREA 48',NULL,1),(306,69,421,'048-99849-6211','2018-08-27 11:07:27','2011-07-27 00:00:00',0.7,0.00,0.00,NULL,NULL,'SC MOVEL TIM - AREA 48',NULL,1),(307,69,421,'048-98801-4914','2018-08-29 09:10:12','2009-10-12 00:00:00',1.8,0.00,0.00,NULL,NULL,'SC MOVEL TIM - AREA 48',NULL,1),(308,69,421,'048-99984-9761','2018-08-30 10:10:03','2010-10-03 00:00:00',1.7,0.00,0.00,NULL,NULL,'SC MOVEL TIM - AREA 48',NULL,1),(309,69,421,'048-99908-2000','2018-09-04 10:02:12','2010-02-12 00:00:00',1.8,0.00,0.00,NULL,NULL,'SC MOVEL TIM - AREA 48',NULL,1),(310,69,421,'048-99947-1618','2018-09-06 09:05:05','2009-05-05 00:00:00',0.5,0.00,0.00,NULL,NULL,'SC MOVEL TIM - AREA 48',NULL,1),(311,69,421,'048-99684-4000','2018-09-10 17:02:03','2017-02-03 00:00:00',0.5,0.00,0.00,NULL,NULL,'SC MOVEL TIM - AREA 48',NULL,1),(312,69,421,'048-99946-1001','2018-09-11 16:06:17','2016-06-17 00:00:00',2.1,0.00,0.00,NULL,NULL,'SC MOVEL TIM - AREA 48',NULL,1),(313,69,421,'048-99113-8420','2018-09-12 13:06:22','2013-06-22 00:00:00',2,0.00,0.00,NULL,NULL,'SC MOVEL TIM - AREA 48',NULL,1),(314,69,421,'048-99922-8112','2018-09-13 10:03:20','2010-03-20 00:00:00',0.7,0.00,0.00,NULL,NULL,'SC MOVEL TIM - AREA 48',NULL,1),(315,69,421,'048-99607-8366','2018-09-17 13:03:05','2013-03-05 00:00:00',1.2,0.00,0.00,NULL,NULL,'SC MOVEL TIM - AREA 48',NULL,1),(316,69,421,'048-99964-2960','2018-09-17 18:02:02','2018-02-02 00:00:00',4.2,0.00,0.00,NULL,NULL,'SC MOVEL TIM - AREA 48',NULL,1),(317,69,421,'048-99922-8112','2018-09-18 15:02:11','2015-02-11 00:00:00',2.9,0.00,0.00,NULL,NULL,'SC MOVEL TIM - AREA 48',NULL,1),(318,69,421,'048-99951-5883','2018-09-20 09:07:13','2009-07-13 00:00:00',0.8,0.00,0.00,NULL,NULL,'SC MOVEL TIM - AREA 48',NULL,1),(319,69,422,'048-99622-6900','2018-09-01 12:07:12','2012-07-12 00:00:00',4.3,0.00,0.00,NULL,NULL,'SC MOVEL TIM - AREA 48',NULL,1),(320,70,421,'048-99933-8012','2018-08-28 08:06:03','2008-06-03 00:00:00',1.1,0.00,0.00,NULL,NULL,'SC MOVEL TIM - AREA 48',NULL,1),(321,70,421,'048-99840-6802','2018-08-31 17:05:04','2017-05-04 00:00:00',0.8,0.00,0.00,NULL,NULL,'SC MOVEL TIM - AREA 48',NULL,1),(322,70,421,'048-99680-9625','2018-09-06 15:05:01','2015-05-01 00:00:00',0.5,0.00,0.00,NULL,NULL,'SC MOVEL TIM - AREA 48',NULL,1),(323,70,421,'048-99978-2404','2018-09-19 09:07:09','2009-07-09 00:00:00',1.6,0.00,0.00,NULL,NULL,'SC MOVEL TIM - AREA 48',NULL,1),(324,70,421,'048-99817-2812','2018-09-24 10:11:11','2010-11-11 00:00:00',1.8,0.00,0.00,NULL,NULL,'SC MOVEL TIM - AREA 48',NULL,1),(325,70,422,'048-99991-9990','2018-09-11 12:01:02','2012-01-02 00:00:00',1.1,0.00,0.00,NULL,NULL,'SC MOVEL TIM - AREA 48',NULL,1),(326,82,370,'','2017-10-25 00:00:00',NULL,79,0.00,0.00,'0',NULL,'',NULL,1),(327,82,430,'','2017-10-25 00:00:00',NULL,5,0.00,0.00,'0',NULL,'',NULL,1),(328,82,431,'','2017-10-25 00:00:00',NULL,84,0.00,0.00,'0',NULL,'',NULL,1),(329,82,432,'','2017-10-25 00:00:00',NULL,500,0.00,0.00,'0',NULL,'',NULL,1),(330,82,433,'','2017-10-25 00:00:00',NULL,NULL,0.00,0.00,'0',NULL,'',NULL,1),(331,82,434,'4832393583','2017-10-09 15:10:04','2015-10-04 00:00:00',2.9,1.81,0.00,'3',NULL,'47',NULL,1),(332,82,435,'48999708388','2017-10-09 18:02:03','2018-02-03 00:00:00',0.5,0.41,0.00,'1',NULL,'46',NULL,1),(333,83,370,'','2017-10-24 00:00:00',NULL,54.07,0.00,0.00,'',NULL,'',NULL,1),(334,83,431,'','2017-09-25 00:00:00',NULL,54.07,0.00,0.00,'',NULL,'',NULL,1),(335,83,432,'','2017-09-25 00:00:00',NULL,150,0.00,0.00,'',NULL,'',NULL,1),(336,83,433,'','2017-10-24 00:00:00',NULL,NULL,0.00,0.00,'',NULL,'',NULL,1),(337,83,435,'48999272610','2017-10-13 18:09:30','2018-09-30 00:00:00',1.3,1.10,0.00,'1',NULL,'46',NULL,1),(338,83,435,'48996268692','2017-10-13 18:11:09','2018-11-09 00:00:00',1.8,1.52,0.00,'1',NULL,'46',NULL,1),(339,84,370,'','2017-10-24 00:00:00',NULL,38.01,0.00,0.00,'',NULL,'',NULL,1),(340,84,430,'','2017-10-24 00:00:00',NULL,4.02,0.00,0.00,'',NULL,'',NULL,1),(341,84,431,'','2017-09-25 00:00:00',NULL,42.03,0.00,0.00,'',NULL,'',NULL,1),(342,84,432,'','2017-09-25 00:00:00',NULL,150,0.00,0.00,'',NULL,'',NULL,1),(343,84,433,'','2017-10-24 00:00:00',NULL,NULL,0.00,0.00,'',NULL,'',NULL,1),(344,84,435,'48991407986','2017-09-25 14:09:13','2014-09-13 00:00:00',0.8,0.67,0.00,'1',NULL,'45',NULL,1),(345,84,435,'48984867100','2017-10-05 17:11:07','2017-11-07 00:00:00',0.5,0.42,0.00,'1',NULL,'547',NULL,1),(346,84,435,'48984572805','2017-10-18 17:07:18','2017-07-18 00:00:00',2.7,2.29,0.00,'1',NULL,'547',NULL,1),(347,85,370,'','2017-10-25 00:00:00',NULL,51,0.00,0.00,'0',NULL,'',NULL,1),(348,85,430,'','2017-10-25 00:00:00',NULL,127,0.00,0.00,'0',NULL,'',NULL,1),(349,85,431,'','2017-10-25 00:00:00',NULL,178,0.00,0.00,'0',NULL,'',NULL,1),(350,85,432,'','2017-10-25 00:00:00',NULL,500,0.00,0.00,'0',NULL,'',NULL,1),(351,85,433,'','2017-10-25 00:00:00',NULL,NULL,0.00,0.00,'0',NULL,'',NULL,1),(352,85,435,'47988025094','2017-10-17 12:01:23','2012-01-23 00:00:00',0.5,0.41,0.00,'1',NULL,'45',NULL,1),(353,85,441,'47991587186','2017-09-29 12:06:06','2012-06-06 00:00:00',0.6,0.50,0.00,'1',NULL,'45',NULL,1),(354,86,370,'','2017-10-24 00:00:00',NULL,40.09,0.00,0.00,'',NULL,'',NULL,1),(355,86,431,'','2017-09-25 00:00:00',NULL,40.09,0.00,0.00,'',NULL,'',NULL,1),(356,86,432,'','2017-09-25 00:00:00',NULL,150,0.00,0.00,'',NULL,'',NULL,1),(357,86,433,'','2017-10-24 00:00:00',NULL,NULL,0.00,0.00,'',NULL,'',NULL,1),(358,86,434,'4832393500','2017-10-18 13:12:18','2013-12-18 00:00:00',6.2,2.51,0.00,'3',NULL,'47',NULL,1),(359,86,435,'48988063737','2017-10-02 14:06:15','2014-06-15 00:00:00',0.5,0.42,0.00,'1',NULL,'447',NULL,1),(360,87,370,'','2017-10-24 00:00:00',NULL,25.09,0.00,0.00,'',NULL,'',NULL,1),(361,87,430,'','2017-10-24 00:00:00',NULL,31.01,0.00,0.00,'',NULL,'',NULL,1),(362,87,431,'','2017-09-25 00:00:00',NULL,57,0.00,0.00,'',NULL,'',NULL,1),(363,87,432,'','2017-09-25 00:00:00',NULL,150,0.00,0.00,'',NULL,'',NULL,1),(364,87,433,'','2017-10-24 00:00:00',NULL,NULL,0.00,0.00,'',NULL,'',NULL,1),(365,87,435,'47996075419','2017-09-26 15:05:30','2015-05-30 00:00:00',1.2,1.01,0.00,'1',NULL,'45',NULL,1),(366,88,370,'','2017-11-01 00:00:00',NULL,24,0.00,0.00,'0',NULL,'',NULL,1),(367,88,430,'','2017-11-01 00:00:00',NULL,1,0.00,0.00,'0',NULL,'',NULL,1),(368,88,431,'','2017-11-01 00:00:00',NULL,25,0.00,0.00,'0',NULL,'',NULL,1),(369,88,432,'','2017-11-01 00:00:00',NULL,500,0.00,0.00,'0',NULL,'',NULL,1),(370,88,433,'','2017-11-01 00:00:00',NULL,NULL,0.00,0.00,'0',NULL,'',NULL,1),(371,88,441,'49988924352','2017-10-05 09:08:17','2009-08-17 00:00:00',1.2,1.00,0.00,'1',NULL,'447',NULL,1),(372,89,370,'','2017-10-28 00:00:00',NULL,124.07,0.00,0.00,'',NULL,'',NULL,1),(373,89,430,'','2017-10-28 00:00:00',NULL,34.08,0.00,0.00,'',NULL,'',NULL,1),(374,89,370,'','2017-10-28 00:00:00',NULL,32,0.00,0.00,'',NULL,'',NULL,1),(375,89,431,'','2017-09-29 00:00:00',NULL,191.05,0.00,0.00,'',NULL,'',NULL,1),(376,89,432,'','2017-09-29 00:00:00',NULL,150,0.00,0.00,'',NULL,'',NULL,1),(377,89,433,'','2017-10-28 00:00:00',NULL,41.05,4.19,0.00,'',NULL,'',NULL,1),(378,89,435,'49999872501','2017-10-02 09:04:05','2009-04-05 00:00:00',0.6,0.50,0.00,'1',NULL,'46',NULL,1),(379,89,435,'49991471126','2017-10-04 10:11:10','2010-11-10 00:00:00',0.6,0.50,0.00,'1',NULL,'46',NULL,1),(380,89,435,'49999790586','2017-10-04 14:03:27','2014-03-27 00:00:00',0.5,0.42,0.00,'1',NULL,'46',NULL,1),(381,89,435,'49984170727','2017-10-04 14:09:13','2014-09-13 00:00:00',0.5,0.42,0.00,'1',NULL,'45',NULL,1),(382,89,435,'49988830589','2017-10-09 16:04:05','2016-04-05 00:00:00',2.8,2.37,0.00,'1',NULL,'447',NULL,1),(383,89,435,'49999871056','2017-10-10 10:12:09','2010-12-09 00:00:00',3.4,2.88,0.00,'1',NULL,'46',NULL,1),(384,89,435,'49984072954','2017-10-17 11:04:25','2011-04-25 00:00:00',2,1.69,0.00,'1',NULL,'45',NULL,1),(385,89,435,'49999929922','2017-10-18 15:09:16','2015-09-16 00:00:00',2.3,1.95,0.00,'1',NULL,'46',NULL,1),(386,89,435,'49999174542','2017-10-23 11:06:26','2011-06-26 00:00:00',3,2.54,0.00,'1',NULL,'45',NULL,1),(387,89,435,'49988446270','2017-10-24 15:04:08','2015-04-08 00:00:00',1.1,0.93,0.00,'1',NULL,'447',NULL,1),(388,89,435,'49991247607','2017-10-27 15:01:20','2015-01-20 00:00:00',0.8,0.67,0.00,'1',NULL,'45',NULL,1),(389,89,435,'49991247607','2017-10-27 15:02:25','2015-02-25 00:00:00',0.5,0.42,0.00,'1',NULL,'45',NULL,1),(390,90,370,'','2017-10-28 00:00:00',NULL,87.08,0.00,0.00,'',NULL,'',NULL,1),(391,90,430,'','2017-10-28 00:00:00',NULL,40.09,0.00,0.00,'',NULL,'',NULL,1),(392,90,431,'','2017-09-29 00:00:00',NULL,128.07,0.00,0.00,'',NULL,'',NULL,1),(393,90,432,'','2017-09-29 00:00:00',NULL,150,0.00,0.00,'',NULL,'',NULL,1),(394,90,433,'','2017-10-28 00:00:00',NULL,NULL,0.00,0.00,'',NULL,'',NULL,1),(395,90,450,'4733441841','2017-10-24 14:11:12','2014-11-12 00:00:00',1,0.37,0.00,'4',NULL,'47',NULL,1),(396,90,435,'49999872501','2017-10-02 09:09:27','2009-09-27 00:00:00',1.1,0.93,0.00,'1',NULL,'46',NULL,1),(397,90,435,'49999174542','2017-10-03 10:06:06','2010-06-06 00:00:00',0.7,0.59,0.00,'1',NULL,'45',NULL,1),(398,90,435,'49991111765','2017-10-03 11:08:15','2011-08-15 00:00:00',2.1,1.78,0.00,'1',NULL,'45',NULL,1),(399,90,435,'49999872501','2017-10-04 10:11:30','2010-11-30 00:00:00',1.1,0.93,0.00,'1',NULL,'46',NULL,1),(400,90,435,'49999174542','2017-10-04 14:07:21','2014-07-21 00:00:00',0.5,0.42,0.00,'1',NULL,'45',NULL,1),(401,90,435,'49999871512','2017-10-04 16:08:23','2016-08-23 00:00:00',0.9,0.76,0.00,'1',NULL,'46',NULL,1),(402,90,435,'49999147022','2017-10-17 14:08:30','2014-08-30 00:00:00',13.7,11.62,0.00,'1',NULL,'46',NULL,1),(403,90,435,'49999461624','2017-10-23 11:07:15','2011-07-15 00:00:00',0.5,0.42,0.00,'1',NULL,'46',NULL,1),(404,90,435,'49984150975','2017-10-23 11:08:17','2011-08-17 00:00:00',0.6,0.50,0.00,'1',NULL,'46',NULL,1),(405,90,435,'49991455230','2017-10-23 11:09:18','2011-09-18 00:00:00',0.5,0.42,0.00,'1',NULL,'45',NULL,1),(406,90,435,'49999313514','2017-10-23 11:10:21','2011-10-21 00:00:00',0.5,0.42,0.00,'1',NULL,'46',NULL,1),(407,90,435,'49988389789','2017-10-23 15:06:01','2015-06-01 00:00:00',4.3,3.64,0.00,'1',NULL,'447',NULL,1),(408,90,435,'49999871512','2017-10-26 10:08:24','2010-08-24 00:00:00',0.8,0.67,0.00,'1',NULL,'46',NULL,1),(409,90,451,'47996506080','2017-10-24 14:12:24','2014-12-24 00:00:00',1.1,2.12,0.00,'2',NULL,'46',NULL,1),(410,92,370,'','2017-10-24 00:00:00',NULL,84.04,0.00,0.00,'',NULL,'',NULL,1),(411,92,430,'','2017-10-24 00:00:00',NULL,25.06,0.00,0.00,'',NULL,'',NULL,1),(412,92,431,'','2017-09-25 00:00:00',NULL,110,0.00,0.00,'',NULL,'',NULL,1),(413,92,432,'','2017-09-25 00:00:00',NULL,150,0.00,0.00,'',NULL,'',NULL,1),(414,92,433,'','2017-10-24 00:00:00',NULL,NULL,0.00,0.00,'',NULL,'',NULL,1),(415,92,434,'4832393518','2017-09-26 13:07:12','2013-07-12 00:00:00',3.3,1.51,0.00,'4',NULL,'47',NULL,1),(416,92,435,'49988332731','2017-10-03 14:12:21','2014-12-21 00:00:00',0.9,0.76,0.00,'1',NULL,'46',NULL,1),(417,92,455,'54999980227','2017-10-09 15:05:01','2015-05-01 00:00:00',0.7,1.34,0.00,'3',NULL,'50',NULL,1),(418,93,370,'','2017-11-09 00:00:00',NULL,287.07,0.00,0.00,'',NULL,'',NULL,1),(419,93,430,'','2017-11-09 00:00:00',NULL,7.02,0.00,0.00,'',NULL,'',NULL,1),(420,93,431,'','2017-10-10 00:00:00',NULL,294.09,0.00,0.00,'',NULL,'',NULL,1),(421,93,432,'','2017-10-10 00:00:00',NULL,150,0.00,0.00,'',NULL,'',NULL,1),(422,93,433,'','2017-11-09 00:00:00',NULL,144.09,14.76,0.00,'',NULL,'',NULL,1),(423,93,434,'4832393500','2017-10-19 17:01:12','2017-01-12 00:00:00',3.9,2.43,0.00,'3',NULL,'47',NULL,1),(424,93,434,'4832393500','2017-10-23 14:09:22','2014-09-22 00:00:00',2.5,1.56,0.00,'3',NULL,'47',NULL,1),(425,93,434,'4832393500','2017-10-24 17:12:24','2017-12-24 00:00:00',2.1,1.31,0.00,'3',NULL,'47',NULL,1),(426,93,434,'4832393500','2017-10-26 15:01:19','2015-01-19 00:00:00',2.4,1.50,0.00,'3',NULL,'47',NULL,1),(427,93,435,'49999127174','2017-11-06 15:12:26','2015-12-26 00:00:00',2.2,1.86,0.00,'1',NULL,'46',NULL,1),(428,93,435,'49999024442','2017-11-07 16:11:08','2016-11-08 00:00:00',4.8,4.07,0.00,'1',NULL,'46',NULL,1),(429,93,435,'49999076928','2017-11-08 15:12:05','2015-12-05 00:00:00',3.1,2.63,0.00,'1',NULL,'46',NULL,1),(430,93,435,'49999321526','2017-11-08 16:06:27','2016-06-27 00:00:00',1.5,1.27,0.00,'1',NULL,'46',NULL,1),(431,94,370,'','2017-10-24 00:00:00',NULL,238.02,0.00,0.00,'',NULL,'',NULL,1),(432,94,431,'','2017-09-25 00:00:00',NULL,238.02,0.00,0.00,'',NULL,'',NULL,1),(433,94,432,'','2017-09-25 00:00:00',NULL,150,0.00,0.00,'',NULL,'',NULL,1),(434,94,433,'','2017-10-24 00:00:00',NULL,88.02,8.96,0.00,'',NULL,'',NULL,1),(435,94,466,'4235220048','2017-10-03 14:01:31','2014-01-31 00:00:00',1,0.37,0.00,'3',NULL,'41',NULL,1),(436,94,466,'4235220048','2017-10-03 14:02:25','2014-02-25 00:00:00',1.7,1.06,0.00,'3',NULL,'41',NULL,1),(437,94,464,'4736532915','2017-10-10 15:04:30','2015-04-30 00:00:00',1.1,0.20,0.00,'1',NULL,'47',NULL,1),(438,94,434,'4832393510','2017-10-18 16:05:05','2016-05-05 00:00:00',1,0.56,0.00,'3',NULL,'47',NULL,1),(439,94,465,'4736551130','2017-10-23 18:04:08','2018-04-08 00:00:00',4.3,0.53,0.00,'1',NULL,'47',NULL,1),(440,94,435,'47988752312','2017-10-02 16:04:26','2016-04-26 00:00:00',0.5,0.42,0.00,'1',NULL,'447',NULL,1),(441,94,435,'47997227733','2017-10-17 11:04:06','2011-04-06 00:00:00',0.5,0.42,0.00,'1',NULL,'46',NULL,1),(442,94,435,'47991826993','2017-10-17 16:10:01','2016-10-01 00:00:00',0.5,0.42,0.00,'1',NULL,'45',NULL,1),(443,95,370,'','2017-10-24 00:00:00',NULL,51.04,0.00,0.00,'',NULL,'',NULL,1),(444,95,431,'','2017-09-25 00:00:00',NULL,51.04,0.00,0.00,'',NULL,'',NULL,1),(445,95,432,'','2017-09-25 00:00:00',NULL,150,0.00,0.00,'',NULL,'',NULL,1),(446,95,433,'','2017-10-24 00:00:00',NULL,NULL,0.00,0.00,'',NULL,'',NULL,1),(447,95,435,'49984366524','2017-10-05 18:02:18','2018-02-18 00:00:00',0.7,0.59,0.00,'1',NULL,'547',NULL,1),(448,96,370,'','2017-10-24 00:00:00',NULL,19.08,0.00,0.00,'',NULL,'',NULL,1),(449,96,430,'','2017-10-24 00:00:00',NULL,8.05,0.00,0.00,'',NULL,'',NULL,1),(450,96,431,'','2017-09-25 00:00:00',NULL,28.03,0.00,0.00,'',NULL,'',NULL,1),(451,96,432,'','2017-09-25 00:00:00',NULL,150,0.00,0.00,'',NULL,'',NULL,1),(452,96,433,'','2017-10-24 00:00:00',NULL,NULL,0.00,0.00,'',NULL,'',NULL,1),(453,97,370,'','2017-10-25 00:00:00',NULL,161,0.00,0.00,'0',NULL,'',NULL,1),(454,97,431,'','2017-10-25 00:00:00',NULL,161,0.00,0.00,'0',NULL,'',NULL,1),(455,97,432,'','2017-10-25 00:00:00',NULL,500,0.00,0.00,'0',NULL,'',NULL,1),(456,97,433,'','2017-10-25 00:00:00',NULL,NULL,0.00,0.00,'0',NULL,'',NULL,1),(457,97,434,'4832393519','2017-09-25 16:08:27','2016-08-27 00:00:00',3.1,1.93,0.00,'3',NULL,'47',NULL,1),(458,97,435,'49988030849','2017-10-05 10:03:29','2010-03-29 00:00:00',0.5,0.41,0.00,'1',NULL,'447',NULL,1),(459,97,435,'49999775334','2017-10-05 10:06:26','2010-06-26 00:00:00',0.9,0.75,0.00,'1',NULL,'447',NULL,1),(460,97,435,'49998235520','2017-10-05 11:02:09','2011-02-09 00:00:00',0.5,0.41,0.00,'1',NULL,'46',NULL,1),(461,97,435,'49988348662','2017-10-05 11:05:26','2011-05-26 00:00:00',0.9,0.75,0.00,'1',NULL,'447',NULL,1),(462,97,435,'49999522232','2017-10-05 11:11:13','2011-11-13 00:00:00',0.7,0.58,0.00,'1',NULL,'46',NULL,1),(463,97,435,'49999662288','2017-10-05 11:12:23','2011-12-23 00:00:00',0.6,0.50,0.00,'1',NULL,'45',NULL,1),(464,98,370,'','2017-10-20 00:00:00',NULL,74.02,0.00,0.00,'',NULL,'',NULL,1),(465,98,430,'','2017-10-20 00:00:00',NULL,127,0.00,0.00,'',NULL,'',NULL,1),(466,98,431,'','2017-09-21 00:00:00',NULL,201.02,0.00,0.00,'',NULL,'',NULL,1),(467,98,432,'','2017-09-21 00:00:00',NULL,150,0.00,0.00,'',NULL,'',NULL,1),(468,98,433,'','2017-10-20 00:00:00',NULL,51.02,5.14,0.00,'',NULL,'',NULL,1),(469,99,370,'','2017-10-21 00:00:00',NULL,29,0.00,0.00,'0',NULL,'',NULL,1),(470,99,430,'','2017-10-21 00:00:00',NULL,27,0.00,0.00,'0',NULL,'',NULL,1),(471,99,431,'','2017-10-21 00:00:00',NULL,56,0.00,0.00,'0',NULL,'',NULL,1),(472,99,432,'','2017-10-21 00:00:00',NULL,500,0.00,0.00,'0',NULL,'',NULL,1),(473,99,433,'','2017-10-21 00:00:00',NULL,NULL,0.00,0.00,'0',NULL,'',NULL,1),(474,100,370,'','2017-10-20 00:00:00',NULL,46.01,0.00,0.00,'',NULL,'',NULL,1),(475,100,430,'','2017-10-20 00:00:00',NULL,97.04,0.00,0.00,'',NULL,'',NULL,1),(476,100,431,'','2017-09-21 00:00:00',NULL,143.05,0.00,0.00,'',NULL,'',NULL,1),(477,100,432,'','2017-09-21 00:00:00',NULL,150,0.00,0.00,'',NULL,'',NULL,1),(478,100,433,'','2017-10-20 00:00:00',NULL,NULL,0.00,0.00,'',NULL,'',NULL,1),(479,101,370,'','2017-10-21 00:00:00',NULL,32,0.00,0.00,'0',NULL,'',NULL,1),(480,101,430,'','2017-10-21 00:00:00',NULL,46,0.00,0.00,'0',NULL,'',NULL,1),(481,101,431,'','2017-10-21 00:00:00',NULL,78,0.00,0.00,'0',NULL,'',NULL,1),(482,101,432,'','2017-10-21 00:00:00',NULL,500,0.00,0.00,'0',NULL,'',NULL,1),(483,101,433,'','2017-10-21 00:00:00',NULL,NULL,0.00,0.00,'0',NULL,'',NULL,1),(484,102,370,'','2017-10-20 00:00:00',NULL,81.06,0.00,0.00,'',NULL,'',NULL,1),(485,102,430,'','2017-10-20 00:00:00',NULL,105,0.00,0.00,'',NULL,'',NULL,1),(486,102,431,'','2017-09-21 00:00:00',NULL,186.06,0.00,0.00,'',NULL,'',NULL,1),(487,102,432,'','2017-09-21 00:00:00',NULL,150,0.00,0.00,'',NULL,'',NULL,1),(488,102,433,'','2017-10-20 00:00:00',NULL,36.06,3.70,0.00,'',NULL,'',NULL,1),(489,103,370,'','2017-10-21 00:00:00',NULL,83,0.00,0.00,'0',NULL,'',NULL,1),(490,103,430,'','2017-10-21 00:00:00',NULL,35,0.00,0.00,'0',NULL,'',NULL,1),(491,103,431,'','2017-10-21 00:00:00',NULL,118,0.00,0.00,'0',NULL,'',NULL,1),(492,103,432,'','2017-10-21 00:00:00',NULL,500,0.00,0.00,'0',NULL,'',NULL,1),(493,103,433,'','2017-10-21 00:00:00',NULL,NULL,0.00,0.00,'0',NULL,'',NULL,1),(494,104,370,'','2017-10-25 00:00:00',NULL,52,0.00,0.00,'0',NULL,'',NULL,1),(495,104,430,'','2017-10-25 00:00:00',NULL,28,0.00,0.00,'0',NULL,'',NULL,1),(496,104,431,'','2017-10-25 00:00:00',NULL,80,0.00,0.00,'0',NULL,'',NULL,1),(497,104,432,'','2017-10-25 00:00:00',NULL,500,0.00,0.00,'0',NULL,'',NULL,1),(498,104,433,'','2017-10-25 00:00:00',NULL,NULL,0.00,0.00,'0',NULL,'',NULL,1),(499,104,434,'4832393500','2017-10-06 12:02:24','2012-02-24 00:00:00',1,0.18,0.00,'2',NULL,'47',NULL,1),(500,104,477,'4733233310','2017-10-09 14:05:27','2014-05-27 00:00:00',4.8,0.91,0.00,'1',NULL,'948',NULL,1),(501,104,434,'4832393500','2017-10-11 14:07:16','2014-07-16 00:00:00',1,0.44,0.00,'2',NULL,'47',NULL,1),(502,104,435,'47988665748','2017-10-04 16:10:24','2016-10-24 00:00:00',0.5,0.41,0.00,'1',NULL,'45',NULL,1),(503,104,435,'47988156390','2017-10-05 10:03:16','2010-03-16 00:00:00',0.5,0.41,0.00,'1',NULL,'447',NULL,1),(504,104,435,'47988057319','2017-10-09 10:10:23','2010-10-23 00:00:00',0.5,0.41,0.00,'1',NULL,'45',NULL,1),(505,104,435,'47997541404','2017-10-23 17:07:01','2017-07-01 00:00:00',0.5,0.41,0.00,'1',NULL,'46',NULL,1),(506,105,370,'','2017-10-25 00:00:00',NULL,48,0.00,0.00,'0',NULL,'',NULL,1),(507,105,430,'','2017-10-25 00:00:00',NULL,17,0.00,0.00,'0',NULL,'',NULL,1),(508,105,431,'','2017-10-25 00:00:00',NULL,65,0.00,0.00,'0',NULL,'',NULL,1),(509,105,432,'','2017-10-25 00:00:00',NULL,500,0.00,0.00,'0',NULL,'',NULL,1),(510,105,433,'','2017-10-25 00:00:00',NULL,NULL,0.00,0.00,'0',NULL,'',NULL,1),(511,106,370,'','2017-10-24 00:00:00',NULL,12.02,0.00,0.00,'',NULL,'',NULL,1),(512,106,430,'','2017-10-24 00:00:00',NULL,11.03,0.00,0.00,'',NULL,'',NULL,1),(513,106,431,'','2017-09-25 00:00:00',NULL,23.05,0.00,0.00,'',NULL,'',NULL,1),(514,106,432,'','2017-09-25 00:00:00',NULL,150,0.00,0.00,'',NULL,'',NULL,1),(515,106,433,'','2017-10-24 00:00:00',NULL,NULL,0.00,0.00,'',NULL,'',NULL,1),(516,107,370,'','2017-10-20 00:00:00',NULL,21.05,0.00,0.00,'',NULL,'',NULL,1),(517,107,430,'','2017-10-20 00:00:00',NULL,6.09,0.00,0.00,'',NULL,'',NULL,1),(518,107,431,'','2017-09-21 00:00:00',NULL,28.04,0.00,0.00,'',NULL,'',NULL,1),(519,107,432,'','2017-09-21 00:00:00',NULL,150,0.00,0.00,'',NULL,'',NULL,1),(520,107,433,'','2017-10-20 00:00:00',NULL,NULL,0.00,0.00,'',NULL,'',NULL,1),(521,108,370,'','2017-10-25 00:00:00',NULL,50,0.00,0.00,'0',NULL,'',NULL,1),(522,108,431,'','2017-10-25 00:00:00',NULL,50,0.00,0.00,'0',NULL,'',NULL,1),(523,108,432,'','2017-10-25 00:00:00',NULL,500,0.00,0.00,'0',NULL,'',NULL,1),(524,108,433,'','2017-10-25 00:00:00',NULL,NULL,0.00,0.00,'0',NULL,'',NULL,1),(525,109,370,'','2017-09-25 00:00:00',NULL,4.01,0.00,0.00,'0',NULL,'',NULL,1),(526,109,370,'','2017-10-25 00:00:00',NULL,67.03,0.00,0.00,'0',NULL,'',NULL,1),(527,109,430,'','2017-10-25 00:00:00',NULL,62.05,0.00,0.00,'0',NULL,'',NULL,1),(528,109,431,'','2017-09-25 00:00:00',NULL,4.01,0.00,0.00,'0',NULL,'',NULL,1),(529,109,432,'','2017-09-25 00:00:00',NULL,400,0.00,0.00,'0',NULL,'',NULL,1),(530,109,433,'','2017-09-25 00:00:00',NULL,NULL,0.00,0.00,'0',NULL,'',NULL,1),(531,109,431,'','2017-10-25 00:00:00',NULL,129.08,0.00,0.00,'0',NULL,'',NULL,1),(532,109,432,'','2017-10-25 00:00:00',NULL,400,0.00,0.00,'0',NULL,'',NULL,1),(533,109,433,'','2017-10-25 00:00:00',NULL,NULL,0.00,0.00,'0',NULL,'',NULL,1),(534,109,435,'47991778777','2017-10-16 12:08:28','2012-08-28 00:00:00',2.1,1.54,0.00,'1',NULL,'447',NULL,1),(535,110,370,'','2017-11-01 00:00:00',NULL,40,0.00,0.00,'0',NULL,'',NULL,1),(536,110,431,'','2017-11-01 00:00:00',NULL,40,0.00,0.00,'0',NULL,'',NULL,1),(537,110,432,'','2017-11-01 00:00:00',NULL,500,0.00,0.00,'0',NULL,'',NULL,1),(538,110,433,'','2017-11-01 00:00:00',NULL,NULL,0.00,0.00,'0',NULL,'',NULL,1),(539,111,370,'','2017-10-28 00:00:00',NULL,23.05,0.00,0.00,'',NULL,'',NULL,1),(540,111,430,'','2017-10-28 00:00:00',NULL,11.05,0.00,0.00,'',NULL,'',NULL,1),(541,111,431,'','2017-09-29 00:00:00',NULL,35,0.00,0.00,'',NULL,'',NULL,1),(542,111,432,'','2017-09-29 00:00:00',NULL,150,0.00,0.00,'',NULL,'',NULL,1),(543,111,433,'','2017-10-28 00:00:00',NULL,NULL,0.00,0.00,'',NULL,'',NULL,1),(544,112,370,'','2017-10-28 00:00:00',NULL,62.07,0.00,0.00,'',NULL,'',NULL,1),(545,112,430,'','2017-10-28 00:00:00',NULL,10.01,0.00,0.00,'',NULL,'',NULL,1),(546,112,431,'','2017-09-29 00:00:00',NULL,72.08,0.00,0.00,'',NULL,'',NULL,1),(547,112,432,'','2017-09-29 00:00:00',NULL,150,0.00,0.00,'',NULL,'',NULL,1),(548,112,433,'','2017-10-28 00:00:00',NULL,NULL,0.00,0.00,'',NULL,'',NULL,1),(549,113,370,'','2017-11-01 00:00:00',NULL,58,0.00,0.00,'0',NULL,'',NULL,1),(550,113,430,'','2017-11-01 00:00:00',NULL,20,0.00,0.00,'0',NULL,'',NULL,1),(551,113,431,'','2017-11-01 00:00:00',NULL,78,0.00,0.00,'0',NULL,'',NULL,1),(552,113,432,'','2017-11-01 00:00:00',NULL,500,0.00,0.00,'0',NULL,'',NULL,1),(553,113,433,'','2017-11-01 00:00:00',NULL,NULL,0.00,0.00,'0',NULL,'',NULL,1),(554,113,434,'4832393500','2017-10-02 17:08:28','2017-08-28 00:00:00',2.8,1.75,0.00,'3',NULL,'47',NULL,1),(555,113,434,'4833332448','2017-10-06 15:08:25','2015-08-25 00:00:00',4.6,2.87,0.00,'3',NULL,'47',NULL,1),(556,113,435,'49998299283','2017-10-03 14:03:22','2014-03-22 00:00:00',1.1,0.91,0.00,'1',NULL,'46',NULL,1),(557,113,435,'49999118427','2017-10-09 15:05:04','2015-05-04 00:00:00',0.5,0.41,0.00,'1',NULL,'46',NULL,1),(558,113,435,'49999265258','2017-10-16 14:03:23','2014-03-23 00:00:00',2.6,2.17,0.00,'1',NULL,'46',NULL,1),(559,113,435,'49984319062','2017-10-16 14:10:03','2014-10-03 00:00:00',0.5,0.41,0.00,'1',NULL,'547',NULL,1),(560,113,435,'49999031114','2017-10-16 16:11:05','2016-11-05 00:00:00',0.5,0.41,0.00,'1',NULL,'46',NULL,1),(561,113,435,'49988225971','2017-10-23 14:03:26','2014-03-26 00:00:00',0.5,0.41,0.00,'1',NULL,'447',NULL,1),(562,113,435,'49984054660','2017-10-23 14:06:16','2014-06-16 00:00:00',0.5,0.41,0.00,'1',NULL,'547',NULL,1),(563,113,435,'49999608230','2017-10-25 18:06:22','2018-06-22 00:00:00',1.2,1.00,0.00,'1',NULL,'46',NULL,1),(564,113,435,'49991297377','2017-10-27 16:01:19','2016-01-19 00:00:00',0.5,0.41,0.00,'1',NULL,'45',NULL,1),(565,113,435,'49999272029','2017-10-27 16:03:18','2016-03-18 00:00:00',0.6,0.50,0.00,'1',NULL,'46',NULL,1),(566,113,435,'49991770990','2017-10-27 16:11:08','2016-11-08 00:00:00',0.7,0.58,0.00,'1',NULL,'46',NULL,1),(567,113,449,'48998334444','2017-10-19 17:07:11','2017-07-11 00:00:00',4.3,8.29,0.00,'2',NULL,'45',NULL,1),(568,115,370,'','2017-11-01 00:00:00',NULL,44,0.00,0.00,'0',NULL,'',NULL,1),(569,115,430,'','2017-11-01 00:00:00',NULL,7,0.00,0.00,'0',NULL,'',NULL,1),(570,115,430,'','2017-11-01 00:00:00',NULL,1,0.00,0.00,'0',NULL,'',NULL,1),(571,115,431,'','2017-11-01 00:00:00',NULL,52,0.00,0.00,'0',NULL,'',NULL,1),(572,115,432,'','2017-11-01 00:00:00',NULL,500,0.00,0.00,'0',NULL,'',NULL,1),(573,115,433,'','2017-11-01 00:00:00',NULL,NULL,0.00,0.00,'0',NULL,'',NULL,1),(574,115,435,'49999945465','2017-10-03 13:06:19','2013-06-19 00:00:00',0.7,0.58,0.00,'1',NULL,'46',NULL,1),(575,115,435,'49999515102','2017-10-26 19:10:15','2019-10-15 00:00:00',0.5,0.41,0.00,'1',NULL,'46',NULL,1),(576,116,370,'','2017-10-24 00:00:00',NULL,714,0.00,0.00,'',NULL,'',NULL,1),(577,116,430,'','2017-10-24 00:00:00',NULL,9.07,0.00,0.00,'',NULL,'',NULL,1),(578,116,370,'','2017-10-24 00:00:00',NULL,74,0.00,0.00,'',NULL,'',NULL,1),(579,116,431,'','2017-09-25 00:00:00',NULL,797.07,0.00,0.00,'',NULL,'',NULL,1),(580,116,432,'','2017-09-25 00:00:00',NULL,150,0.00,0.00,'',NULL,'',NULL,1),(581,116,433,'','2017-10-24 00:00:00',NULL,647.07,65.51,0.00,'',NULL,'',NULL,1),(582,116,434,'4832393513','2017-10-18 16:01:20','2016-01-20 00:00:00',4.4,2.75,0.00,'3',NULL,'47',NULL,1),(583,116,434,'4832393500','2017-10-24 14:01:05','2014-01-05 00:00:00',5.3,3.31,0.00,'3',NULL,'47',NULL,1),(584,117,370,'','2017-10-20 00:00:00',NULL,59.06,0.00,0.00,'',NULL,'',NULL,1),(585,117,430,'','2017-10-20 00:00:00',NULL,9.01,0.00,0.00,'',NULL,'',NULL,1),(586,117,431,'','2017-09-21 00:00:00',NULL,68.07,0.00,0.00,'',NULL,'',NULL,1),(587,117,432,'','2017-09-21 00:00:00',NULL,150,0.00,0.00,'',NULL,'',NULL,1),(588,117,433,'','2017-10-20 00:00:00',NULL,NULL,0.00,0.00,'',NULL,'',NULL,1),(589,117,492,'4936740427','2017-10-02 15:10:10','2015-10-10 00:00:00',5.9,2.65,0.00,'2',NULL,'47',NULL,1),(590,117,492,'4936740427','2017-10-05 15:03:11','2015-03-11 00:00:00',2,0.89,0.00,'2',NULL,'47',NULL,1),(591,118,370,'','2017-10-24 00:00:00',NULL,5.02,0.00,0.00,'',NULL,'',NULL,1),(592,118,430,'','2017-10-24 00:00:00',NULL,15.09,0.00,0.00,'',NULL,'',NULL,1),(593,118,431,'','2017-09-25 00:00:00',NULL,21.01,0.00,0.00,'',NULL,'',NULL,1),(594,118,432,'','2017-09-25 00:00:00',NULL,150,0.00,0.00,'',NULL,'',NULL,1),(595,118,433,'','2017-10-24 00:00:00',NULL,NULL,0.00,0.00,'',NULL,'',NULL,1),(596,118,496,'4635204400','2017-09-27 15:06:06','2015-06-06 00:00:00',1.2,0.75,0.00,'3',NULL,'41',NULL,1),(597,119,370,'','2017-10-24 00:00:00',NULL,94.08,0.00,0.00,'',NULL,'',NULL,1),(598,119,430,'','2017-10-24 00:00:00',NULL,5.02,0.00,0.00,'',NULL,'',NULL,1),(599,119,431,'','2017-09-25 00:00:00',NULL,100,0.00,0.00,'',NULL,'',NULL,1),(600,119,432,'','2017-09-25 00:00:00',NULL,150,0.00,0.00,'',NULL,'',NULL,1),(601,119,433,'','2017-10-24 00:00:00',NULL,NULL,0.00,0.00,'',NULL,'',NULL,1),(602,120,370,'','2017-09-25 00:00:00',NULL,4.04,0.00,0.00,'0',NULL,'',NULL,1),(603,120,370,'','2017-10-25 00:00:00',NULL,149.05,0.00,0.00,'0',NULL,'',NULL,1),(604,120,430,'','2017-10-25 00:00:00',NULL,7.07,0.00,0.00,'0',NULL,'',NULL,1),(605,120,431,'','2017-09-25 00:00:00',NULL,4.04,0.00,0.00,'0',NULL,'',NULL,1),(606,120,432,'','2017-09-25 00:00:00',NULL,400,0.00,0.00,'0',NULL,'',NULL,1),(607,120,433,'','2017-09-25 00:00:00',NULL,NULL,0.00,0.00,'0',NULL,'',NULL,1),(608,120,431,'','2017-10-25 00:00:00',NULL,157.02,0.00,0.00,'0',NULL,'',NULL,1),(609,120,432,'','2017-10-25 00:00:00',NULL,400,0.00,0.00,'0',NULL,'',NULL,1),(610,120,433,'','2017-10-25 00:00:00',NULL,NULL,0.00,0.00,'0',NULL,'',NULL,1),(611,120,435,'47999074517','2017-10-02 10:11:03','2010-11-03 00:00:00',0.9,0.66,0.00,'1',NULL,'46',NULL,1),(612,121,370,'','2017-10-25 00:00:00',NULL,1,0.00,0.00,'0',NULL,'',NULL,1),(613,121,431,'','2017-10-25 00:00:00',NULL,1,0.00,0.00,'0',NULL,'',NULL,1),(614,121,432,'','2017-10-25 00:00:00',NULL,500,0.00,0.00,'0',NULL,'',NULL,1),(615,121,433,'','2017-10-25 00:00:00',NULL,NULL,0.00,0.00,'0',NULL,'',NULL,1),(616,122,370,'','2017-10-28 00:00:00',NULL,111.05,0.00,0.00,'',NULL,'',NULL,1),(617,122,430,'','2017-10-28 00:00:00',NULL,25.07,0.00,0.00,'',NULL,'',NULL,1),(618,122,370,'','2017-10-28 00:00:00',NULL,40,0.00,0.00,'',NULL,'',NULL,1),(619,122,431,'','2017-09-29 00:00:00',NULL,177.02,0.00,0.00,'',NULL,'',NULL,1),(620,122,432,'','2017-09-29 00:00:00',NULL,150,0.00,0.00,'',NULL,'',NULL,1),(621,122,433,'','2017-10-28 00:00:00',NULL,27.02,2.76,0.00,'',NULL,'',NULL,1),(622,122,434,'4832393587','2017-10-18 16:11:25','2016-11-25 00:00:00',1.2,0.75,0.00,'3',NULL,'47',NULL,1),(623,122,501,'9832214996','2017-10-26 15:08:02','2015-08-02 00:00:00',1,0.37,0.00,'4',NULL,'98',NULL,1),(624,122,434,'4832393536','2017-10-31 14:01:02','2014-01-02 00:00:00',1.5,0.93,0.00,'3',NULL,'47',NULL,1),(625,122,435,'47984093104','2017-10-09 15:08:26','2015-08-26 00:00:00',6.8,5.77,0.00,'1',NULL,'547',NULL,1),(626,122,435,'47999043847','2017-10-16 16:08:12','2016-08-12 00:00:00',2.6,2.20,0.00,'1',NULL,'46',NULL,1),(627,122,449,'48991504708','2017-10-31 11:09:13','2011-09-13 00:00:00',7.7,14.84,0.00,'2',NULL,'45',NULL,1),(628,123,370,'','2017-10-28 00:00:00',NULL,3.01,0.00,0.00,'',NULL,'',NULL,1),(629,123,430,'','2017-10-28 00:00:00',NULL,14,0.00,0.00,'',NULL,'',NULL,1),(630,123,431,'','2017-09-29 00:00:00',NULL,17.01,0.00,0.00,'',NULL,'',NULL,1),(631,123,432,'','2017-09-29 00:00:00',NULL,150,0.00,0.00,'',NULL,'',NULL,1),(632,123,433,'','2017-10-28 00:00:00',NULL,NULL,0.00,0.00,'',NULL,'',NULL,1),(633,124,370,'','2017-11-09 00:00:00',NULL,104.04,0.00,0.00,'',NULL,'',NULL,1),(634,124,430,'','2017-11-09 00:00:00',NULL,6.09,0.00,0.00,'',NULL,'',NULL,1),(635,124,431,'','2017-10-10 00:00:00',NULL,111.03,0.00,0.00,'',NULL,'',NULL,1),(636,124,432,'','2017-10-10 00:00:00',NULL,150,0.00,0.00,'',NULL,'',NULL,1),(637,124,433,'','2017-11-09 00:00:00',NULL,NULL,0.00,0.00,'',NULL,'',NULL,1),(638,124,435,'49999142028','2017-10-30 17:07:24','2017-07-24 00:00:00',0.7,0.59,0.00,'1',NULL,'45',NULL,1),(639,125,370,'','2017-10-25 00:00:00',NULL,255,0.00,0.00,'0',NULL,'',NULL,1),(640,125,431,'','2017-10-25 00:00:00',NULL,255,0.00,0.00,'0',NULL,'',NULL,1),(641,125,432,'','2017-10-25 00:00:00',NULL,500,0.00,0.00,'0',NULL,'',NULL,1),(642,125,433,'','2017-10-25 00:00:00',NULL,NULL,0.00,0.00,'0',NULL,'',NULL,1),(643,125,489,'4135959200','2017-10-05 13:03:08','2013-03-08 00:00:00',1.6,0.73,0.00,'4',NULL,'941',NULL,1),(644,125,434,'4832393500','2017-10-16 14:01:01','2014-01-01 00:00:00',1.1,0.68,0.00,'3',NULL,'47',NULL,1),(645,125,489,'4132107800','2017-10-16 16:08:06','2016-08-06 00:00:00',1,0.74,0.00,'4',NULL,'241',NULL,1),(646,125,489,'4132107800','2017-10-16 16:10:01','2016-10-01 00:00:00',1,0.37,0.00,'4',NULL,'241',NULL,1),(647,125,489,'4132107800','2017-10-16 16:11:06','2016-11-06 00:00:00',1.4,1.04,0.00,'4',NULL,'241',NULL,1),(648,125,434,'4832393500','2017-10-19 14:07:26','2014-07-26 00:00:00',1.2,0.75,0.00,'3',NULL,'47',NULL,1),(649,125,435,'48999674914','2017-10-23 14:11:27','2014-11-27 00:00:00',0.9,0.75,0.00,'1',NULL,'46',NULL,1),(650,126,370,'','2017-10-24 00:00:00',NULL,49.07,0.00,0.00,'',NULL,'',NULL,1),(651,126,430,'','2017-10-24 00:00:00',NULL,52.04,0.00,0.00,'',NULL,'',NULL,1),(652,126,431,'','2017-09-25 00:00:00',NULL,102.01,0.00,0.00,'',NULL,'',NULL,1),(653,126,432,'','2017-09-25 00:00:00',NULL,150,0.00,0.00,'',NULL,'',NULL,1),(654,126,433,'','2017-10-24 00:00:00',NULL,NULL,0.00,0.00,'',NULL,'',NULL,1),(655,127,370,'','2017-10-28 00:00:00',NULL,149.06,0.00,0.00,'',NULL,'',NULL,1),(656,127,430,'','2017-10-28 00:00:00',NULL,4,0.00,0.00,'',NULL,'',NULL,1),(657,127,431,'','2017-09-29 00:00:00',NULL,153.06,0.00,0.00,'',NULL,'',NULL,1),(658,127,432,'','2017-09-29 00:00:00',NULL,150,0.00,0.00,'',NULL,'',NULL,1),(659,127,433,'','2017-10-28 00:00:00',NULL,3.06,0.36,0.00,'',NULL,'',NULL,1),(660,127,504,'1124758230','2017-10-04 16:01:12','2016-01-12 00:00:00',1.4,1.04,0.00,'4',NULL,'212',NULL,1),(661,127,504,'1124758230','2017-10-04 16:06:01','2016-06-01 00:00:00',1,0.52,0.00,'4',NULL,'212',NULL,1),(662,127,508,'1636031735','2017-10-17 16:12:16','2016-12-16 00:00:00',1,0.74,0.00,'4',NULL,'212',NULL,1),(663,128,370,'','2017-11-10 00:00:00',NULL,73,0.00,0.00,'0',NULL,'',NULL,1),(664,128,431,'','2017-11-10 00:00:00',NULL,73,0.00,0.00,'0',NULL,'',NULL,1),(665,128,432,'','2017-11-10 00:00:00',NULL,500,0.00,0.00,'0',NULL,'',NULL,1),(666,128,433,'','2017-11-10 00:00:00',NULL,NULL,0.00,0.00,'0',NULL,'',NULL,1),(667,128,435,'49999107716','2017-10-11 19:07:07','2019-07-07 00:00:00',0.5,0.41,0.00,'1',NULL,'46',NULL,1),(668,128,435,'49984050258','2017-11-03 17:01:09','2017-01-09 00:00:00',4.2,3.50,0.00,'1',NULL,'547',NULL,1),(669,129,370,'','2017-10-24 00:00:00',NULL,52.05,0.00,0.00,'',NULL,'',NULL,1),(670,129,430,'','2017-10-24 00:00:00',NULL,5.02,0.00,0.00,'',NULL,'',NULL,1),(671,129,431,'','2017-09-25 00:00:00',NULL,57.07,0.00,0.00,'',NULL,'',NULL,1),(672,129,432,'','2017-09-25 00:00:00',NULL,150,0.00,0.00,'',NULL,'',NULL,1),(673,129,433,'','2017-10-24 00:00:00',NULL,NULL,0.00,0.00,'',NULL,'',NULL,1),(674,129,435,'49999061795','2017-10-02 14:07:29','2014-07-29 00:00:00',1.1,0.93,0.00,'1',NULL,'46',NULL,1),(675,129,435,'49999911083','2017-10-06 14:02:08','2014-02-08 00:00:00',0.5,0.42,0.00,'1',NULL,'46',NULL,1),(676,130,370,'','2017-10-25 00:00:00',NULL,118,0.00,0.00,'0',NULL,'',NULL,1),(677,130,431,'','2017-10-25 00:00:00',NULL,118,0.00,0.00,'0',NULL,'',NULL,1),(678,130,432,'','2017-10-25 00:00:00',NULL,500,0.00,0.00,'0',NULL,'',NULL,1),(679,130,433,'','2017-10-25 00:00:00',NULL,NULL,0.00,0.00,'0',NULL,'',NULL,1),(680,130,512,'4934431253','2017-10-24 16:05:12','2016-05-12 00:00:00',1,0.49,0.00,'2',NULL,'47',NULL,1),(681,130,435,'49999063292','2017-10-05 15:11:05','2015-11-05 00:00:00',2.9,2.42,0.00,'1',NULL,'46',NULL,1),(682,130,435,'49999972129','2017-10-17 17:03:14','2017-03-14 00:00:00',1.8,1.50,0.00,'1',NULL,'46',NULL,1),(683,131,370,'','2017-10-24 00:00:00',NULL,50.03,0.00,0.00,'',NULL,'',NULL,1),(684,131,430,'','2017-10-24 00:00:00',NULL,13.07,0.00,0.00,'',NULL,'',NULL,1),(685,131,431,'','2017-09-25 00:00:00',NULL,64,0.00,0.00,'',NULL,'',NULL,1),(686,131,432,'','2017-09-25 00:00:00',NULL,150,0.00,0.00,'',NULL,'',NULL,1),(687,131,433,'','2017-10-24 00:00:00',NULL,NULL,0.00,0.00,'',NULL,'',NULL,1),(688,131,434,'4832393500','2017-09-27 10:04:08','2010-04-08 00:00:00',2,0.89,0.00,'2',NULL,'47',NULL,1),(689,131,434,'4832393500','2017-10-11 11:04:26','2011-04-26 00:00:00',1,0.22,0.00,'2',NULL,'47',NULL,1),(690,131,435,'47999677900','2017-10-05 10:02:02','2010-02-02 00:00:00',0.6,0.50,0.00,'1',NULL,'46',NULL,1),(691,131,435,'47999199738','2017-10-09 10:11:20','2010-11-20 00:00:00',0.5,0.42,0.00,'1',NULL,'46',NULL,1),(692,131,435,'47996803001','2017-10-18 11:12:11','2011-12-11 00:00:00',0.5,0.42,0.00,'1',NULL,'46',NULL,1),(693,132,370,'','2017-10-25 00:00:00',NULL,20,0.00,0.00,'0',NULL,'',NULL,1),(694,132,431,'','2017-10-25 00:00:00',NULL,20,0.00,0.00,'0',NULL,'',NULL,1),(695,132,432,'','2017-10-25 00:00:00',NULL,500,0.00,0.00,'0',NULL,'',NULL,1),(696,132,433,'','2017-10-25 00:00:00',NULL,NULL,0.00,0.00,'0',NULL,'',NULL,1),(697,133,370,'','2017-10-28 00:00:00',NULL,218.03,0.00,0.00,'',NULL,'',NULL,1),(698,133,430,'','2017-10-28 00:00:00',NULL,2.01,0.00,0.00,'',NULL,'',NULL,1),(699,133,431,'','2017-09-29 00:00:00',NULL,220.04,0.00,0.00,'',NULL,'',NULL,1),(700,133,432,'','2017-09-29 00:00:00',NULL,150,0.00,0.00,'',NULL,'',NULL,1),(701,133,433,'','2017-10-28 00:00:00',NULL,70.04,7.10,0.00,'',NULL,'',NULL,1),(702,133,435,'49988535223','2017-10-23 17:09:15','2017-09-15 00:00:00',0.5,0.42,0.00,'1',NULL,'447',NULL,1),(703,133,435,'49988738779','2017-10-23 17:12:13','2017-12-13 00:00:00',0.5,0.42,0.00,'1',NULL,'447',NULL,1),(704,134,370,'','2017-10-24 00:00:00',NULL,42.07,0.00,0.00,'',NULL,'',NULL,1),(705,134,430,'','2017-10-24 00:00:00',NULL,47.01,0.00,0.00,'',NULL,'',NULL,1),(706,134,431,'','2017-09-25 00:00:00',NULL,89.08,0.00,0.00,'',NULL,'',NULL,1),(707,134,432,'','2017-09-25 00:00:00',NULL,150,0.00,0.00,'',NULL,'',NULL,1),(708,134,433,'','2017-10-24 00:00:00',NULL,NULL,0.00,0.00,'',NULL,'',NULL,1),(709,135,430,'','2017-10-25 00:00:00',NULL,2,0.00,0.00,'0',NULL,'',NULL,1),(710,135,431,'','2017-10-25 00:00:00',NULL,2,0.00,0.00,'0',NULL,'',NULL,1),(711,135,432,'','2017-10-25 00:00:00',NULL,500,0.00,0.00,'0',NULL,'',NULL,1),(712,135,433,'','2017-10-25 00:00:00',NULL,NULL,0.00,0.00,'0',NULL,'',NULL,1),(713,136,370,'','2017-10-24 00:00:00',NULL,33.04,0.00,0.00,'',NULL,'',NULL,1),(714,136,431,'','2017-09-25 00:00:00',NULL,33.04,0.00,0.00,'',NULL,'',NULL,1),(715,136,432,'','2017-09-25 00:00:00',NULL,150,0.00,0.00,'',NULL,'',NULL,1),(716,136,433,'','2017-10-24 00:00:00',NULL,NULL,0.00,0.00,'',NULL,'',NULL,1),(717,136,454,'4934581268','2017-10-09 14:04:15','2014-04-15 00:00:00',1.1,0.49,0.00,'2',NULL,'47',NULL,1),(718,136,435,'49998080016','2017-10-18 14:11:07','2014-11-07 00:00:00',0.8,0.67,0.00,'1',NULL,'46',NULL,1),(719,137,370,'','2017-10-24 00:00:00',NULL,46.01,0.00,0.00,'',NULL,'',NULL,1),(720,137,430,'','2017-10-24 00:00:00',NULL,17.04,0.00,0.00,'',NULL,'',NULL,1),(721,137,431,'','2017-09-25 00:00:00',NULL,63.05,0.00,0.00,'',NULL,'',NULL,1),(722,137,432,'','2017-09-25 00:00:00',NULL,150,0.00,0.00,'',NULL,'',NULL,1),(723,137,433,'','2017-10-24 00:00:00',NULL,NULL,0.00,0.00,'',NULL,'',NULL,1),(724,137,434,'4832393500','2017-09-29 12:03:12','2012-03-12 00:00:00',1.5,0.40,0.00,'2',NULL,'47',NULL,1),(725,137,434,'4832393500','2017-09-29 15:02:03','2015-02-03 00:00:00',4.5,2.02,0.00,'2',NULL,'47',NULL,1),(726,137,434,'4832393500','2017-10-11 11:05:06','2011-05-06 00:00:00',1.5,0.67,0.00,'2',NULL,'47',NULL,1),(727,137,435,'47991044908','2017-10-09 10:09:18','2010-09-18 00:00:00',0.6,0.50,0.00,'1',NULL,'45',NULL,1),(728,137,435,'47999901005','2017-10-11 16:02:07','2016-02-07 00:00:00',0.6,0.50,0.00,'1',NULL,'46',NULL,1),(729,137,449,'48999707576','2017-10-06 12:03:11','2012-03-11 00:00:00',1.3,2.50,0.00,'2',NULL,'45',NULL,1),(730,138,370,'','2017-10-28 00:00:00',NULL,229.06,0.00,0.00,'',NULL,'',NULL,1),(731,138,430,'','2017-10-28 00:00:00',NULL,31.09,0.00,0.00,'',NULL,'',NULL,1),(732,138,370,'','2017-10-28 00:00:00',NULL,84,0.00,0.00,'',NULL,'',NULL,1),(733,138,431,'','2017-09-29 00:00:00',NULL,345.05,0.00,0.00,'',NULL,'',NULL,1),(734,138,432,'','2017-09-29 00:00:00',NULL,150,0.00,0.00,'',NULL,'',NULL,1),(735,138,433,'','2017-10-28 00:00:00',NULL,195.05,19.80,0.00,'',NULL,'',NULL,1),(736,138,434,'4832393500','2017-10-19 15:12:23','2015-12-23 00:00:00',1.1,0.68,0.00,'3',NULL,'47',NULL,1),(737,138,435,'48999335035','2017-10-10 19:04:14','2019-04-14 00:00:00',0.5,0.42,0.00,'1',NULL,'46',NULL,1),(738,138,435,'48998155052','2017-10-11 14:12:11','2014-12-11 00:00:00',1,0.84,0.00,'1',NULL,'46',NULL,1),(739,138,435,'48996907732','2017-10-16 16:02:14','2016-02-14 00:00:00',0.8,0.67,0.00,'1',NULL,'46',NULL,1),(740,138,435,'48999965160','2017-10-17 10:02:06','2010-02-06 00:00:00',1,0.84,0.00,'1',NULL,'46',NULL,1),(741,138,435,'48999181735','2017-10-23 17:08:07','2017-08-07 00:00:00',1.5,1.27,0.00,'1',NULL,'46',NULL,1),(742,138,435,'48998030700','2017-10-24 10:05:31','2010-05-31 00:00:00',2.1,1.78,0.00,'1',NULL,'45',NULL,1),(743,138,435,'48984013002','2017-10-24 10:12:17','2010-12-17 00:00:00',0.8,0.67,0.00,'1',NULL,'45',NULL,1),(744,138,435,'48984013002','2017-10-24 14:09:06','2014-09-06 00:00:00',0.6,0.50,0.00,'1',NULL,'45',NULL,1),(745,138,435,'48996280413','2017-10-27 14:10:17','2014-10-17 00:00:00',1,0.84,0.00,'1',NULL,'46',NULL,1),(746,139,370,'','2017-10-21 00:00:00',NULL,58,0.00,0.00,'0',NULL,'',NULL,1),(747,139,520,'','2017-10-21 00:00:00',NULL,6,0.00,0.00,'0',NULL,'',NULL,1),(748,139,431,'','2017-10-21 00:00:00',NULL,64,0.00,0.00,'0',NULL,'',NULL,1),(749,139,432,'','2017-10-21 00:00:00',NULL,500,0.00,0.00,'0',NULL,'',NULL,1),(750,139,433,'','2017-10-21 00:00:00',NULL,NULL,0.00,0.00,'0',NULL,'',NULL,1),(751,140,370,'','2017-10-25 00:00:00',NULL,2,0.00,0.00,'0',NULL,'',NULL,1),(752,140,430,'','2017-10-25 00:00:00',NULL,34,0.00,0.00,'0',NULL,'',NULL,1),(753,140,431,'','2017-10-25 00:00:00',NULL,36,0.00,0.00,'0',NULL,'',NULL,1),(754,140,432,'','2017-10-25 00:00:00',NULL,500,0.00,0.00,'0',NULL,'',NULL,1),(755,140,433,'','2017-10-25 00:00:00',NULL,NULL,0.00,0.00,'0',NULL,'',NULL,1),(756,141,370,'','2017-10-16 00:00:00',NULL,117.03,0.00,0.00,'',NULL,'',NULL,1),(757,141,430,'','2017-10-16 00:00:00',NULL,1.09,0.00,0.00,'',NULL,'',NULL,1),(758,141,431,'','2017-09-17 00:00:00',NULL,119.02,0.00,0.00,'',NULL,'',NULL,1),(759,141,432,'','2017-09-17 00:00:00',NULL,150,0.00,0.00,'',NULL,'',NULL,1),(760,141,433,'','2017-10-16 00:00:00',NULL,NULL,0.00,0.00,'',NULL,'',NULL,1),(761,141,435,'48999237297','2017-09-25 16:10:01','2016-10-01 00:00:00',0.9,0.76,0.00,'1',NULL,'45',NULL,1),(762,141,435,'48999402955','2017-10-10 13:07:28','2013-07-28 00:00:00',0.6,0.50,0.00,'1',NULL,'46',NULL,1),(763,141,435,'48999402955','2017-10-10 18:10:28','2018-10-28 00:00:00',0.5,0.42,0.00,'1',NULL,'46',NULL,1),(764,142,370,'','2017-10-24 00:00:00',NULL,108,0.00,0.00,'',NULL,'',NULL,1),(765,142,430,'','2017-10-24 00:00:00',NULL,107.03,0.00,0.00,'',NULL,'',NULL,1),(766,142,431,'','2017-09-25 00:00:00',NULL,215.03,0.00,0.00,'',NULL,'',NULL,1),(767,142,432,'','2017-09-25 00:00:00',NULL,130,0.00,0.00,'',NULL,'',NULL,1),(768,142,433,'','2017-10-20 00:00:00',NULL,85.03,8.66,0.00,'',NULL,'',NULL,1),(769,143,370,'','2017-10-24 00:00:00',NULL,5.08,0.00,0.00,'',NULL,'',NULL,1),(770,143,430,'','2017-10-24 00:00:00',NULL,30.03,0.00,0.00,'',NULL,'',NULL,1),(771,143,431,'','2017-09-25 00:00:00',NULL,36.01,0.00,0.00,'',NULL,'',NULL,1),(772,143,432,'','2017-09-25 00:00:00',NULL,150,0.00,0.00,'',NULL,'',NULL,1),(773,143,433,'','2017-10-24 00:00:00',NULL,NULL,0.00,0.00,'',NULL,'',NULL,1),(774,145,370,'','2017-10-28 00:00:00',NULL,81.01,0.00,0.00,'',NULL,'',NULL,1),(775,145,430,'','2017-10-28 00:00:00',NULL,4.02,0.00,0.00,'',NULL,'',NULL,1),(776,145,431,'','2017-09-29 00:00:00',NULL,85.03,0.00,0.00,'',NULL,'',NULL,1),(777,145,432,'','2017-09-29 00:00:00',NULL,150,0.00,0.00,'',NULL,'',NULL,1),(778,145,433,'','2017-10-28 00:00:00',NULL,NULL,0.00,0.00,'',NULL,'',NULL,1),(779,145,435,'49991051058','2017-10-02 17:01:18','2017-01-18 00:00:00',0.5,0.42,0.00,'1',NULL,'45',NULL,1),(780,145,435,'49988562107','2017-10-27 18:09:04','2018-09-04 00:00:00',1.4,1.18,0.00,'1',NULL,'447',NULL,1),(781,145,435,'49991768096','2017-10-27 18:12:21','2018-12-21 00:00:00',0.5,0.42,0.00,'1',NULL,'45',NULL,1),(782,145,441,'49991117210','2017-10-09 18:10:30','2018-10-30 00:00:00',0.7,0.59,0.00,'1',NULL,'45',NULL,1),(783,146,370,'','2017-10-24 00:00:00',NULL,17.07,0.00,0.00,'',NULL,'',NULL,1),(784,146,430,'','2017-10-24 00:00:00',NULL,1.08,0.00,0.00,'',NULL,'',NULL,1),(785,146,431,'','2017-09-25 00:00:00',NULL,19.05,0.00,0.00,'',NULL,'',NULL,1),(786,146,432,'','2017-09-25 00:00:00',NULL,150,0.00,0.00,'',NULL,'',NULL,1),(787,146,433,'','2017-10-24 00:00:00',NULL,NULL,0.00,0.00,'',NULL,'',NULL,1),(788,147,370,'','2017-10-28 00:00:00',NULL,46.06,0.00,0.00,'',NULL,'',NULL,1),(789,147,430,'','2017-10-28 00:00:00',NULL,22.04,0.00,0.00,'',NULL,'',NULL,1),(790,147,431,'','2017-09-29 00:00:00',NULL,69,0.00,0.00,'',NULL,'',NULL,1),(791,147,432,'','2017-09-29 00:00:00',NULL,150,0.00,0.00,'',NULL,'',NULL,1),(792,147,433,'','2017-10-28 00:00:00',NULL,NULL,0.00,0.00,'',NULL,'',NULL,1),(793,147,450,'4733467770','2017-10-10 15:05:12','2015-05-12 00:00:00',1,0.59,0.00,'4',NULL,'948',NULL,1),(794,147,435,'49999077700','2017-10-19 17:01:10','2017-01-10 00:00:00',0.6,0.50,0.00,'1',NULL,'447',NULL,1),(795,148,370,'','2017-10-16 00:00:00',NULL,978.08,0.00,0.00,'',NULL,'',NULL,1),(796,148,430,'','2017-10-16 00:00:00',NULL,22.03,0.00,0.00,'',NULL,'',NULL,1),(797,148,431,'','2017-09-17 00:00:00',NULL,1001.01,0.00,0.00,'',NULL,'',NULL,1),(798,148,432,'','2017-09-17 00:00:00',NULL,NULL,0.00,0.00,'',NULL,'',NULL,1),(799,148,433,'','2017-10-16 00:00:00',NULL,1001.01,114.35,0.00,'',NULL,'',NULL,1),(800,148,434,'4832393500','2017-09-22 09:07:18','2009-07-18 00:00:00',3.7,2.31,0.00,'3',NULL,'47',NULL,1),(801,148,434,'4832393500','2017-09-28 16:01:19','2016-01-19 00:00:00',5.3,3.31,0.00,'3',NULL,'47',NULL,1),(802,148,435,'49988387193','2017-10-10 16:02:18','2016-02-18 00:00:00',0.9,0.76,0.00,'1',NULL,'45',NULL,1),(803,148,435,'49984251251','2017-10-11 15:01:26','2015-01-26 00:00:00',1.3,1.10,0.00,'1',NULL,'547',NULL,1),(804,148,435,'49999797898','2017-10-13 14:11:14','2014-11-14 00:00:00',1.7,1.44,0.00,'1',NULL,'46',NULL,1),(805,148,435,'49999251960','2017-10-13 17:10:08','2017-10-08 00:00:00',1,0.84,0.00,'1',NULL,'46',NULL,1),(806,148,435,'49988035955','2017-10-16 11:12:23','2011-12-23 00:00:00',0.5,0.42,0.00,'1',NULL,'447',NULL,1),(807,149,370,'','2017-10-25 00:00:00',NULL,56,0.00,0.00,'0',NULL,'',NULL,1),(808,149,430,'','2017-10-25 00:00:00',NULL,1,0.00,0.00,'0',NULL,'',NULL,1),(809,149,431,'','2017-10-25 00:00:00',NULL,57,0.00,0.00,'0',NULL,'',NULL,1),(810,149,432,'','2017-10-25 00:00:00',NULL,500,0.00,0.00,'0',NULL,'',NULL,1),(811,149,433,'','2017-10-25 00:00:00',NULL,NULL,0.00,0.00,'0',NULL,'',NULL,1),(812,149,435,'47992292516','2017-10-13 15:03:11','2015-03-11 00:00:00',0.5,0.41,0.00,'1',NULL,'45',NULL,1),(813,149,435,'47992292516','2017-10-13 15:04:08','2015-04-08 00:00:00',0.7,0.58,0.00,'1',NULL,'45',NULL,1),(814,150,370,'','2017-10-28 00:00:00',NULL,27.09,0.00,0.00,'',NULL,'',NULL,1),(815,150,430,'','2017-10-28 00:00:00',NULL,9.08,0.00,0.00,'',NULL,'',NULL,1),(816,150,431,'','2017-09-29 00:00:00',NULL,37.07,0.00,0.00,'',NULL,'',NULL,1),(817,150,432,'','2017-09-29 00:00:00',NULL,150,0.00,0.00,'',NULL,'',NULL,1),(818,150,433,'','2017-10-28 00:00:00',NULL,NULL,0.00,0.00,'',NULL,'',NULL,1),(819,151,370,'','2017-11-01 00:00:00',NULL,41,0.00,0.00,'0',NULL,'',NULL,1),(820,151,430,'','2017-11-01 00:00:00',NULL,1,0.00,0.00,'0',NULL,'',NULL,1),(821,151,431,'','2017-11-01 00:00:00',NULL,42,0.00,0.00,'0',NULL,'',NULL,1),(822,151,432,'','2017-11-01 00:00:00',NULL,500,0.00,0.00,'0',NULL,'',NULL,1),(823,151,433,'','2017-11-01 00:00:00',NULL,NULL,0.00,0.00,'0',NULL,'',NULL,1),(824,151,435,'49988065315','2017-10-13 15:05:27','2015-05-27 00:00:00',0.7,0.58,0.00,'1',NULL,'447',NULL,1),(825,151,435,'49999379411','2017-10-13 15:07:01','2015-07-01 00:00:00',0.7,0.58,0.00,'1',NULL,'46',NULL,1),(826,151,435,'49999188183','2017-10-13 15:10:04','2015-10-04 00:00:00',1.4,1.16,0.00,'1',NULL,'46',NULL,1),(827,152,370,'','2017-10-21 00:00:00',NULL,5,0.00,0.00,'0',NULL,'',NULL,1),(828,152,430,'','2017-10-21 00:00:00',NULL,5,0.00,0.00,'0',NULL,'',NULL,1),(829,152,431,'','2017-10-21 00:00:00',NULL,10,0.00,0.00,'0',NULL,'',NULL,1),(830,152,432,'','2017-10-21 00:00:00',NULL,500,0.00,0.00,'0',NULL,'',NULL,1),(831,152,433,'','2017-10-21 00:00:00',NULL,NULL,0.00,0.00,'0',NULL,'',NULL,1),(832,153,370,'','2017-10-20 00:00:00',NULL,1784.09,0.00,0.00,'',NULL,'',NULL,1),(833,153,430,'','2017-10-20 00:00:00',NULL,2442.06,0.00,0.00,'',NULL,'',NULL,1),(834,153,431,'','2017-09-21 00:00:00',NULL,4227.05,0.00,0.00,'',NULL,'',NULL,1),(835,153,432,'','2017-09-21 00:00:00',NULL,12000,0.00,0.00,'',NULL,'',NULL,1),(836,153,433,'','2017-10-20 00:00:00',NULL,NULL,0.00,0.00,'',NULL,'',NULL,1),(837,153,537,'4732760530','2017-09-21 11:05:27','2011-05-27 00:00:00',2.2,0.39,0.00,'3',NULL,'948',NULL,1),(838,153,453,'4933216300','2017-09-21 12:11:17','2012-11-17 00:00:00',1.9,0.34,0.00,'4',NULL,'948',NULL,1),(839,153,502,'5132871800','2017-09-21 16:01:07','2016-01-07 00:00:00',3.8,0.68,0.00,'4',NULL,'951',NULL,1),(840,153,489,'4131229611','2017-09-21 17:07:31','2017-07-31 00:00:00',1,0.10,0.00,'3',NULL,'541',NULL,1),(841,153,554,'7133298900','2017-09-25 15:10:31','2015-10-31 00:00:00',3.4,0.60,0.00,'4',NULL,'971',NULL,1),(842,153,557,'4733652743','2017-09-25 16:01:03','2016-01-03 00:00:00',1.9,0.34,0.00,'2',NULL,'47',NULL,1),(843,153,558,'4932462090','2017-09-25 17:07:07','2017-07-07 00:00:00',2.9,0.52,0.00,'3',NULL,'47',NULL,1),(844,153,542,'4935213214','2017-09-26 10:04:19','2010-04-19 00:00:00',3.3,0.59,0.00,'3',NULL,'47',NULL,1),(845,153,477,'4733233310','2017-09-26 12:11:20','2012-11-20 00:00:00',1,0.08,0.00,'2',NULL,'948',NULL,1),(846,153,543,'4836460352','2017-09-26 15:02:28','2015-02-28 00:00:00',1.1,0.19,0.00,'3',NULL,'47',NULL,1),(847,153,536,'4735212115','2017-09-26 15:09:04','2015-09-04 00:00:00',2.2,0.39,0.00,'3',NULL,'47',NULL,1),(848,153,546,'4734442336','2017-09-26 16:08:30','2016-08-30 00:00:00',1.1,0.19,0.00,'3',NULL,'47',NULL,1),(849,153,566,'2121955200','2017-09-27 10:03:31','2010-03-31 00:00:00',1.7,0.30,0.00,'4',NULL,'221',NULL,1),(850,153,568,'4936211324','2017-09-27 14:06:04','2014-06-04 00:00:00',1,0.17,0.00,'4',NULL,'47',NULL,1),(851,153,537,'4732736206','2017-09-27 14:12:01','2014-12-01 00:00:00',1,0.08,0.00,'3',NULL,'948',NULL,1),(852,153,498,'4734330771','2017-09-28 09:08:28','2009-08-28 00:00:00',2.4,0.43,0.00,'3',NULL,'247',NULL,1),(853,153,477,'4733233310','2017-09-28 09:10:25','2009-10-25 00:00:00',4,0.71,0.00,'2',NULL,'948',NULL,1),(854,153,561,'4733684993','2017-09-28 14:04:03','2014-04-03 00:00:00',1,0.08,0.00,'2',NULL,'47',NULL,1),(855,153,502,'5132871872','2017-09-28 15:01:28','2015-01-28 00:00:00',4.3,0.77,0.00,'4',NULL,'951',NULL,1),(856,153,538,'4733557504','2017-09-28 15:04:01','2015-04-01 00:00:00',4.2,0.75,0.00,'2',NULL,'948',NULL,1);
/*!40000 ALTER TABLE `contaunidadeconsumotelefoniaVoz` ENABLE KEYS */;
UNLOCK TABLES;

--
-- Table structure for table `contrato`
--

DROP TABLE IF EXISTS `contrato`;
/*!40101 SET @saved_cs_client     = @@character_set_client */;
/*!40101 SET character_set_client = utf8 */;
CREATE TABLE `contrato` (
  `ContratoId` int(11) NOT NULL AUTO_INCREMENT,
  `ContratoNumero` varchar(50) NOT NULL,
  `FkContratoClienteId` int(11) NOT NULL,
  `FkContratoFornecedorLayoutId` int(11) NOT NULL,
  PRIMARY KEY (`ContratoId`),
  KEY `FkContratoClienteId_idx` (`FkContratoClienteId`),
  KEY `FkContratoFornecedorLayout_idx` (`FkContratoFornecedorLayoutId`),
  CONSTRAINT `FkContratoCliente` FOREIGN KEY (`FkContratoClienteId`) REFERENCES `cliente` (`ClienteId`) ON DELETE NO ACTION ON UPDATE NO ACTION
) ENGINE=InnoDB AUTO_INCREMENT=83 DEFAULT CHARSET=latin1;
/*!40101 SET character_set_client = @saved_cs_client */;

--
-- Dumping data for table `contrato`
--

LOCK TABLES `contrato` WRITE;
/*!40000 ALTER TABLE `contrato` DISABLE KEYS */;
INSERT INTO `contrato` VALUES (5,'899999261965',1,5),(6,'1180587852',1,1),(7,'000830025839',1,1031),(8,'30291',1,11),(9,'3215365',1,1019),(10,'71571609',1,1015),(11,'7000089033',1,1016),(12,'7000106752',1,1016),(13,'7000396840',1,1016),(14,'7000567431',1,1016),(15,'7001407543',1,1016),(16,'7001496775',1,1016),(17,'7001627268',1,1016),(18,'7001711099',1,1016),(19,'7001734730',1,1016),(20,'7001958116',1,1016),(21,'7001974626',1,1016),(22,'7002056620',1,1016),(23,'7002136780',1,1016),(24,'7002210972',1,1016),(25,'7002460898',1,1016),(26,'7002684370',1,1016),(27,'7003140714',1,1016),(28,'7003141311',1,1016),(29,'7003142580',1,1016),(30,'7004076378',1,1016),(31,'7004293875',1,1016),(32,'7004447899',1,1016),(33,'7005214480',1,1016),(34,'7005234740',1,1016),(35,'7005268939',1,1016),(36,'7005313110',1,1016),(37,'7005414587',1,1016),(38,'7005520603',1,1016),(39,'7005587627',1,1016),(40,'7007005625',1,1016),(41,'7007102450',1,1016),(42,'7007127658',1,1016),(43,'7007130705',1,1016),(44,'7007139605',1,1016),(45,'7007332839',1,1016),(46,'7007793941',1,1016),(47,'7007889990',1,1016),(48,'7008019000',1,1016),(49,'7008053992',1,1016),(50,'7008123664',1,1016),(51,'7008280263',1,1016),(52,'7008300353',1,1016),(53,'7008358513',1,1016),(54,'7008508957',1,1016),(55,'7008680288',1,1016),(56,'7008814640',1,1016),(57,'7009026255',1,1016),(58,'7009069264',1,1016),(59,'7009075426',1,1016),(60,'7009856274',1,1016),(61,'7010012130',1,1016),(62,'7100300763',1,1016),(63,'7101436200',1,1016),(64,'7101986588',1,1016),(65,'7102931442',1,1016),(66,'7103366641',1,1016),(67,'7103854239',1,1016),(68,'7103973211',1,1016),(69,'7104003968',1,1016),(70,'7107090993',1,1016),(71,'7107598032',1,1016),(72,'7107987020',1,1016),(73,'7109183808',1,1016),(74,'7111590849',1,1016),(75,'7111696825',1,1016),(76,'7115136255',1,1016),(77,'7115533840',1,1016),(78,'7115736910',1,1016),(79,'7117135043',1,1016),(80,'7117145472',1,1016),(81,'7117497093',1,1016),(82,'7117579952',1,1016);
/*!40000 ALTER TABLE `contrato` ENABLE KEYS */;
UNLOCK TABLES;

--
-- Table structure for table `fornecedor`
--

DROP TABLE IF EXISTS `fornecedor`;
/*!40101 SET @saved_cs_client     = @@character_set_client */;
/*!40101 SET character_set_client = utf8 */;
CREATE TABLE `fornecedor` (
  `FornecedorId` int(11) NOT NULL AUTO_INCREMENT,
  `FornecedorNome` varchar(70) COLLATE utf8mb4_unicode_ci NOT NULL,
  `FornecedorRazaoSocial` varchar(70) COLLATE utf8mb4_unicode_ci NOT NULL,
  `Url` varchar(255) COLLATE utf8mb4_unicode_ci DEFAULT NULL,
  `FornecedorCnpj` varchar(20) COLLATE utf8mb4_unicode_ci NOT NULL,
  `FornecedorCep` varchar(10) COLLATE utf8mb4_unicode_ci DEFAULT NULL,
  `FornecedorCidade` varchar(50) COLLATE utf8mb4_unicode_ci DEFAULT NULL,
  `FornecedorLogradouro` varchar(70) COLLATE utf8mb4_unicode_ci DEFAULT NULL,
  `FornecedorComplemento` varchar(70) COLLATE utf8mb4_unicode_ci DEFAULT NULL,
  `FkTipoFornecedorId` int(11) DEFAULT NULL,
  `FornecedorBairro` varchar(50) COLLATE utf8mb4_unicode_ci DEFAULT NULL,
  `FornecedorUF` varchar(2) COLLATE utf8mb4_unicode_ci DEFAULT NULL,
  `FornecedorNumero` varchar(10) COLLATE utf8mb4_unicode_ci DEFAULT NULL,
  `FornecedorCodigoERP` int(11) DEFAULT NULL,
  PRIMARY KEY (`FornecedorId`),
  UNIQUE KEY `FornecedorId_UNIQUE` (`FornecedorId`),
  KEY `FK_TIPO_FORNECEDOR_idx` (`FkTipoFornecedorId`),
  KEY `FORNECEDOR_NOME` (`FornecedorNome`)
) ENGINE=InnoDB AUTO_INCREMENT=26 DEFAULT CHARSET=utf8mb4 COLLATE=utf8mb4_unicode_ci;
/*!40101 SET character_set_client = @saved_cs_client */;

--
-- Dumping data for table `fornecedor`
--

LOCK TABLES `fornecedor` WRITE;
/*!40000 ALTER TABLE `fornecedor` DISABLE KEYS */;
INSERT INTO `fornecedor` VALUES (2,'SC GAS','SC GAS','http://www.scgas.com.br/','68036799000100','88025100','Florianópolis','Rua Allan Kardec','',3,'Agronômica','SC','',NULL),(4,'Fenosa SP','FENOSA','https://fol.gasnaturalfenosa.com.br/FatemailWeb/ControlesQualidades/FormularioIND?','68036799000100','88025100','São Paulo',NULL,NULL,3,NULL,NULL,NULL,NULL),(5,'Gas Brasiliano','GAS BRASILIANO','http://www.gasbrasiliano.com.br/area-cliente/fatura/fatura-online/','68036799000100','88025100','Belo Horizonte',NULL,NULL,3,NULL,NULL,NULL,NULL),(6,'Sabesp','Sabesp','http://site.sabesp.com.br/site/Default.aspx','68036799000100','88025100','Sao Paulo','Rod. Amaro Antonio Vieira','121212',1,NULL,NULL,NULL,NULL),(7,'Casan','CIA. CATARINENSE DE ÁGUAS E SANEAMENTO','https://e.casan.com.br/segundavia/','68036799000100','88025100','Florianópolis','RUA SALDANHO MARINHO, 374','',1,NULL,NULL,NULL,NULL),(9,'Celesc','Celesc','https://agenciaweb.celesc.com.br/AgenciaWeb','68036799000100','88025100','Florianopolis','Avenida Beira Mar','1512',2,NULL,NULL,NULL,NULL),(10,'Oi Telecom','Oi','http://oimaisempresas.oi.com.br','68036799000100','88025100','Florianópolis','Rodovia Amaro Antônio Vieira','',4,'Itacorubi','SC','',NULL),(11,'Vivo','Vivo Telecom','https://login.vivo.com.br/loginmarca/appmanager/marca/publico?acesso=empresas#','68036799000100','88025100','Florianópolis','Rodovia Amaro Antônio Vieira','',4,'Itacorubi','SC','',NULL),(12,'Embratel','Embratel','https://webebt01.embratel.com.br/embratelonline/','68036799000100','88025100','Florianópolis','Rodovia Amaro Antônio Vieira','',4,'Itacorubi','SC','',NULL),(13,'Algar','Algar','https://www.algartelecom.com.br/AreaCliente/portal-usuario/index.html','68036799000100','88034101','Florianópolis','Rodovia Amaro Antônio Vieira','',4,'Itacorubi','SC','',NULL),(14,'TIM','TIM','https://meutim.tim.com.br/','68036799000100','88034101','Florianópolis','Rodovia Amaro Antônio Vieira','',4,'Itacorubi','SC','',NULL),(15,'Claro','Claro','https://contaonline.claro.com.br/webbow/login/initPJ_oqe.do','68036799000100','88034101','Florianópolis','Rodovia Amaro Antônio Vieira','',4,'Itacorubi','SC','',NULL),(16,'Bahia Gas','Companhia de Gas da Bahia - BAHIAGAS','http://www.bahiagas.com.br/','68036799000100','41810012','Salvador','AV. PROF. MAGALHAES NETO',NULL,3,'Pituba','BA','1838',NULL),(17,'Copergas','Companhia Pernambucana de Gás','http://www.copergas.com.br','68036799000100','51111010','Recife','Avenida Conselheiro Aguiar',NULL,3,'Boa Viagem','PE','1748',NULL),(18,'Cigas','COMPANHIA DE GAS DO AMAZONAS-CIGAS','http://cigas-am.com.br/','68036799000100','88025100','Manaus','AV TORQUATO TAPAJOS',NULL,3,'FLORES','AM','6100',NULL),(19,'GVT','GVT',NULL,'68036799000100','88034101','Florianópolis','Rodovia Amaro Antônio Vieira','',4,'Itacorubi','SC','',NULL),(20,'NET','NET',NULL,'68036799000100','88034101','Florianópolis','Rodovia Amaro Antônio Vieira','',4,'Itacorubi','SC','',NULL),(21,'OI','OI',NULL,'68036799000100','88034101','Florianópolis','Rodovia Amaro Antônio Vieira','',4,'Itacorubi','SC','',NULL),(22,'Outras','Outras Operadoras',NULL,'68036799000100','88025100',NULL,NULL,NULL,NULL,NULL,NULL,NULL,NULL),(23,'COPEL TELECOM','COPEL',NULL,'68036799000100','88034101','Florianópolis','Rodovia Amaro Antônio Vieira','',4,'Itacorubi','SC','',NULL),(24,'CPFL Empresas','CPFL Empresas','https://www.cpflempresas.com.br','68036799000100','88025100',NULL,NULL,NULL,2,NULL,NULL,NULL,NULL),(25,'DAE Jundiai','DAE Jundiai','http://conexao.daejundiai.com.br:57488/AgenciaWeb','68036799000100','88034101','Florianópolis','Rodovia Amaro Antônio Vieira','',1,'Itacorubi','SC','',NULL);
/*!40000 ALTER TABLE `fornecedor` ENABLE KEYS */;
UNLOCK TABLES;

--
-- Table structure for table `fornecedorcliente`
--

DROP TABLE IF EXISTS `fornecedorcliente`;
/*!40101 SET @saved_cs_client     = @@character_set_client */;
/*!40101 SET character_set_client = utf8 */;
CREATE TABLE `fornecedorcliente` (
  `FornecedorClienteId` int(11) NOT NULL AUTO_INCREMENT,
  `FkFornecedorId` int(11) NOT NULL,
  `FkClienteId` int(11) NOT NULL,
  `Login` varchar(45) COLLATE utf8mb4_unicode_ci DEFAULT NULL,
  `Senha` varchar(20) COLLATE utf8mb4_unicode_ci DEFAULT NULL,
  `NumeroDiaVencimento` int(11) DEFAULT NULL,
  `NumeroDiasAntesVencimento` int(11) DEFAULT NULL,
  `NumeroUnidadeConsumidora` varchar(50) COLLATE utf8mb4_unicode_ci DEFAULT NULL,
  `Parsear` int(11) DEFAULT NULL,
  `Coletar` int(11) DEFAULT NULL,
  PRIMARY KEY (`FornecedorClienteId`),
  KEY `FkClienteId2_idx` (`FkClienteId`),
  KEY `FkFornecedorId3_idx` (`FkFornecedorId`),
  CONSTRAINT `FkClienteId2` FOREIGN KEY (`FkClienteId`) REFERENCES `cliente` (`ClienteId`) ON DELETE NO ACTION ON UPDATE NO ACTION,
  CONSTRAINT `FkFornecedorId3` FOREIGN KEY (`FkFornecedorId`) REFERENCES `fornecedor` (`FornecedorId`) ON DELETE NO ACTION ON UPDATE NO ACTION
) ENGINE=InnoDB AUTO_INCREMENT=18 DEFAULT CHARSET=utf8mb4 COLLATE=utf8mb4_unicode_ci;
/*!40101 SET character_set_client = @saved_cs_client */;

--
-- Dumping data for table `fornecedorcliente`
--

LOCK TABLES `fornecedorcliente` WRITE;
/*!40000 ALTER TABLE `fornecedorcliente` DISABLE KEYS */;
INSERT INTO `fornecedorcliente` VALUES (1,4,15,'1001510-5','senha',25,9,'1001510-5',0,0),(2,9,17,'','jex8580',20,2,'44040018',0,1),(3,5,18,'021921',NULL,23,3,'021921',0,0),(4,7,17,NULL,NULL,10,10,'3201112',0,0),(5,9,19,'51161343','GKqzK8yrH599qEg',10,40,'51161343',0,0),(6,4,16,'1001510-5',NULL,10,15,'1001510-5',0,0),(7,17,21,NULL,NULL,NULL,NULL,NULL,0,0),(8,18,22,NULL,NULL,4,1,'10',0,0),(9,11,1,'00856884952','736420',4,1,'48991248795',1,0),(10,24,23,'120.827.528-36','cpflcpfl',30,10,'2036297972',0,0),(15,2,1,'denigris','123456',1,1,'1',0,0),(16,5,1,'teste','123456',1,1,'1',1,0),(17,11,1,'vivo','123456',1,1,'1',0,0);
/*!40000 ALTER TABLE `fornecedorcliente` ENABLE KEYS */;
UNLOCK TABLES;

--
-- Table structure for table `fornecedorlayout`
--

DROP TABLE IF EXISTS `fornecedorlayout`;
/*!40101 SET @saved_cs_client     = @@character_set_client */;
/*!40101 SET character_set_client = utf8 */;
CREATE TABLE `fornecedorlayout` (
  `FornecedorLayoutId` int(11) NOT NULL,
  `FornecedorLayoutIdentificador` varchar(255) NOT NULL,
  `FornecedorLayoutTipo` int(11) NOT NULL,
  `FornecedorLayoutClasse` int(11) NOT NULL,
  `FkFornecedorLayoutFornecedorId` int(11) NOT NULL,
  PRIMARY KEY (`FornecedorLayoutId`),
  KEY `FkFornecedorLayoutFornecedorId_idx` (`FkFornecedorLayoutFornecedorId`)
) ENGINE=MyISAM DEFAULT CHARSET=latin1;
/*!40101 SET character_set_client = @saved_cs_client */;

--
-- Dumping data for table `fornecedorlayout`
--

LOCK TABLES `fornecedorlayout` WRITE;
/*!40000 ALTER TABLE `fornecedorlayout` DISABLE KEYS */;
INSERT INTO `fornecedorlayout` VALUES (1,'Oi S.A.#Fique ligado',13,1,10),(3,'ICMS % BASE DE CALCULO',1,1,11),(4,'Nota Fiscal Fatura de Serviços#Regime Especial Pro',2,1,11),(5,'Seu Demonstrativo de Despesas#Histórico de consumo',5,1,11),(6,'Seu Demonstrativo de Despesas#Total de minutos utilizados no mês',6,1,11),(7,'www.embratel.com.br',9,1,12),(8,'www.algartelecom.com.br#FIXA@10',10,1,13),(9,'Conta simplificada#FIXA@10',11,1,13),(11,'Acesso Digital#DEMONSTRATIVO DE DESPESAS POR',8,1,11),(12,'Código NET',14,1,20),(13,'Minha NET:',15,1,20),(14,'Cadastro do Assinante',4,1,11),(15,'www.vivo.com.br/meuvivo#*** REFERE-SE AO CLIENTE',16,1,11),(1015,'área exclusive do site www.tim.com.br',37,2,14),(1016,'Oi-Fixo-SemIdentificador',12,1,10),(1017,'Vivo-Fixo-SemIdentificador',2,1,11),(1018,'Embratel-Fixo-SemIdentificador',3,1,12),(1019,'COPEL TELECOMUNICACOES#www.copeltelecom.com',36,1,23),(1020,'Algar-Fixo-SemIdentificador',4,1,13),(1021,'NET-Fixo-SemIdentificador',5,1,20),(1022,'OUTRAS-Fixo-SemIdentificador',6,1,22),(1026,'TIM-Movel-SemIdentificador',12,1,14),(1027,'www.gvt.com.br',18,1,19),(1028,'Seu Demostrativo de Despesas#Deficientes auditivos',19,1,11),(1030,'Claro-Fixo-SemIdentificador',3,1,15),(1031,'www.algartelecom.com.br#CELULAR@10',10,2,13),(1033,'Conta simplificada#CELULAR@10',11,2,13),(1034,'www.algartelecom.com.br#MULTIMÍDIA',10,1,13),(1035,'Conta simplificada#MULTIMÍDIA',11,1,13),(1036,'www.vivo.com.br/meuvivo#O que está sendo cobrado',20,2,11),(1037,'www.vivo.com.br/meuvivo',16,1,11),(1038,'a b o u t : b l a n k 1 / 2#Seu Demostrativo de Despesas',7,1,11),(1039,'OI-DLOG',21,2,10),(1040,'VIVO-DLOG',21,2,11),(1041,'EMBRATEL-DLOG',21,2,12),(1042,'ALGAR-DLOG',21,2,13),(1043,'NET-DLOG',21,2,20),(1044,'OUTRAS-DLOG',21,2,22),(1045,'TIM-DLOG',21,2,14),(1046,'GVT-DLOG',21,2,19),(1047,'CLARO-DLOG',21,2,15),(1048,'NEXTEL-DLOG',21,2,10),(1049,'SERCOMTEL-DLOG',21,2,11),(1050,'PORTO SEGURO-DLOG',21,2,12),(1051,'DATORA-DLOG',21,2,13),(1052,'TERAPAR-DLOG',21,2,14),(1053,'INTELIG-DLOG',21,2,15),(1054,'TELEMAR-DLOG',21,2,16),(1055,'BRASIL TELECOM-DLOG',21,2,17),(1056,'TELEFONICA-DLOG',21,2,18),(1057,'TRANSIT-DLOG',21,2,19),(1058,'IDT-DLOG',21,2,20),(1059,'FONAR-DLOG',21,2,21),(1060,'AEROTECH-DLOG',21,2,22),(1061,'ALPAMAYO-DLOG',21,2,23),(1062,'T-LESTE-DLOG',21,2,24),(1063,'EPSILON-DLOG',21,2,25),(1064,'TELEDADOS-DLOG',21,2,26),(1065,'EASYTONE-DLOG',21,2,27),(1066,'TESA TELECOM-DLOG',21,2,28),(1067,'GT GROUP-DLOG',21,2,29),(1068,'GLOBAL CROSSING-DLOG',21,2,30),(1069,'IMPSAT-DLOG',21,2,31),(1070,'BT COMMUNICATIONS-DLOG',21,2,32),(1071,'PLENNA-DLOG',21,2,33),(1072,'51 BRASIL-DLOG',21,2,34),(1073,'LINKNET-DLOG',21,2,35),(1074,'OSTARA-DLOG',21,2,36),(1075,'TELEBIT-DLOG',21,2,37),(1076,'ESPAS-DLOG',21,2,38),(1077,'STELLAR-DLOG',21,2,39),(1078,'NEXUS-DLOG',21,2,40),(1079,'HELLO BRAZIL-DLOG',21,2,41),(1080,'REDEVOX-DLOG',21,2,42),(1081,'DOLLARPHONE-DLOG',21,2,43),(1082,'SERMATEL-DLOG',21,2,44),(1083,'BBT BRASIL-DLOG',21,2,45),(1084,'FALKLAND-DLOG',21,2,46),(1085,'AMIGO-DLOG',21,2,47),(1086,'ALPHA-DLOG',21,2,48),(1087,'CAMBRIDGE-DLOG',21,2,49),(1088,'CGB VOIP-DLOG',21,2,50),(1089,'CONVERGIA-DLOG',21,2,51),(1090,'DSLI-DLOG',21,2,52),(1091,'E1 INFORMÁTICA-DLOG',21,2,53),(1092,'HOJE-DLOG',21,2,54),(1093,'ITAVOICE-DLOG',21,2,55),(1094,'KONECTA-DLOG',21,2,56),(1095,'LOCAWEB-DLOG',21,2,57),(1096,'NEBRACAM-DLOG',21,2,58),(1097,'NEOTELECOM-DLOG',21,2,59),(1098,'OTS-DLOG',21,2,60),(1099,'PRIMEIRA ESCOLHA-DLOG',21,2,61),(1100,'SERCOMTEL-DLOG',21,2,62),(1101,'SPIN-DLOG',21,2,63),(1102,'TRINN-DLOG',21,2,64),(1103,'VIACOM-DLOG',21,2,65),(1104,'VIPWAY-DLOG',21,2,66),(1106,'www.claro.com.br/empresas',22,2,15),(1107,'Área Exclusiva do site www.tim.com.br',23,2,14),(1108,'WWW.OI.COM.BR#VALOR REFERENTE A CONTA CUSTOMIZADA',25,1,10),(2108,'Área Exclusiva do site www.livetim.com.br',23,2,14),(2112,'Comum CONTA ON-LINE#Via Correio',26,1,11),(2113,'VIVO FIXO TXT',27,1,11),(2116,'Acesso Digital#RESUMO DE DESPESAS#A.TELECOM S.A.',30,1,11),(2117,'ALGAR TELECOM S/A#FIXA@10',31,1,13),(2118,'Nextel Telecomunicações Ltda',32,2,10),(2126,'OI MÓVEL S.A.#Fatura de Serviços de Telecomunicações',33,2,10),(2127,'OI TOTAL',28,3,10),(2128,'CHEGOU SUA FATURA DA OI.#OI MÓVEL S.A.',28,3,10),(2129,'TELEMAR NORTE LESTE S/A',17,1,10),(2130,'OI CONTA TOTAL',29,3,10),(2131,'OiS.A.',13,1,10),(2132,'TIM CELULAR S.A.@2#CONTA DIGITAL TIM (WWW.MEUTIM.COM.BR)',35,2,14),(2133,'Oi S.A.',12,1,10),(2134,'Oi S. A.#F I XO',13,1,10),(2135,'OI GESTOR',28,3,10),(2136,'WWW.OI.COM.BR',24,1,10),(2137,'www.algartelecom.com.br#TELECOM@10',10,1,13),(2138,'CLARO TXT',38,2,15);
/*!40000 ALTER TABLE `fornecedorlayout` ENABLE KEYS */;
UNLOCK TABLES;

--
-- Table structure for table `grupo`
--

DROP TABLE IF EXISTS `grupo`;
/*!40101 SET @saved_cs_client     = @@character_set_client */;
/*!40101 SET character_set_client = utf8 */;
CREATE TABLE `grupo` (
  `GrupoId` int(11) NOT NULL AUTO_INCREMENT,
  `GrupoNome` varchar(70) NOT NULL,
  PRIMARY KEY (`GrupoId`),
  KEY `GRUPO_NOME` (`GrupoNome`)
) ENGINE=InnoDB AUTO_INCREMENT=13 DEFAULT CHARSET=latin1;
/*!40101 SET character_set_client = @saved_cs_client */;

--
-- Dumping data for table `grupo`
--

LOCK TABLES `grupo` WRITE;
/*!40000 ALTER TABLE `grupo` DISABLE KEYS */;
INSERT INTO `grupo` VALUES (5,'COBRANÇA DE 3º'),(12,'CRÉDITOS E DÉBITOS'),(2,'DADOS'),(6,'DESCONTOS'),(7,'GESTAO'),(9,'INTERATIVIDADE'),(3,'JUROS E MULTAS'),(11,'OUTROS'),(8,'PARC. APARELHOS'),(4,'TAXAS'),(1,'VOZ'),(10,'VOZ E DADOS');
/*!40000 ALTER TABLE `grupo` ENABLE KEYS */;
UNLOCK TABLES;

--
-- Table structure for table `grupocategoria`
--

DROP TABLE IF EXISTS `grupocategoria`;
/*!40101 SET @saved_cs_client     = @@character_set_client */;
/*!40101 SET character_set_client = utf8 */;
CREATE TABLE `grupocategoria` (
  `GrupoCategoriaId` int(11) NOT NULL AUTO_INCREMENT,
  `FkGrupoCategoriaGrupoId` int(11) NOT NULL,
  `FkGrupoCategoriaCategoriaId` int(11) NOT NULL,
  PRIMARY KEY (`GrupoCategoriaId`),
  KEY `FkGrupoCategoriaGrupoId_idx` (`FkGrupoCategoriaGrupoId`),
  KEY `FkGrupoCategoriaCategoriaId_idx` (`FkGrupoCategoriaCategoriaId`)
) ENGINE=MyISAM AUTO_INCREMENT=12 DEFAULT CHARSET=latin1;
/*!40101 SET character_set_client = @saved_cs_client */;

--
-- Dumping data for table `grupocategoria`
--

LOCK TABLES `grupocategoria` WRITE;
/*!40000 ALTER TABLE `grupocategoria` DISABLE KEYS */;
INSERT INTO `grupocategoria` VALUES (1,2,3),(2,3,4),(3,4,10),(4,5,15),(5,6,3),(6,7,32),(7,8,38),(8,9,48),(9,10,50),(10,11,33),(11,12,57);
/*!40000 ALTER TABLE `grupocategoria` ENABLE KEYS */;
UNLOCK TABLES;

--
-- Table structure for table `parceiro`
--

DROP TABLE IF EXISTS `parceiro`;
/*!40101 SET @saved_cs_client     = @@character_set_client */;
/*!40101 SET character_set_client = utf8 */;
CREATE TABLE `parceiro` (
  `ParceiroId` int(11) NOT NULL AUTO_INCREMENT,
  `ParceiroNome` varchar(70) DEFAULT NULL,
  PRIMARY KEY (`ParceiroId`),
  UNIQUE KEY `ParceiroId_UNIQUE` (`ParceiroId`)
) ENGINE=MyISAM AUTO_INCREMENT=3 DEFAULT CHARSET=latin1;
/*!40101 SET character_set_client = @saved_cs_client */;

--
-- Dumping data for table `parceiro`
--

LOCK TABLES `parceiro` WRITE;
/*!40000 ALTER TABLE `parceiro` DISABLE KEYS */;
INSERT INTO `parceiro` VALUES (1,'Telemikro');
/*!40000 ALTER TABLE `parceiro` ENABLE KEYS */;
UNLOCK TABLES;

--
-- Table structure for table `regrasparser`
--

DROP TABLE IF EXISTS `regrasparser`;
/*!40101 SET @saved_cs_client     = @@character_set_client */;
/*!40101 SET character_set_client = utf8 */;
CREATE TABLE `regrasparser` (
  `RegrasParserId` int(11) NOT NULL AUTO_INCREMENT COMMENT 'Codigo auto incrementavel',
  `RegrasParserNome` varchar(70) NOT NULL COMMENT 'Nome do campo a ser extraido\n\nex.: Data Emissão',
  `RegrasParserTipoDados` int(11) NOT NULL COMMENT 'Tipo do dados a ser extraido\n\nEx.: Data, Inteiro, Valor.',
  `RegrasParserTipoExtracao` int(11) NOT NULL COMMENT 'Tipo de extração\n\nex.: Expressão Regular ou Posicional',
  `RegrasParserColecao` tinyint(4) NOT NULL COMMENT 'É uma coleção ?',
  `RegrasParserPaiId` int(11) DEFAULT NULL COMMENT 'Id do campo Pai',
  `RegrasParserExpressao` varchar(255) NOT NULL,
  `FkFornecedorId` int(11) NOT NULL,
  PRIMARY KEY (`RegrasParserId`),
  UNIQUE KEY `RegrasParserId_UNIQUE` (`RegrasParserId`),
  KEY `FK_REGRAS_FORNECEDOR_idx` (`FkFornecedorId`),
  CONSTRAINT `FK_REGRAS_FORNECEDOR` FOREIGN KEY (`FkFornecedorId`) REFERENCES `fornecedor` (`FornecedorId`) ON DELETE NO ACTION ON UPDATE NO ACTION
) ENGINE=InnoDB AUTO_INCREMENT=3 DEFAULT CHARSET=latin1;
/*!40101 SET character_set_client = @saved_cs_client */;

--
-- Dumping data for table `regrasparser`
--

LOCK TABLES `regrasparser` WRITE;
/*!40000 ALTER TABLE `regrasparser` DISABLE KEYS */;
INSERT INTO `regrasparser` VALUES (2,'DATA_EMISSAO',1,1,1,NULL,'\\d{2}/\\d{2}/\\d{4}',2);
/*!40000 ALTER TABLE `regrasparser` ENABLE KEYS */;
UNLOCK TABLES;

--
-- Table structure for table `servico`
--

DROP TABLE IF EXISTS `servico`;
/*!40101 SET @saved_cs_client     = @@character_set_client */;
/*!40101 SET character_set_client = utf8 */;
CREATE TABLE `servico` (
  `ServicoId` int(11) NOT NULL AUTO_INCREMENT,
  `ServicoNome` varchar(255) DEFAULT NULL,
  `ServicoNomeFonetizado` varchar(255) DEFAULT NULL,
  `ServicoNomeAmigavel` varchar(255) DEFAULT NULL,
  `FkServicoCategoriaId` int(11) DEFAULT NULL,
  `FlServicoGrupoId` int(11) DEFAULT NULL,
  `FlServicoSubGrupoId` int(11) DEFAULT NULL,
  `FkServicoClasseId` int(11) DEFAULT NULL,
  `FlServicoFornecedorId` int(11) NOT NULL,
  PRIMARY KEY (`ServicoId`),
  KEY `FkServicoCategoriaId_idx` (`FkServicoCategoriaId`),
  KEY `FkServicoGrupoId_idx` (`FlServicoGrupoId`),
  KEY `FkServicoSubGrupoId_idx` (`FlServicoSubGrupoId`),
  KEY `FkServicoClasseId_idx` (`FkServicoClasseId`),
  KEY `FkServicoFornecedorId_idx` (`FlServicoFornecedorId`),
  KEY `SERVICO_NOME` (`ServicoNome`),
  CONSTRAINT `FkServicoCategoriaId2` FOREIGN KEY (`FkServicoCategoriaId`) REFERENCES `categoria` (`CategoriaId`) ON DELETE NO ACTION ON UPDATE NO ACTION,
  CONSTRAINT `FkServicoClasseId` FOREIGN KEY (`FkServicoClasseId`) REFERENCES `classe` (`ClasseId`) ON DELETE NO ACTION ON UPDATE NO ACTION,
  CONSTRAINT `FlServicoFornecedorId2` FOREIGN KEY (`FlServicoFornecedorId`) REFERENCES `fornecedor` (`FornecedorId`) ON DELETE NO ACTION ON UPDATE NO ACTION,
  CONSTRAINT `FlServicoGrupoId` FOREIGN KEY (`FlServicoGrupoId`) REFERENCES `grupo` (`GrupoId`) ON DELETE NO ACTION ON UPDATE NO ACTION,
  CONSTRAINT `FlServicoSubGrupoId` FOREIGN KEY (`FlServicoSubGrupoId`) REFERENCES `subgrupo` (`SubGrupoId`) ON DELETE NO ACTION ON UPDATE NO ACTION
) ENGINE=InnoDB AUTO_INCREMENT=570 DEFAULT CHARSET=latin1;
/*!40101 SET character_set_client = @saved_cs_client */;

--
-- Dumping data for table `servico`
--

LOCK TABLES `servico` WRITE;
/*!40000 ALTER TABLE `servico` DISABLE KEYS */;
INSERT INTO `servico` VALUES (132,'ZAT - PRESTADORA TELEMAR - SERVICO 0300','J1 38I8J615GI1 68D8E1I J8IA84G J8IG6I8JJ8IGJ8IG','ZAT - PRESTADORA TELEMAR - SERVICO 0300',1,1,1,NULL,12),(133,'ZAT - PRESTADORA TELEMAR - DDI','J1 38I8J615GI1 68D8E1I 58','ZAT - PRESTADORA TELEMAR - DDI',2,1,2,1,12),(134,'VPE - VIP ESPECIAL - MENSALIDADE ACESSO INTERNET','A38 A838 8J38J81D E8EJ1D85158 1J8JG 8E68IE8','VPE - VIP ESPECIAL - MENSALIDADE ACESSO INTERNET',3,2,3,2,12),(135,'TZA - ENCARGOS FINANCEIROS-CONTAS EM ATRASO - ENCARGOS POR ATRASO REFERENTE A C.P.S.','J1 8E41IBGJ 08E1EJ88IGJ 4GE61J 8E 16I1JG 8E41IBGJ 3GI 16I1JG I808I8E68 4J','TZA - ENCARGOS FINANCEIROS-CONTAS EM ATRASO - ENCARGOS POR ATRASO REFERENTE A C.P.S.',4,3,4,NULL,12),(136,'00000-6VIVO FIXO CLASSICA MEUS MINUTOS','J8IGJ8IGJ8IGJ8IGJ8IG J88JA8AG 08LG 4D1J841 E8GJ E8EA6GJ','00000-6VIVO FIXO CLASSICA MEUS MINUTOS',5,1,5,NULL,11),(137,'00000-8PLANO DE MINUTOS LOCAL','J8IGJ8IGJ8IGJ8IGJ8IG G86G38D1EG E8EA6GJ DG41D','00000-8PLANO DE MINUTOS LOCAL',5,1,5,NULL,11),(138,'00000-9PLANO DE MINUTOS LOCAL','J8IGJ8IGJ8IGJ8IGJ8IG EGA838D1EG E8EA6GJ DG41D','00000-9PLANO DE MINUTOS LOCAL',5,1,5,NULL,11),(139,'01002­ASSINATURA VIVO FIXO NAO RESIDENCIAL','J8IGAEJ8IGJ8IG5G8J 1J8E16AI1 A8AG 08LG E I8J858EJ81D','01002­ASSINATURA VIVO FIXO NAO RESIDENCIAL',6,1,6,NULL,11),(140,'01717-FACILIDADE CPA - ATENDIMENTO SIMULTANEO','J8IGAEJ868AEJ868 01J8D85158 431 168E58E8E6G J8EAD61E8G','01717-FACILIDADE CPA - ATENDIMENTO SIMULTANEO',7,1,7,NULL,11),(141,'01719-FACILIDADE CPA - CONSULTA E CONFERENCIA','J8IGAEJ868AEGA8 01J8D85158 431 4GEJAD61 4GE08I8EJ81','01719-FACILIDADE CPA - CONSULTA E CONFERENCIA',7,1,7,NULL,11),(142,'01770-FACILIDADE CPA - TRANSFERENCIA DE CHAMADA','J8IGAEJ868J868J8IG 01J8D85158 431 6I1EJ08I8EJ81 L1E151','01770-FACILIDADE CPA - TRANSFERENCIA DE CHAMADA',7,1,7,NULL,11),(143,'01916-RAMAL DDR','J8IGAEGA8AEJ88J I1E1D 58I','01916-RAMAL DDR',6,1,6,NULL,11),(144,'01917-FAC. CPA ATENDIMENTO SIMULTANEO','J8IGAEGA8AEJ868 014 431 168E58E8E6G J8EAD61E8G','01917-FAC. CPA ATENDIMENTO SIMULTANEO',7,1,7,NULL,11),(145,'01925-FAC CPA TRANSFERENCIA DE CHAMADAS','J8IGAEGA85G8J8E4G 014 431 6I1EJ08I8EJ81 L1E151J','01925-FAC CPA TRANSFERENCIA DE CHAMADAS',7,1,7,NULL,11),(146,'01926-FAC CPA BLOQUEADOR IU/DDD','J8IGAEGA85G8J88J 014 431 28DG4815GI 8A 58','01926-FAC CPA BLOQUEADOR IU/DDD',8,1,8,NULL,11),(147,'02 - EMP FX ILIM 4L PROMO','J8IG5G8J 8E38 0L 8D8E 416IGD 38IGEG','02 - EMP FX ILIM 4L PROMO',9,1,6,NULL,20),(148,'02100-MUDANCA EXTERNA VIVO FIXO','J8IG5G8JAEJ8IGJ8IG EA51E41 8L68IE1 A8AG 08LG','02100-MUDANCA EXTERNA VIVO FIXO',10,4,9,NULL,11),(149,'02627-MULTA P/ATRASO PAGAMENTO CONTA VCTO/D.BASE','J8IG5G8J88J5G8J868 EAD61 16I1JG 31B1E8E6G 4GE61 A6G 5821J8','02627-MULTA P/ATRASO PAGAMENTO CONTA VCTO/D.BASE',11,3,4,NULL,11),(150,'02627­MULTA PATRASO PAGAMENTO CONTA VCTOD.BASE','J8IG5G8J88J5G8J868 EAD61 316I1JG 31B1E8E6G 4GE61 A6G5821J8','02627­MULTA PATRASO PAGAMENTO CONTA VCTOD.BASE',11,3,4,NULL,11),(151,'02912­JUROS DE MORA P ATRASO PAGTO VCTOD.BASE','J8IG5G8JEGA8AE5G8J CAIGJ EGI1 16I1JG 316G A6G5821J8','02912­JUROS DE MORA P ATRASO PAGTO VCTOD.BASE',12,3,10,NULL,11),(152,'100MB - PACOTE INTERNET ILIMITADO','AEJ8IGJ8IE 314G68 8E68IE8 8D8E8615G','100MB - PACOTE INTERNET ILIMITADO',13,2,11,3,15),(153,'14 SOB MEDIDA DDD - 1000 MINUTOS - PA 053','AE416IG JG E85851 58 AEJ8IGJ8IGJ8IG E8EA6GJ 31 J8IGJ8E4G6I8J','14 SOB MEDIDA DDD - 1000 MINUTOS - PA 053',14,1,12,NULL,21),(154,'14 SOB MEDIDA DDD - 50 MINUTOS - PA 100','AE416IG JG E85851 58 J8E4GJ8IG E8EA6GJ 31 AEJ8IGJ8IG','14 SOB MEDIDA DDD - 50 MINUTOS - PA 100',14,1,12,NULL,21),(155,'14 SOB MEDIDA DDD - 500 MINUTOS - PA 060','AE416IG JG E85851 58 J8E4GJ8IGJ8IG E8EA6GJ 31 J8IGJ88JJ8IG','14 SOB MEDIDA DDD - 500 MINUTOS - PA 060',14,1,12,NULL,21),(156,'14 SOB MEDIDA DDD ILIMITADO - PA 055','AE416IG JG E85851 58 8D8E8615G 31 J8IGJ8E4GJ8E4G','14 SOB MEDIDA DDD ILIMITADO - PA 055',14,1,12,NULL,21),(157,'15 MEGA EMPRESAS GT11 FSP','AEJ8E4G E8B1 8E38I8J1J 6AEAE 0J38','15 MEGA EMPRESAS GT11 FSP',3,2,3,2,11),(158,'15 MEGA EMPRESAS GT1FSP','AEJ8E4G E8B1 8E38I8J1J 6AE0J38','15 MEGA EMPRESAS GT1FSP',3,2,3,2,11),(159,'16481­VIACORP BASICO ISP  AE1856','AEJ889416IG86GAE A814GI38 21J84G 8J38 18AEG86GJ8E4GJ88J','16481­VIACORP BASICO ISP  AE1856',15,5,3,NULL,11),(160,'16482­VIACORP BASICO ISP  AE1856','AEJ889416IG86G5G8J A814GI38 21J84G 8J38 18AEG86GJ8E4GJ88J','16482­VIACORP BASICO ISP  AE1856',15,5,3,NULL,11),(161,'18216-DDR TELEF 10 CANAIS 36 MESES-MENSALIDADE','AEG86G5G8JAEJ88J 58I 68D80 AEJ8IG 41E18J 6I8J88J E8J8J E8EJ1D85158','18216-DDR TELEF 10 CANAIS 36 MESES-MENSALIDADE',16,1,13,4,11),(162,'20632-BLOQUEADOR CELULAR - NAO RESIDENCIAL','5G8JJ8IGJ88J6I8J5G8J 28DG4815GI J8DAD1I E I8J858EJ81D','20632-BLOQUEADOR CELULAR - NAO RESIDENCIAL',17,1,8,NULL,11),(163,'20828­ACESSO VIVO INTERNET FIXA LIGHT 2 MEGA','5G8JJ8IG86G5G8JG86G 1J8JG A8AG 8E68IE8 08L1 D8B 5G8J E8B1','20828­ACESSO VIVO INTERNET FIXA LIGHT 2 MEGA',3,2,3,2,11),(164,'20830­ACESSO VIVO INTERNET FIXA 1MB','5G8JJ8IG86G6I8JJ8IG 1J8JG A8AG 8E68IE8 08L1 AE','20830­ACESSO VIVO INTERNET FIXA 1MB',3,2,3,2,11),(165,'20832­ACESSO VIVO INTERNET FIXA EMP BASICO','5G8JJ8IG86G6I8J5G8J 1J8JG A8AG 8E68IE8 08L1 8E38 21J84G','20832­ACESSO VIVO INTERNET FIXA EMP BASICO',3,2,3,2,11),(166,'20833­ACESSO VIVO INTERNET FIXA EMP CLASSICO','5G8JJ8IG86G6I8J6I8J 1J8JG A8AG 8E68IE8 08L1 8E38 4D1J84G','20833­ACESSO VIVO INTERNET FIXA EMP CLASSICO',3,2,3,2,11),(167,'20836­ACESSO VIVO INTERNET FIXA EMP EXECUTIVO','5G8JJ8IG86G6I8J88J 1J8JG A8AG 8E68IE8 08L1 8E38 8L84A68AG','20836­ACESSO VIVO INTERNET FIXA EMP EXECUTIVO',3,2,3,2,11),(168,'22047-NUMERO 0800 LOCAL','5G8J5G8JJ8IG416IGJ868 EAE8IG J8IG86GJ8IGJ8IG DG41D','22047-NUMERO 0800 LOCAL',18,1,14,5,11),(169,'22070-LINHA INTELIGENTE IDENTIFICADOR CHAMADA','5G8J5G8JJ8IGJ868J8IG D8E1 8E68D8C8E68 858E6808415GI L1E151','22070-LINHA INTELIGENTE IDENTIFICADOR CHAMADA',7,1,7,6,11),(170,'22971-MENSALIDADE FACILIDADE DE BUSCA AUTOMATICA','5G8J5G8JEGA8J868AE E8EJ1D85158 01J8D85158 2A91 1A6GE16841','22971-MENSALIDADE FACILIDADE DE BUSCA AUTOMATICA',7,1,7,6,11),(171,'23026­VIVO INTERNET FIXA POWER','5G8J6I8JJ8IG5G8J88J A8AG 8E68IE8 08L1 3GA8I','23026­VIVO INTERNET FIXA POWER',3,2,3,2,11),(172,'23578­VIVO INTERNET FIXA EMPRESAS BASICO','5G8J6I8J8E4GJ868G86G A8AG 8E68IE8 08L1 8E38I8J1J 21J84G','23578­VIVO INTERNET FIXA EMPRESAS BASICO',3,2,3,2,11),(173,'23691­ACESSO VIVO INTERNET FIXA MEGA 1.0','5G8J6I8J88JEGA8AE 1J8JG A8AG 8E68IE8 08L1 E8B1 AEJ8IG','23691­ACESSO VIVO INTERNET FIXA MEGA 1.0',3,2,3,2,11),(174,'23723­VIACORP BASICO ISP  AE1856','5G8J6I8J8685G8J6I8J A814GI38 21J84G 8J38 18AEG86GJ8E4GJ88J','23723­VIACORP BASICO ISP  AE1856',15,5,3,NULL,11),(175,'23793-VIVO INTERNET FIBRA 15 MB','5G8J6I8J868EGA86I8J A8AG 8E68IE8 0828I1 AEJ8E4G E28','23793-VIVO INTERNET FIBRA 15 MB',3,2,3,2,11),(176,'25 MEGA EMPRESAS GT11 FSP','5G8J8E4G E8B1 8E38I8J1J 6AEAE 0J38','25 MEGA EMPRESAS GT11 FSP',3,2,3,2,11),(177,'25 MEGA EMPRESAS GT1FSP','5G8J8E4G E8B1 8E38I8J1J 6AE0J38','25 MEGA EMPRESAS GT1FSP',3,2,3,2,11),(178,'25080­250 MIN FIXO/FIXO LOCAL','5G8J8E4GJ8IG86GJ8IG 5G8J8E4GJ8IG E8E 08LG 08LG DG41D','25080­250 MIN FIXO/FIXO LOCAL',5,1,5,NULL,11),(179,'25311­LIGACOES ADICIONAIS','5G8J8E4G6I8JAEAE D8B14G8J 158J8GE18J','25311­LIGACOES ADICIONAIS',19,1,15,NULL,11),(180,'25313­MINUTOS UTILIZADOS VOZ','5G8J8E4G6I8JAE6I8J E8EA6GJ A68D8J15GJ AGJ','25313­MINUTOS UTILIZADOS VOZ',19,1,15,NULL,11),(181,'25314-MINUTOS UTILIZADOS A COBRAR','5G8J8E4G6I8JAE416IG E8EA6GJ A68D8J15GJ 4G28I1I','25314-MINUTOS UTILIZADOS A COBRAR',20,1,15,NULL,11),(182,'25315­LIGACOES ADICIONAIS','5G8J8E4G6I8JAEJ8E4G D8B14G8J 158J8GE18J','25315­LIGACOES ADICIONAIS',19,1,15,NULL,11),(183,'25317­MINUTOS UTILIZADOS VOZ','5G8J8E4G6I8JAEJ868 E8EA6GJ A68D8J15GJ AGJ','25317­MINUTOS UTILIZADOS VOZ',19,1,15,NULL,11),(184,'25319­LIGACOES INCLUIDAS NA FRANQ','5G8J8E4G6I8JAEGA8 D8B14G8J 8E4DA851J 0I1E4','25319­LIGACOES INCLUIDAS NA FRANQ',21,1,15,NULL,11),(185,'25319-LIGACOES INCLUIDAS NA FRANQUIA','5G8J8E4G6I8JAEGA8 D8B14G8J 8E4DA851J 0I1E481','25319-LIGACOES INCLUIDAS NA FRANQUIA',21,1,15,NULL,11),(186,'25322-MINUTOS UTILIZADOS VOZ','5G8J8E4G6I8J5G8J5G8J E8EA6GJ A68D8J15GJ AGJ','25322-MINUTOS UTILIZADOS VOZ',19,1,15,NULL,11),(187,'25324­LIGACOES INCLUIDAS NA FRANQ','5G8J8E4G6I8J5G89416IG D8B14G8J 8E4DA851J 0I1E4','25324­LIGACOES INCLUIDAS NA FRANQ',21,1,15,NULL,11),(188,'25324-LIGACOES INCLUIDAS NA FRANQUIA','5G8J8E4G6I8J5G89416IG D8B14G8J 8E4DA851J 0I1E481','25324-LIGACOES INCLUIDAS NA FRANQUIA',21,1,15,NULL,11),(189,'25326-MINUTOS UTILIZADOS VOZ','5G8J8E4G6I8J5G8J88J E8EA6GJ A68D8J15GJ AGJ','25326-MINUTOS UTILIZADOS VOZ',19,1,15,NULL,11),(190,'25340­MINUTOS ADICIONAIS','5G8J8E4G6I89416IGJ8IG E8EA6GJ 158J8GE18J','25340­MINUTOS ADICIONAIS',19,1,15,NULL,11),(191,'25343-MINUTOS UTILIZADOS VOZ','5G8J8E4G6I89416IG6I8J E8EA6GJ A68D8J15GJ AGJ','25343-MINUTOS UTILIZADOS VOZ',19,1,15,NULL,11),(192,'25344-MINUTOS UTILIZADOS A COBRAR','5G8J8E4G6I89416IG416IG E8EA6GJ A68D8J15GJ 4G28I1I','25344-MINUTOS UTILIZADOS A COBRAR',20,1,15,NULL,11),(193,'25346-MINUTOS UTILIZADOS VOZ','5G8J8E4G6I89416IGJ88J E8EA6GJ A68D8J15GJ AGJ','25346-MINUTOS UTILIZADOS VOZ',19,1,15,NULL,11),(194,'25349-MINUTOS UTILIZADOS VOZ','5G8J8E4G6I89416IGEGA8 E8EA6GJ A68D8J15GJ AGJ','25349-MINUTOS UTILIZADOS VOZ',19,1,15,NULL,11),(195,'25350­ADICIONAIS VOZ','5G8J8E4G6I8J8E4GJ8IG 158J8GE18J AGJ','25350­ADICIONAIS VOZ',19,1,15,NULL,11),(196,'25353-MINUTOS UTILIZADOS VOZ','5G8J8E4G6I8J8E4G6I8J E8EA6GJ A68D8J15GJ AGJ','25353-MINUTOS UTILIZADOS VOZ',19,1,15,NULL,11),(197,'25370-CHAMADAS ADICIONAIS','5G8J8E4G6I8J868J8IG L1E151J 158J8GE18J','25370-CHAMADAS ADICIONAIS',19,1,15,6,11),(198,'25375-ADICIONAIS VOZ','5G8J8E4G6I8J868J8E4G 158J8GE18J AGJ','25375-ADICIONAIS VOZ',19,1,15,NULL,11),(199,'25410-MINUTOS ADICIONAIS','5G8J8E4G416IGAEJ8IG E8EA6GJ 158J8GE18J','25410-MINUTOS ADICIONAIS',19,1,15,NULL,11),(200,'25430­MINUTOS ADICIONAIS','5G8J8E4G416IG6I8JJ8IG E8EA6GJ 158J8GE18J','25430­MINUTOS ADICIONAIS',19,1,15,NULL,11),(201,'25676-VIVO INTERNET FIBRA EMPRESAS 50MB','5G8J8E4GJ88J868J88J A8AG 8E68IE8 0828I1 8E38I8J1J J8E4GJ8IE','25676-VIVO INTERNET FIBRA EMPRESAS 50MB',22,2,3,2,11),(202,'25743­35 MIN FIXO/FIXO INTRAESTADUAL','5G8J8E4GJ868416IG6I8J 6I8J8E4G E8E 08LG 08LG 8E6I18J615A1D','25743­35 MIN FIXO/FIXO INTRAESTADUAL',14,1,16,NULL,11),(203,'25800-MINUTOS UTILIZADOS','5G8J8E4G86GJ8IGJ8IG E8EA6GJ A68D8J15GJ','25800-MINUTOS UTILIZADOS',23,1,15,NULL,11),(204,'25801-150 MIN FIXO/FIXO LOCAL','5G8J8E4G86GJ8IGAE AEJ8E4GJ8IG E8E 08LG 08LG DG41D','25801-150 MIN FIXO/FIXO LOCAL',5,1,5,NULL,11),(205,'25803-150 MIN FIXO/FIXO LOCAL','5G8J8E4G86GJ8IG6I8J AEJ8E4GJ8IG E8E 08LG 08LG DG41D','25803-150 MIN FIXO/FIXO LOCAL',5,1,5,NULL,11),(206,'25803­150 MIN FIXO/FIXO LOCAL HOR NORMAL','5G8J8E4G86GJ8IG6I8J AEJ8E4GJ8IG E8E 08LG 08LG DG41D GI EGIE1D','25803­150 MIN FIXO/FIXO LOCAL HOR NORMAL',5,1,5,NULL,11),(207,'25810-UTILIZADOS VOZ','5G8J8E4G86GAEJ8IG A68D8J15GJ AGJ','25810-UTILIZADOS VOZ',23,1,15,NULL,11),(208,'25830-MINUTOS UTILIZADOS','5G8J8E4G86G6I8JJ8IG E8EA6GJ A68D8J15GJ','25830-MINUTOS UTILIZADOS',23,1,15,NULL,11),(209,'25840-UTILIZADOS VOZ','5G8J8E4G86G416IGJ8IG A68D8J15GJ AGJ','25840-UTILIZADOS VOZ',23,1,15,NULL,11),(210,'25860-MINUTOS UTILIZADOS','5G8J8E4G86GJ88JJ8IG E8EA6GJ A68D8J15GJ','25860-MINUTOS UTILIZADOS',23,1,15,NULL,11),(211,'2GB - PACOTE INTERNET ILIMITADO','5G8JB 314G68 8E68IE8 8D8E8615G','2GB - PACOTE INTERNET ILIMITADO',13,2,11,3,15),(212,'2GB - PLANO INTERNET ILIMITADO','5G8JB 38D1EG 8E68IE8 8D8E8615G','2GB - PLANO INTERNET ILIMITADO',13,2,11,3,15),(213,'300MB - PACOTE INTERNET ILIMITADO','6I8JJ8IGJ8IE 314G68 8E68IE8 8D8E8615G','300MB - PACOTE INTERNET ILIMITADO',13,2,11,3,15),(214,'3GB - PACOTE INTERNET ILIMITADO','6I8JB 314G68 8E68IE8 8D8E8615G','3GB - PACOTE INTERNET ILIMITADO',13,2,11,3,15),(215,'3GB - PLANO INTERNET ILIMITADO','6I8JB 38D1EG 8E68IE8 8D8E8615G','3GB - PLANO INTERNET ILIMITADO',13,2,11,3,15),(216,'50 MEGA EMPRESAS GT11 FSP','J8E4GJ8IG E8B1 8E38I8J1J 6AEAE 0J38','50 MEGA EMPRESAS GT11 FSP',22,2,3,2,11),(217,'50 MEGA EMPRESAS GT1FSP','J8E4GJ8IG E8B1 8E38I8J1J 6AE0J38','50 MEGA EMPRESAS GT1FSP',22,2,3,2,11),(218,'500MB - PACOTE INTERNET ILIMITADO','J8E4GJ8IGJ8IE 314G68 8E68IE8 8D8E8615G','500MB - PACOTE INTERNET ILIMITADO',13,2,11,3,15),(219,'5GB - PACOTE INTERNET ILIMITADO','J8E4GB 314G68 8E68IE8 8D8E8615G','5GB - PACOTE INTERNET ILIMITADO',13,2,11,3,15),(220,'5GB Pacote de Internet Turbo','J8E4GB 314G68 8E68IE8 6AI2G','5GB Pacote de Internet Turbo',13,2,11,3,15),(221,'73661­DESCONTO VIVO INTERNET FIXA EMPRESAS','J8686I8J88J88JAE 589GE6G A8AG 8E68IE8 08L1 8E38I8J1J','73661­DESCONTO VIVO INTERNET FIXA EMPRESAS',3,6,3,NULL,11),(222,'75801-CR 150 MIN FIXO/FIXO LOCAL VCT REF.CTA','J868J8E4G86GJ8IGAE 4I AEJ8E4GJ8IG E8E 08LG 08LG DG41D A4 I8061','75801-CR 150 MIN FIXO/FIXO LOCAL VCT REF.CTA',5,1,5,NULL,11),(223,'ACB-RJ COD AREA 21','14 IC 4G 1I81 5G8JAE','ACB-RJ COD AREA 21',24,1,17,NULL,21),(224,'ACB-SC COD AREA 49','14 9 4G 1I81 416IGEGA8','ACB-SC COD AREA 49',24,1,17,NULL,21),(225,'ACB-SC-JOINVILLE','14 9 CG8EA8D8','ACB-SC-JOINVILLE',24,1,17,NULL,21),(226,'ACESSO - 10 MB','1J8JG AEJ8IG E28','ACESSO - 10 MB',25,2,18,2,13),(227,'ACESSO - 2 MB','1J8JG 5G8J E28','ACESSO - 2 MB',25,2,18,2,13),(228,'ACESSO - 20 MB','1J8JG 5G8JJ8IG E28','ACESSO - 20 MB',25,2,18,2,13),(229,'ACESSO - 30 MB','1J8JG 6I8JJ8IG E28','ACESSO - 30 MB',25,2,18,2,13),(230,'ACESSO - 4 MB','1J8JG 416IG E28','ACESSO - 4 MB',25,2,18,2,13),(231,'ACESSO 10 M','1J8JG AEJ8IG E','ACESSO 10 M',25,2,18,2,12),(232,'ACESSO 3MB','1J8JG 6I8JE','ACESSO 3MB',25,2,18,2,19),(233,'ACESSO 4 MB','1J8JG 416IG E28','ACESSO 4 MB',25,2,18,2,13),(234,'ACESSO 4 MB','1J8JG 416IG E28','ACESSO 4 MB',25,2,18,2,19),(235,'ACESSO 4.0MB','1J8JG 416IGJ8IE','ACESSO 4.0MB',25,2,18,2,19),(236,'ACESSO A CAIXA POSTAL','1J8JG 418L1 3GJ61D','ACESSO A CAIXA POSTAL',26,1,15,7,11),(237,'ACESSO A CAIXA POSTAL - OPERADORA 15 TELEFÔNICA','1J8JG 418L1 3GJ61D G38I15GI1 AEJ8E4G 68D80GE841','ACESSO A CAIXA POSTAL - OPERADORA 15 TELEFÔNICA',26,1,15,7,11),(238,'ACESSO DIGITAL A RTPC - DDR','1J8JG 58C861D I64 58I','ACESSO DIGITAL A RTPC - DDR',6,1,13,4,21),(239,'ACESSO DIGITAL E1','1J8JG 58C861D 8AE','ACESSO DIGITAL E1',6,1,13,4,11),(240,'ACESSO DIGITAL LIGHT SOFISTICADO 6500','1J8JG 58C861D D8B JG08J68415G J88J8E4GJ8IGJ8IG','ACESSO DIGITAL LIGHT SOFISTICADO 6500',6,1,13,4,11),(241,'ACESSO ETHERNET - 20 MBPS','1J8JG 868IE8 5G8JJ8IG E28J','ACESSO ETHERNET - 20 MBPS',27,2,19,2,13),(242,'ACESSO ETHERNET - 20 MBPS BÁSICA','1J8JG 868IE8 5G8JJ8IG E28J 21J841','ACESSO ETHERNET - 20 MBPS BÁSICA',27,2,19,2,13),(243,'ACESSO ETHERNET - 30 MBPS','1J8JG 868IE8 6I8JJ8IG E28J','ACESSO ETHERNET - 30 MBPS',27,2,19,2,13),(244,'ACESSO ETHERNET - 35 MBPS','1J8JG 868IE8 6I8J8E4G E28J','ACESSO ETHERNET - 35 MBPS',27,2,19,2,13),(245,'ACESSO ETHERNET - 50 MBPS','1J8JG 868IE8 J8E4GJ8IG E28J','ACESSO ETHERNET - 50 MBPS',27,2,19,2,13),(246,'ACESSO ETHERNET - 500 MBPS','1J8JG 868IE8 J8E4GJ8IGJ8IG E28J','ACESSO ETHERNET - 500 MBPS',27,2,19,2,13),(247,'ACESSO ETHOTDM - 2 MBPS','1J8JG 86G658E 5G8J E28J','ACESSO ETHOTDM - 2 MBPS',27,2,19,2,13),(248,'ACESSO SDH - 2 MBPS','1J8JG J58 5G8J E28J','ACESSO SDH - 2 MBPS',27,2,19,2,13),(249,'ACESSO VETOR 64 K','1J8JG A86GI J889416IG 4','ACESSO VETOR 64 K',28,2,20,2,21),(250,'ACESSO VPN FLEX','1J8JG A38E 0D88J','ACESSO VPN FLEX',27,2,19,2,13),(251,'ADICIONAL POR LIGAÇÕES REALIZADAS','158J8GE1D 3GI D8B14G8J I81D8J151J','ADICIONAL POR LIGAÇÕES REALIZADAS',29,1,21,NULL,11),(252,'ADICIONAL POR LIGAÇÕES RECEBIDAS','158J8GE1D 3GI D8B14G8J I8J82851J','ADICIONAL POR LIGAÇÕES RECEBIDAS',29,1,21,NULL,11),(253,'ALUGUEL MODEM ROUTER','1DABA8D EG58E IGA68I','ALUGUEL MODEM ROUTER',30,2,22,2,21),(254,'ALUGUEL MODEM-INTERNET TURBO','1DABA8D EG58E 8E68IE8 6AI2G','ALUGUEL MODEM-INTERNET TURBO',30,2,3,2,21),(255,'ANTIVIRUS - LIGUE: 4002 0888  0800 642 0888','1E68A8IGJ D8BA8 416IGJ8IGJ8IG5G8J J8IG86G86G86G J8IG86GJ8IGJ8IG J889416IG5G8J J8IG86G86G86G','ANTIVIRUS - LIGUE: 4002 0888  0800 642 0888',31,5,23,NULL,21),(256,'ARREC TERC BRTURBO BL PLUS-4002 0888 0800 642 08','1I84 68I4 28I6AI2G 28D 38DGJ 416IGJ8IGJ8IG5G8J J8IG86G86G86G J8IG86GJ8IGJ8IG J889416IG5G8J J8IG86G','ARREC TERC BRTURBO BL PLUS-4002 0888 0800 642 08',31,5,23,NULL,21),(257,'ARREC TERC BRTURBO DATA PW            0800-64230','1I84 68I4 28I6AI2G 5161 38A J8IG86GJ8IGJ8IG J889416IG5G8J6I8JJ8IG','ARREC TERC BRTURBO DATA PW            0800-64230',31,5,23,NULL,21),(258,'ARREC TERC BRTURBO RESID 0800-6444000','1I84 68I4 28I6AI2G I8J8 J8IG86GJ8IGJ8IG J889416IG416IG416IGJ8IGJ8IGJ8IG','ARREC TERC BRTURBO RESID 0800-6444000',31,5,23,NULL,21),(259,'ARREC TERC DOACAO SERTE - SAC 0800 480060','1I84 68I4 5G1JE J8I68 J14 J8IG86GJ8IGJ8IG 416IG86GJ8IGJ8IGJ88JJ8IG','ARREC TERC DOACAO SERTE - SAC 0800 480060',31,5,23,NULL,21),(260,'ARREC TERC SERV P/ B.LARGA-4002 0888 0800 642 08','1I84 68I4 J8IA 28D1IB1 416IGJ8IGJ8IG5G8J J8IG86G86G86G J8IG86GJ8IGJ8IG J889416IG5G8J J8IG86G','ARREC TERC SERV P/ B.LARGA-4002 0888 0800 642 08',31,5,23,NULL,21),(261,'ARREC TERC SUPORTE EMP SAC: 0800-642 3090','1I84 68I4 JA3GI68 8E38 J14 J8IG86GJ8IGJ8IG J889416IG5G8J 6I8JJ8IGEGA8J8IG','ARREC TERC SUPORTE EMP SAC: 0800-642 3090',31,5,23,NULL,21),(262,'AS.TC DIGITRONCO FRANQUIA700','1J64 58C86IGE4G 0I1E481J868J8IGJ8IG','AS.TC DIGITRONCO FRANQUIA700',6,1,13,4,21),(263,'ASS SEM FRANQ LIBERTY EMP +100','1J J8E 0I1E4 D828I68 8E38 AEJ8IGJ8IG','ASS SEM FRANQ LIBERTY EMP +100',6,1,6,NULL,14),(264,'ASS SEM FRANQ LIBERTY EMP +50','1J J8E 0I1E4 D828I68 8E38 J8E4GJ8IG','ASS SEM FRANQ LIBERTY EMP +50',6,1,6,NULL,14),(265,'ASS SEM FRANQ LIBERTY EMPRESA','1J J8E 0I1E4 D828I68 8E38I8J1','ASS SEM FRANQ LIBERTY EMPRESA',6,1,6,NULL,14),(266,'ASS SEM FRANQ TARIFA FLAT 800','1J J8E 0I1E4 61I801 0D1 G86GJ8IGJ8IG','ASS SEM FRANQ TARIFA FLAT 800',6,1,6,NULL,14),(267,'ASS SEM FRANQ TARIFAFLAT500','1J J8E 0I1E4 61I8010D16J8E4GJ8IGJ8IG','ASS SEM FRANQ TARIFAFLAT500',6,1,6,NULL,14),(268,'ASS. OI VELOX NRES 10MB','1J G8 A8DG8J EI8J AEJ8IE','ASS. OI VELOX NRES 10MB',3,2,3,2,21),(269,'ASS. OI VELOX NRES 5M','1J G8 A8DG8J EI8J J8E4E','ASS. OI VELOX NRES 5M',3,2,3,2,21),(270,'ASS. USO NAO RESIDENCIAL','1J AJG E I8J858EJ81D','ASS. USO NAO RESIDENCIAL',6,1,NULL,NULL,21),(271,'ASS.OI VELOX NRES 1MB','1JG8 A8DG8J EI8J AE','ASS.OI VELOX NRES 1MB',3,2,3,2,21),(272,'ASS.UTILIZACAO IDENT.CHAMADAS','1JA68D8J1JE 858EL1E151J','ASS.UTILIZACAO IDENT.CHAMADAS',7,1,7,6,21),(273,'ASSINATURA','1J8E16AI1','ASSINATURA',6,1,6,NULL,15),(274,'ASSINATURA - GESTÃO TOTAL','1J8E16AI1 C8J6E 6G61D','ASSINATURA - GESTÃO TOTAL',32,7,7,NULL,14),(275,'ASSINATURA BANDA LARGA 10 MBPS','1J8E16AI1 21E51 D1IB1 AEJ8IG E28J','ASSINATURA BANDA LARGA 10 MBPS',3,2,3,2,13),(276,'ASSINATURA BANDA LARGA 4 MBPS','1J8E16AI1 21E51 D1IB1 416IG E28J','ASSINATURA BANDA LARGA 4 MBPS',3,2,3,2,13),(277,'ASSINATURA BANDA LARGA 500 KBPS','1J8E16AI1 21E51 D1IB1 J8E4GJ8IGJ8IG 428J','ASSINATURA BANDA LARGA 500 KBPS',3,2,3,2,13),(278,'ASSINATURA BANDA LARGA CTBC 1 MBPS','1J8E16AI1 21E51 D1IB1 6284 AE E28J','ASSINATURA BANDA LARGA CTBC 1 MBPS',3,2,3,2,13),(279,'ASSINATURA BANDA LARGA CTBC 10 MBPS','1J8E16AI1 21E51 D1IB1 6284 AEJ8IG E28J','ASSINATURA BANDA LARGA CTBC 10 MBPS',3,2,3,2,13),(280,'ASSINATURA BANDA LARGA CTBC 2 MBPS','1J8E16AI1 21E51 D1IB1 6284 5G8J E28J','ASSINATURA BANDA LARGA CTBC 2 MBPS',3,2,3,2,13),(281,'ASSINATURA BANDA LARGA CTBC 4 MBPS','1J8E16AI1 21E51 D1IB1 6284 416IG E28J','ASSINATURA BANDA LARGA CTBC 4 MBPS',3,2,3,2,13),(282,'ASSINATURA BANDA LARGA CTBC 500 KBPS','1J8E16AI1 21E51 D1IB1 6284 J8E4GJ8IGJ8IG 428J','ASSINATURA BANDA LARGA CTBC 500 KBPS',3,2,3,2,13),(283,'ASSINATURA BANDA LARGA GPON 200 MBPS','1J8E16AI1 21E51 D1IB1 B38E 5G8JJ8IGJ8IG E28J','ASSINATURA BANDA LARGA GPON 200 MBPS',22,2,3,2,13),(284,'ASSINATURA BASICA NAO RESIDENCIAL','1J8E16AI1 21J841 E I8J858EJ81D','ASSINATURA BASICA NAO RESIDENCIAL',6,1,6,6,21),(285,'ASSINATURA BASICA PABX VIRTUAL','1J8E16AI1 21J841 3128J A8I6A1D','ASSINATURA BASICA PABX VIRTUAL',7,1,7,6,21),(286,'ASSINATURA BASICA RAMAL DDR','1J8E16AI1 21J841 I1E1D 58I','ASSINATURA BASICA RAMAL DDR',6,1,13,4,21),(287,'ASSINATURA BASICA TRONCO','1J8E16AI1 21J841 6IGE4G','ASSINATURA BASICA TRONCO',6,1,6,6,21),(288,'ASSINATURA COM FRANQUIA','1J8E16AI1 0I1E481','ASSINATURA COM FRANQUIA',33,1,24,NULL,11),(289,'ASSINATURA CONTROLE LIGACOES','1J8E16AI1 4GE6IGD8 D8B14G8J','ASSINATURA CONTROLE LIGACOES',7,1,7,6,13),(290,'ASSINATURA DDR CEL','1J8E16AI1 58I J8D','ASSINATURA DDR CEL',7,1,7,8,13),(291,'ASSINATURA FLUXO 2MBPS-20 CANAIS','1J8E16AI1 0DALG 5G8JE28J 5G8JJ8IG 41E18J','ASSINATURA FLUXO 2MBPS-20 CANAIS',6,1,13,4,21),(292,'ASSINATURA FRANQUIA COMPARTILHADA 2000 MINUTOS','1J8E16AI1 0I1E481 4GE31I68D8151 5G8JJ8IGJ8IGJ8IG E8EA6GJ','ASSINATURA FRANQUIA COMPARTILHADA 2000 MINUTOS',5,1,5,NULL,21),(293,'ASSINATURA IP PROFISSIONAL','1J8E16AI1 838 38IG08J8GE1D','ASSINATURA IP PROFISSIONAL',3,2,3,2,21),(294,'ASSINATURA IP PROFISSIONAL 1 MB','1J8E16AI1 838 38IG08J8GE1D AE E28','ASSINATURA IP PROFISSIONAL 1 MB',3,2,3,2,21),(295,'ASSINATURA IP PROFISSIONAL 10 MB','1J8E16AI1 838 38IG08J8GE1D AEJ8IG E28','ASSINATURA IP PROFISSIONAL 10 MB',3,2,3,2,21),(296,'ASSINATURA IP PROFISSIONAL 256 KBPS','1J8E16AI1 838 38IG08J8GE1D 5G8J8E4GJ88J 428J','ASSINATURA IP PROFISSIONAL 256 KBPS',3,2,3,2,21),(297,'ASSINATURA IP PROFISSIONAL 2MB','1J8E16AI1 838 38IG08J8GE1D 5G8JE','ASSINATURA IP PROFISSIONAL 2MB',3,2,3,2,21),(298,'ASSINATURA IP PROFISSIONAL 2MB 30 88,59% 30%','1J8E16AI1 838 38IG08J8GE1D 5G8JE 6I8JJ8IG G86G86GJ8E4GEGA8 6I8JJ8IG','ASSINATURA IP PROFISSIONAL 2MB 30 88,59% 30%',3,2,3,2,21),(299,'ASSINATURA IP PROFISSIONAL 512 KBPS','1J8E16AI1 838 38IG08J8GE1D J8E4GAE5G8J 428J','ASSINATURA IP PROFISSIONAL 512 KBPS',3,2,3,2,21),(300,'ASSINATURA IP PROFISSIONAL 5MB','1J8E16AI1 838 38IG08J8GE1D J8E4E','ASSINATURA IP PROFISSIONAL 5MB',3,2,3,2,21),(301,'ASSINATURA LINHA PLANO NOVO POS','1J8E16AI1 D8E1 38D1EG EGAG 3GJ','ASSINATURA LINHA PLANO NOVO POS',6,1,6,NULL,13),(302,'ASSINATURA MENSAL','1J8E16AI1 E8EJ1D','ASSINATURA MENSAL',6,1,6,9,11),(303,'ASSINATURA MENSAL - VOX 0800 GVT II','1J8E16AI1 E8EJ1D AG8J J8IG86GJ8IGJ8IG BA 8','ASSINATURA MENSAL - VOX 0800 GVT II',18,1,14,5,19),(304,'ASSINATURA MENSAL SEM MINUTOS - ILIMITADO LOCAL FAVORITOS','1J8E16AI1 E8EJ1D J8E E8EA6GJ 8D8E8615G DG41D 01AGI86GJ','ASSINATURA MENSAL SEM MINUTOS - ILIMITADO LOCAL FAVORITOS',9,1,6,6,11),(305,'ASSINATURA MENSAL SEM MINUTOS - ILIMITADO LOCAL SMART','1J8E16AI1 E8EJ1D J8E E8EA6GJ 8D8E8615G DG41D JE1I','ASSINATURA MENSAL SEM MINUTOS - ILIMITADO LOCAL SMART',9,1,6,6,11),(306,'ASSINATURA MENSAL SEM MINUTOS - MAX','1J8E16AI1 E8EJ1D J8E E8EA6GJ E18J','ASSINATURA MENSAL SEM MINUTOS - MAX',9,1,6,6,11),(307,'ASSINATURA MENSAL SEM MINUTOS - PLANO MAIS MINUTOS 250','1J8E16AI1 E8EJ1D J8E E8EA6GJ 38D1EG E18J E8EA6GJ 5G8J8E4GJ8IG','ASSINATURA MENSAL SEM MINUTOS - PLANO MAIS MINUTOS 250',9,1,6,6,11),(308,'ASSINATURA NAO RESIDENCIAL FLEX LINHA','1J8E16AI1 E I8J858EJ81D 0D88J D8E1','ASSINATURA NAO RESIDENCIAL FLEX LINHA',6,1,6,6,13),(309,'ASSINATURA NET SUPER - LIGHT - MG','1J8E16AI1 E8 JA38I D8B EB','ASSINATURA NET SUPER - LIGHT - MG',3,2,3,2,13),(310,'ASSINATURA NET SUPER - PREMIUM - MG','1J8E16AI1 E8 JA38I 38I8E8AE EB','ASSINATURA NET SUPER - PREMIUM - MG',3,2,3,2,13),(311,'ASSINATURA NET SUPER - TOP - MG','1J8E16AI1 E8 JA38I 6G38 EB','ASSINATURA NET SUPER - TOP - MG',3,2,3,2,13),(312,'ASSINATURA NET SUPER 1.6 M - MG','1J8E16AI1 E8 JA38I AEJ88J EB','ASSINATURA NET SUPER 1.6 M - MG',3,2,3,2,13),(313,'ASSINATURA NETSUPER MOVEL 4 GB','1J8E16AI1 E8JA38I EGA8D 416IG B28','ASSINATURA NETSUPER MOVEL 4 GB',13,2,11,3,13),(314,'ASSINATURA NUMERO VIRTUAL FIXO','1J8E16AI1 EAE8IG A8I6A1D 08LG','ASSINATURA NUMERO VIRTUAL FIXO',6,1,6,6,13),(315,'ASSINATURA OI EMPRESA ESPECIAL','1J8E16AI1 G8 8E38I8J1 8J38J81D','ASSINATURA OI EMPRESA ESPECIAL',6,1,6,10,21),(316,'ASSINATURA OI VELOX NRES 10M','1J8E16AI1 G8 A8DG8J EI8J AEJ8IE','ASSINATURA OI VELOX NRES 10M',3,2,3,2,21),(317,'ASSINATURA OI VELOX NRES 15M','1J8E16AI1 G8 A8DG8J EI8J AEJ8E4E','ASSINATURA OI VELOX NRES 15M',3,2,3,2,21),(318,'ASSINATURA OI VELOX NRES 2M','1J8E16AI1 G8 A8DG8J EI8J 5G8JE','ASSINATURA OI VELOX NRES 2M',3,2,3,2,21),(319,'ASSINATURA PLANO ALTERNATIVO NAO RESIDENCIAL','1J8E16AI1 38D1EG 1D68IE168AG E I8J858EJ81D','ASSINATURA PLANO ALTERNATIVO NAO RESIDENCIAL',6,1,6,6,21),(320,'ASSINATURA PLANO FLEX CTBC DDR CEL','1J8E16AI1 38D1EG 0D88J 6284 58I J8D','ASSINATURA PLANO FLEX CTBC DDR CEL',6,1,6,NULL,13),(321,'ASSINATURA PLANO SOB MEDIDA','1J8E16AI1 38D1EG JG E85851','ASSINATURA PLANO SOB MEDIDA',6,1,6,NULL,15),(322,'ASSINATURA PLANO TOTAL NAO RESIDENCIAL URBANO','1J8E16AI1 38D1EG 6G61D E I8J858EJ81D AI21EG','ASSINATURA PLANO TOTAL NAO RESIDENCIAL URBANO',6,1,6,NULL,13),(323,'ATUALIZACAO DE DEBITO - CLARO 2100','16A1D8J1JE 58286G 4D1IG 5G8JAEJ8IGJ8IG','ATUALIZACAO DE DEBITO - CLARO 2100',34,1,24,NULL,13),(324,'ATUALIZACAO DE DEBITO - CTBC CELULAR','16A1D8J1JE 58286G 6284 J8DAD1I','ATUALIZACAO DE DEBITO - CTBC CELULAR',34,1,24,NULL,13),(325,'ATUALIZACAO DE DEBITO - CTBC TELECOM 12','16A1D8J1JE 58286G 6284 68D84E AE5G8J','ATUALIZACAO DE DEBITO - CTBC TELECOM 12',34,1,24,NULL,13),(326,'ATUALIZACAO DE DEBITO - CTBC TELECOM 12 (I)','16A1D8J1JE 58286G 6284 68D84E AE5G8J AE','ATUALIZACAO DE DEBITO - CTBC TELECOM 12 (I)',34,1,24,NULL,13),(327,'ATUALIZACAO DE DEBITO - TELEFONICA 1515','16A1D8J1JE 58286G 68D80GE841 AEJ8E4GAEJ8E4G','ATUALIZACAO DE DEBITO - TELEFONICA 1515',34,1,24,NULL,13),(328,'ATUALIZACAO DE DEBITO - TIM 4102','16A1D8J1JE 58286G 68E 416IGAEJ8IG5G8J','ATUALIZACAO DE DEBITO - TIM 4102',34,1,24,NULL,13),(329,'ATUALIZACAO DE VALORES','16A1D8J1JE A1DGI8J','ATUALIZACAO DE VALORES',34,1,24,NULL,21),(330,'BANDA INTERNET 6 MBPS','21E51 8E68IE8 J88J E28J','BANDA INTERNET 6 MBPS',25,2,3,2,11),(331,'BANDA IP LOCAL 2048 KBPS','21E51 838 DG41D 5G8JJ8IG416IG86G 428J','BANDA IP LOCAL 2048 KBPS',25,2,3,2,11),(332,'BANDA IP LOCAL 6 MBPS','21E51 838 DG41D J88J E28J','BANDA IP LOCAL 6 MBPS',25,2,3,2,11),(333,'BANDA LARGA 3G 500 KBPS','21E51 D1IB1 6I8JB J8E4GJ8IGJ8IG 428J','BANDA LARGA 3G 500 KBPS',13,2,11,3,15),(334,'BLACKBERRY BIS 3G','28D1428I8 28J 6I8JB','BLACKBERRY BIS 3G',13,2,11,3,11),(335,'BLOQUEIO C/SENHA CHAMADAS DDD/DDI/CEL/VAD','28DG488G J8E1 L1E151J 58 58 J8D A1','BLOQUEIO C/SENHA CHAMADAS DDD/DDI/CEL/VAD',35,1,8,NULL,21),(336,'BLOQUEIO C/SENHA CHAMADAS P/CELULAR LOCAL','28DG488G J8E1 L1E151J J8DAD1I DG41D','BLOQUEIO C/SENHA CHAMADAS P/CELULAR LOCAL',17,1,8,NULL,21),(337,'BLOQUEIO CHAMADAS A COBRAR RECEBIDAS','28DG488G L1E151J 4G28I1I I8J82851J','BLOQUEIO CHAMADAS A COBRAR RECEBIDAS',36,1,8,NULL,21),(338,'BLOQUEIO CHAMADAS A COBRAR RECEBIDAS (PACOTE PRO','28DG488G L1E151J 4G28I1I I8J82851J 314G68 38IG','BLOQUEIO CHAMADAS A COBRAR RECEBIDAS (PACOTE PRO',36,1,8,NULL,21),(339,'BLOQUEIO CHAMADAS A COBRAR RECEBIDAS (PACOTE PROM)','28DG488G L1E151J 4G28I1I I8J82851J 314G68 38IE','BLOQUEIO CHAMADAS A COBRAR RECEBIDAS (PACOTE PROM)',36,1,8,NULL,21),(340,'BLOQUEIO CHAMADAS DDD/DDI/CEL/VAD','28DG488G L1E151J 58 58 J8D A1','BLOQUEIO CHAMADAS DDD/DDI/CEL/VAD',35,1,8,NULL,21),(341,'BLOQUEIO CHAMADAS DDD/DDI/VAD','28DG488G L1E151J 58 58 A1','BLOQUEIO CHAMADAS DDD/DDI/VAD',35,1,8,NULL,21),(342,'BLOQUEIO DE CHAMADAS GVT','28DG488G L1E151J BA','BLOQUEIO DE CHAMADAS GVT',37,1,8,NULL,11),(343,'BLOQUEIO LIG.LOCAIS P/CELULAR','28DG488G D8BDG418J J8DAD1I','BLOQUEIO LIG.LOCAIS P/CELULAR',17,1,8,NULL,21),(344,'BLOQUEIO PARA CELULAR LOCAL','28DG488G 31I1 J8DAD1I DG41D','BLOQUEIO PARA CELULAR LOCAL',17,1,8,NULL,21),(345,'BLOQUEIO PROGRAMADO','28DG488G 38IGBI1E15G','BLOQUEIO PROGRAMADO',37,1,8,NULL,11),(346,'BLOQUEIO TOTAL ORIGINACAO CHAMADA','28DG488G 6G61D GI8C8E1JE L1E151','BLOQUEIO TOTAL ORIGINACAO CHAMADA',37,1,8,NULL,11),(347,'BONUS TABELA AP - CREDENCIADA-APARELHO DA CREDENCIADA - 3G - 1/12','2GEGJ 6128D1 138 4I858EJ8151 131I8D8G 4I858EJ8151 6I8JB AE AE5G8J','BONUS TABELA AP - CREDENCIADA-APARELHO DA CREDENCIADA - 3G - 1/12',38,8,25,NULL,13),(348,'BONUS TABELA AP - CREDENCIADA-APARELHO DA CREDENCIADA - 3G - 2/12','2GEGJ 6128D1 138 4I858EJ8151 131I8D8G 4I858EJ8151 6I8JB 5G8J AE5G8J','BONUS TABELA AP - CREDENCIADA-APARELHO DA CREDENCIADA - 3G - 2/12',38,8,25,NULL,13),(349,'RESSARCIMENTO POR INTERRUPÇÃO DO SERVIÇO DE TELEFONIA FIXA','I8J1IJ8E8E6G 3GI 8E68IAJE J8IA84G 68D80GE81 08L1','RESSARCIMENTO POR INTERRUPÇÃO DO SERVIÇO DE TELEFONIA FIXA',NULL,NULL,NULL,NULL,11),(350,'RESSARCIMENTO POR INTERRUPÇÃO DO SERVIÇO DE INTERNET','I8J1IJ8E8E6G 3GI 8E68IAJE J8IA84G 8E68IE8','RESSARCIMENTO POR INTERRUPÇÃO DO SERVIÇO DE INTERNET',NULL,NULL,NULL,NULL,11),(351,'ISENÇÃO DE COB. POR INTERRUPÇÃO PONTUAL DO SERVIÇO DADOS','8J8EJE 4G 3GI 8E68IAJE 3GE6A1D J8IA84G 515GJ','ISENÇÃO DE COB. POR INTERRUPÇÃO PONTUAL DO SERVIÇO DADOS',NULL,NULL,NULL,NULL,11),(352,'CRÉDITO REFERENTE A FATURAS ANTERIORES(1)','4I8586G I808I8E68 016AI1J 1E68I8GI8J AE','CRÉDITO REFERENTE A FATURAS ANTERIORES(1)',NULL,NULL,NULL,NULL,11),(353,'MINUTOS LOCAIS UTILIZADOS','E8EA6GJ DG418J A68D8J15GJ','MINUTOS LOCAIS UTILIZADOS',NULL,NULL,NULL,NULL,11),(354,'LIG NAC LONGA DISTÂNCIA','D8B E14 DGEB1 58J61EJ81','LIG NAC LONGA DISTÂNCIA',NULL,NULL,NULL,NULL,11),(355,'LIG LOCAIS CELULAR (VC1)','D8B DG418J J8DAD1I A4AE','LIG LOCAIS CELULAR (VC1)',NULL,NULL,NULL,NULL,11),(356,'LIG NAC LDN VC2/VC3','D8B E14 D58E A45G8J A6I8J','LIG NAC LDN VC2/VC3',NULL,NULL,NULL,NULL,11),(357,'SERVIÇO INTERNET POWER SMART 15 MEGA GT1','J8IA84G 8E68IE8 3GA8I JE1I AEJ8E4G E8B1 6AE','SERVIÇO INTERNET POWER SMART 15 MEGA GT1',NULL,NULL,NULL,NULL,11),(358,'ILIMITADO TOTAL SMART - FRANQUIA MENSAL GT1','8D8E8615G 6G61D JE1I 0I1E481 E8EJ1D 6AE','ILIMITADO TOTAL SMART - FRANQUIA MENSAL GT1',NULL,NULL,NULL,NULL,11),(359,'ASSINATURA MENSAL SEM MINUTOS - ILIMITADO TOTAL SMART','1J8E16AI1 E8EJ1D J8E E8EA6GJ 8D8E8615G 6G61D JE1I','ASSINATURA MENSAL SEM MINUTOS - ILIMITADO TOTAL SMART',NULL,NULL,NULL,NULL,11),(360,'LBV DOACOES','D28A 5G14G8J','LBV DOACOES',NULL,NULL,NULL,NULL,11),(361,'LIGAÇÕES LOCAIS','D8B14G8J DG418J','LIGAÇÕES LOCAIS',NULL,NULL,NULL,NULL,11),(362,'LIGAÇÕES NACIONAIS DE LONGA DISTÂNCIA','D8B14G8J E1J8GE18J DGEB1 58J61EJ81','LIGAÇÕES NACIONAIS DE LONGA DISTÂNCIA',NULL,NULL,NULL,NULL,11),(363,'LIGAÇÕES LOCAIS PARA CELULAR (VC1)','D8B14G8J DG418J 31I1 J8DAD1I A4AE','LIGAÇÕES LOCAIS PARA CELULAR (VC1)',NULL,NULL,NULL,NULL,11),(364,'LIGAÇÕES NACIONAIS DE LONGA DISTÂNCIA PARA CELULAR (VC2/VC3)','D8B14G8J E1J8GE18J DGEB1 58J61EJ81 31I1 J8DAD1I A45G8J A6I8J','LIGAÇÕES NACIONAIS DE LONGA DISTÂNCIA PARA CELULAR (VC2/VC3)',NULL,NULL,NULL,NULL,11),(365,'ASSINATURABASICA NAO RESIDENCIAL','1J8E16AI121J841 E I8J858EJ81D','ASSINATURABASICA NAO RESIDENCIAL',NULL,NULL,NULL,NULL,11),(366,'ASSINATURAIP PROFISSIONAL 2MB','1J8E16AI1838 38IG08J8GE1D 5G8JE','ASSINATURAIP PROFISSIONAL 2MB',NULL,NULL,NULL,NULL,11),(367,'CHAMADAS HORARIO REDUZIDO - QUANTIDADE','L1E151J GI1I8G I85AJ85G 41E685158','CHAMADAS HORARIO REDUZIDO - QUANTIDADE',NULL,NULL,NULL,NULL,11),(368,'ALUGUEL MODEM-INTERNET TURBO','1DABA8D EG58E 8E68IE8 6AI2G','ALUGUEL MODEM-INTERNET TURBO',NULL,NULL,NULL,NULL,11),(369,'BLOQUEIO PARA CELULAR LOCAL','28DG488G 31I1 J8DAD1I DG41D','BLOQUEIO PARA CELULAR LOCAL',NULL,NULL,NULL,NULL,11),(370,'CHAM. LOCAIS OI','LE DG418J G8','CHAM. LOCAIS OI',NULL,NULL,NULL,NULL,11),(371,'TOTAL DE MINUTOSLOCAIS','6G61D E8EA6GJDG418J','TOTAL DE MINUTOSLOCAIS',NULL,NULL,NULL,NULL,11),(372,'FRANQUIAEM MINUTOS','0I1E4818E E8EA6GJ','FRANQUIAEM MINUTOS',NULL,NULL,NULL,NULL,11),(373,'MINUTOSEXCEDENTES A FRANQUIA','E8EA6GJ8LJ858E68J 0I1E481','MINUTOSEXCEDENTES A FRANQUIA',NULL,NULL,NULL,NULL,11),(374,'CHAMADAS HORARIO NORMAL - QUANTIDADE/DURACAO MEDIA','L1E151J GI1I8G EGIE1D 41E685158 5AI1JE E8581','CHAMADAS HORARIO NORMAL - QUANTIDADE/DURACAO MEDIA',NULL,NULL,NULL,NULL,11),(375,'SERVICOS DA TIM (DUVIDAS 103 14) - INTERURBANOS','J8IA84GJ 68E 5AA851J AEJ8IG6I8J AE416IG 8E68IAI21EGJ','SERVICOS DA TIM (DUVIDAS 103 14) - INTERURBANOS',NULL,NULL,NULL,NULL,11),(376,'SERVICOS DA TIM (DUVIDAS 103 14) - CHAMADASPARA CELULAR','J8IA84GJ 68E 5AA851J AEJ8IG6I8J AE416IG L1E151J31I1 J8DAD1I','SERVICOS DA TIM (DUVIDAS 103 14) - CHAMADASPARA CELULAR',NULL,NULL,NULL,NULL,11),(377,'ASSINATURA LINHA PLANO NOVO POS','1J8E16AI1 D8E1 38D1EG EGAG 3GJ','ASSINATURA LINHA PLANO NOVO POS',NULL,NULL,NULL,NULL,11),(378,'DEBITO TABELA AP - CREDENCIADA-APARELHO DA CREDENCIADA - 3G - 2/12','58286G 6128D1 138 4I858EJ8151 131I8D8G 4I858EJ8151 6I8JB 5G8J AE5G8J','DEBITO TABELA AP - CREDENCIADA-APARELHO DA CREDENCIADA - 3G - 2/12',NULL,NULL,NULL,NULL,11),(379,'BONUS TABELA AP - CREDENCIADA-APARELHO DA CREDENCIADA - 3G - 2/12','2GEGJ 6128D1 138 4I858EJ8151 131I8D8G 4I858EJ8151 6I8JB 5G8J AE5G8J','BONUS TABELA AP - CREDENCIADA-APARELHO DA CREDENCIADA - 3G - 2/12',NULL,NULL,NULL,NULL,11),(380,'CREDITO REFERENTE A INTERRUPÇÃO DE SERVIÇO - CELULAR','4I8586G I808I8E68 8E68IAJE J8IA84G J8DAD1I','CREDITO REFERENTE A INTERRUPÇÃO DE SERVIÇO - CELULAR',NULL,NULL,NULL,NULL,11),(381,'CREDITO REFERENTE A INTERRUPÇÃO DE SERVIÇO - ENCARGOS RETROATIVOS - JUROS','4I8586G I808I8E68 8E68IAJE J8IA84G 8E41IBGJ I86IG168AGJ CAIGJ','CREDITO REFERENTE A INTERRUPÇÃO DE SERVIÇO - ENCARGOS RETROATIVOS - JUROS',NULL,NULL,NULL,NULL,11),(382,'CREDITO REFERENTE A INTERRUPÇÃO DE SERVIÇO - ENCARGOS RETROATIVOS - MULTA','4I8586G I808I8E68 8E68IAJE J8IA84G 8E41IBGJ I86IG168AGJ EAD61','CREDITO REFERENTE A INTERRUPÇÃO DE SERVIÇO - ENCARGOS RETROATIVOS - MULTA',NULL,NULL,NULL,NULL,11),(383,'ASSINATURA CONTROLE LIGACOES','1J8E16AI1 4GE6IGD8 D8B14G8J','ASSINATURA CONTROLE LIGACOES',NULL,NULL,NULL,NULL,11),(384,'CONSUMACAO MINIMA NOVO POS CONTA ÚNICA','4GEJAE1JE E8E8E1 EGAG 3GJ 4GE61 AE841','CONSUMACAO MINIMA NOVO POS CONTA ÚNICA',NULL,NULL,NULL,NULL,11),(385,'DESCONTO COMERCIAL','589GE6G 4GE8IJ81D','DESCONTO COMERCIAL',NULL,NULL,NULL,NULL,11),(386,'RAMAL DDR - GRUPO DE 10','I1E1D 58I BIA3G AEJ8IG','RAMAL DDR - GRUPO DE 10',NULL,NULL,NULL,NULL,11),(387,'USO DE RECURSO LONGA DISTÂNCIA DDD - DE','AJG I84AIJG DGEB1 58J61EJ81 58 58','USO DE RECURSO LONGA DISTÂNCIA DDD - DE',NULL,NULL,NULL,NULL,11),(388,'USO DE RECURSO LOCAL','AJG I84AIJG DG41D','USO DE RECURSO LOCAL',NULL,NULL,NULL,NULL,11),(389,'USO DE RECURSO LOCAL (VALOR COMPLEMENTAR)','AJG I84AIJG DG41D A1DGI 4GE38D8E8E61I','USO DE RECURSO LOCAL (VALOR COMPLEMENTAR)',NULL,NULL,NULL,NULL,11),(390,'USO DE RECURSO MÓVEL LOCAL','AJG I84AIJG EGA8D DG41D','USO DE RECURSO MÓVEL LOCAL',NULL,NULL,NULL,NULL,11),(391,'IP_DIR_100 B (3 MBPS)','838 58I AEJ8IGJ8IG 6I8J E28J','IP_DIR_100 B (3 MBPS)',NULL,NULL,NULL,NULL,11),(392,'TAS_X B (3 MBPS)','61J AEJ8IG 6I8J E28J','TAS_X B (3 MBPS)',NULL,NULL,NULL,NULL,11),(393,'QOS B (20 MBPS)','4GJ 5G8JJ8IG E28J','QOS B (20 MBPS)',NULL,NULL,NULL,NULL,11),(394,'RAV B (20 MBPS)','I1A 5G8JJ8IG E28J','RAV B (20 MBPS)',NULL,NULL,NULL,NULL,11),(395,'IP_DIR_100 B (5 MBPS)','838 58I AEJ8IGJ8IG J8E4G E28J','IP_DIR_100 B (5 MBPS)',NULL,NULL,NULL,NULL,11),(396,'TAS_X B (5 MBPS)','61J AEJ8IG J8E4G E28J','TAS_X B (5 MBPS)',NULL,NULL,NULL,NULL,11),(397,'PROJETO ESPECIAL EM REDE ÓPTICA DE ACESSO','38IGC86G 8J38J81D 8E I858 G6841 1J8JG','PROJETO ESPECIAL EM REDE ÓPTICA DE ACESSO',NULL,NULL,NULL,NULL,11),(398,'SERVIÇO DE ATIVAÇÃO DE IP_DIR_100 5 MBPS VIA COT- CTBA','J8IA84G 168A1JE 838 58I AEJ8IGJ8IG J8E4G E28J A81 4G 621','SERVIÇO DE ATIVAÇÃO DE IP_DIR_100 5 MBPS VIA COT- CTBA',NULL,NULL,NULL,NULL,11),(399,'IP_DIR_100 B (80 MBPS)','838 58I AEJ8IGJ8IG G86GJ8IG E28J','IP_DIR_100 B (80 MBPS)',NULL,NULL,NULL,NULL,11),(400,'TAS_X B (80 MBPS)','61J AEJ8IG G86GJ8IG E28J','TAS_X B (80 MBPS)',NULL,NULL,NULL,NULL,11),(401,'TOTAL DE ASSINATURA DO PLANO','6G61D 1J8E16AI1 38D1EG','TOTAL DE ASSINATURA DO PLANO',NULL,NULL,NULL,NULL,11),(402,'LIBERTY WEB 3GB','D828I68 A8 6I8JB','LIBERTY WEB 3GB',NULL,NULL,NULL,NULL,11),(403,'ASSINATURA - GESTÃO TOTAL','1J8E16AI1 C8J6E 6G61D','ASSINATURA - GESTÃO TOTAL',NULL,NULL,NULL,NULL,11),(404,'CONECTIVIDADE BASICA DE DADOS','4GE868A85158 21J841 515GJ','CONECTIVIDADE BASICA DE DADOS',NULL,NULL,NULL,NULL,11),(405,'TIM BACKUP 50GB','68E 21438 J8E4GJ8IGB','TIM BACKUP 50GB',NULL,NULL,NULL,NULL,11),(406,'TIM BANCA PREMIUM','68E 21E41 38I8E8AE','TIM BANCA PREMIUM',NULL,NULL,NULL,NULL,11),(407,'TIM BLACK EMPRESA  (081/PÓS/SMP)','68E 28D14 8E38I8J1 J8IG86GAE 3GJ JE38','TIM BLACK EMPRESA  (081/PÓS/SMP)',NULL,NULL,NULL,NULL,11),(408,'CHAMADAS LOCAIS PARA OUTROS TELEFONES FIXOS','L1E151J DG418J 31I1 GA6IGJ 68D80GE8J 08LGJ','CHAMADAS LOCAIS PARA OUTROS TELEFONES FIXOS',NULL,NULL,NULL,NULL,11),(409,'CHAMADAS LOCAIS PARA OUTROS CELULARES','L1E151J DG418J 31I1 GA6IGJ J8DAD1I8J','CHAMADAS LOCAIS PARA OUTROS CELULARES',NULL,NULL,NULL,NULL,11),(410,'CHAMADAS LONGA DISTÂNCIA: TIM LD 41','L1E151J DGEB1 58J61EJ81 68E D58 416IGAE','CHAMADAS LONGA DISTÂNCIA: TIM LD 41',NULL,NULL,NULL,NULL,11),(411,'TIM TORPEDO','68E 6GI385G','TIM TORPEDO',NULL,NULL,NULL,NULL,11),(412,'LIBERTY WEB 10GB','D828I68 A8 AEJ8IGB','LIBERTY WEB 10GB',NULL,NULL,NULL,NULL,11),(413,'TIM BACKUP 100GB','68E 21438 AEJ8IGJ8IGB','TIM BACKUP 100GB',NULL,NULL,NULL,NULL,11),(414,'CHAMADAS LOCAIS ILIMITADAS PARA OUTROS FIXOS','L1E151J DG418J 8D8E86151J 31I1 GA6IGJ 08LGJ','CHAMADAS LOCAIS ILIMITADAS PARA OUTROS FIXOS',NULL,NULL,NULL,NULL,11),(415,'CHAMADAS DE ACESSO *100','L1E151J 1J8JG AEJ8IGJ8IG','CHAMADAS DE ACESSO *100',NULL,NULL,NULL,NULL,11),(416,'LIBERTY WEB 50GB','D828I68 A8 J8E4GJ8IGB','LIBERTY WEB 50GB',NULL,NULL,NULL,NULL,11),(417,'TIM FINANÇAS','68E 08E1E41J','TIM FINANÇAS',NULL,NULL,NULL,NULL,11),(418,'TOTAL COBRANÇAS DE OUTRAS OPERADORAS','6G61D 4G28I1E41J GA6I1J G38I15GI1J','TOTAL COBRANÇAS DE OUTRAS OPERADORAS',NULL,NULL,NULL,NULL,11),(419,'CHAMADAS LONGA DISTÂNCIA: TELEMAR','L1E151J DGEB1 58J61EJ81 68D8E1I','CHAMADAS LONGA DISTÂNCIA: TELEMAR',NULL,NULL,NULL,NULL,11),(420,'SERVIÇOS DE VALOR ADICIONADO TRÁFEGO','J8IA84GJ A1DGI 158J8GE15G 6I108BG','SERVIÇOS DE VALOR ADICIONADO TRÁFEGO',NULL,NULL,NULL,NULL,11),(421,'CHAMADAS LOCAIS ILIMITADAS PARA CELULARES TIM','L1E151J DG418J 8D8E86151J 31I1 J8DAD1I8J 68E','CHAMADAS LOCAIS ILIMITADAS PARA CELULARES TIM',NULL,NULL,NULL,NULL,11),(422,'CHAMADAS LOCAIS INTRAGRUPO PLANO EMP TARIFA FLAT','L1E151J DG418J 8E6I1BIA3G 38D1EG 8E38 61I801 0D1','CHAMADAS LOCAIS INTRAGRUPO PLANO EMP TARIFA FLAT',NULL,NULL,NULL,NULL,11),(423,'CHAMADAS LD41 ILIMITADAS PARA CELULARES TIM','L1E151J D58416IGAE 8D8E86151J 31I1 J8DAD1I8J 68E','CHAMADAS LD41 ILIMITADAS PARA CELULARES TIM',NULL,NULL,NULL,NULL,11),(424,'CHAMADAS RECEBIDAS EM ROAMING NACIONAL','L1E151J I8J82851J 8E IG1E8EB E1J8GE1D','CHAMADAS RECEBIDAS EM ROAMING NACIONAL',NULL,NULL,NULL,NULL,11),(425,'TOTAL DE MENSALIDADES E FRANQUIAS ACESSO','6G61D E8EJ1D85158J 0I1E481J 1J8JG','TOTAL DE MENSALIDADES E FRANQUIAS ACESSO',NULL,NULL,NULL,NULL,11),(426,'ASSINATURA IP PROFISSIONAL 1 MB','1J8E16AI1 838 38IG08J8GE1D AE E28','ASSINATURA IP PROFISSIONAL 1 MB',NULL,NULL,NULL,NULL,11),(427,'OI FALE EMPRESA - FRANQUIA 500 MINUTOS','G8 01D8 8E38I8J1 0I1E481 J8E4GJ8IGJ8IG E8EA6GJ','OI FALE EMPRESA - FRANQUIA 500 MINUTOS',NULL,NULL,NULL,NULL,11),(428,'FRANQ.0MIN - QUALQUER MOVEL - EMPRESARIAL','0I1E4J8IGE8E 41D48I EGA8D 8E38I8J1I81D','FRANQ.0MIN - QUALQUER MOVEL - EMPRESARIAL',NULL,NULL,NULL,NULL,11),(429,'PA156 ASS.S/ FRANQUIA OI FIXO EMPRESARIAL','31AEJ8E4GJ88J 1J 0I1E481 G8 08LG 8E38I8J1I81D','PA156 ASS.S/ FRANQUIA OI FIXO EMPRESARIAL',NULL,NULL,NULL,NULL,11),(430,'CHAM. LOCAIS OUTRAS OPERADORAS','LE DG418J GA6I1J G38I15GI1J','CHAM. LOCAIS OUTRAS OPERADORAS',NULL,NULL,NULL,NULL,11),(431,'TOTAL DE MINUTOS LOCAIS','6G61D E8EA6GJ DG418J','TOTAL DE MINUTOS LOCAIS',NULL,NULL,NULL,NULL,11),(432,'FRANQUIA EM MINUTOS','0I1E481 8E E8EA6GJ','FRANQUIA EM MINUTOS',NULL,NULL,NULL,NULL,11),(433,'MINUTOS EXCEDENTES A FRANQUIA','E8EA6GJ 8LJ858E68J 0I1E481','MINUTOS EXCEDENTES A FRANQUIA',NULL,NULL,NULL,NULL,11),(434,'DDD-SC-FLORIANOPOLIS','58 9 0DGI81EG3GD8J','DDD-SC-FLORIANOPOLIS',NULL,NULL,NULL,NULL,11),(435,'VC-1 HORARIO NORMAL','A4 AE GI1I8G EGIE1D','VC-1 HORARIO NORMAL',NULL,NULL,NULL,NULL,11),(436,'ASSINATURA BASICA NAO RESIDENCIAL','1J8E16AI1 21J841 E I8J858EJ81D','ASSINATURA BASICA NAO RESIDENCIAL',NULL,NULL,NULL,NULL,11),(437,'CHAMADAS HORARIO NORMAL - QUANTIDADE/DURACAO MED','L1E151J GI1I8G EGIE1D 41E685158 5AI1JE E8','CHAMADAS HORARIO NORMAL - QUANTIDADE/DURACAO MED',NULL,NULL,NULL,NULL,11),(438,'DDD-DF-BRASILIA','58 580 28I1J8D81','DDD-DF-BRASILIA',NULL,NULL,NULL,NULL,11),(439,'ASSINATURA IP PROFISSIONAL 5MB','1J8E16AI1 838 38IG08J8GE1D J8E4E','ASSINATURA IP PROFISSIONAL 5MB',NULL,NULL,NULL,NULL,11),(440,'BLOQUEIO CHAMADAS DDD/DDI/VAD','28DG488G L1E151J 58 58 A1','BLOQUEIO CHAMADAS DDD/DDI/VAD',NULL,NULL,NULL,NULL,11),(441,'VC-1 ACB HORARIO NORMAL','A4 AE 14 GI1I8G EGIE1D','VC-1 ACB HORARIO NORMAL',NULL,NULL,NULL,NULL,11),(442,'DLC CELULAR  VISITANTE BANDA A H. NORMAL','58D4 J8DAD1I A8J861E68 21E51 EGIE1D','DLC CELULAR  VISITANTE BANDA A H. NORMAL',NULL,NULL,NULL,NULL,11),(443,'ATUALIZACAO DE VALORES','16A1D8J1JE A1DGI8J','ATUALIZACAO DE VALORES',NULL,NULL,NULL,NULL,11),(444,'MULTA DE CONTA','EAD61 4GE61','MULTA DE CONTA',NULL,NULL,NULL,NULL,11),(445,'DDD-SC-CRICIUMA','58 9 4I8J8AE1','DDD-SC-CRICIUMA',NULL,NULL,NULL,NULL,11),(446,'DDD-SP-COTIA','58 J38 4G681','DDD-SP-COTIA',NULL,NULL,NULL,NULL,11),(447,'DDD-SC-SAO LOURENCO DO OESTE','58 9 JE DGAI8E4G G8J68','DDD-SC-SAO LOURENCO DO OESTE',NULL,NULL,NULL,NULL,11),(448,'DDD-SC-SAO JOSE','58 9 JE CGJ8','DDD-SC-SAO JOSE',NULL,NULL,NULL,NULL,11),(449,'VC2-SC-FLORIANOPOLIS','A45G8J 9 0DGI81EG3GD8J','VC2-SC-FLORIANOPOLIS',NULL,NULL,NULL,NULL,11),(450,'DDD-SC-ITAJAI','58 9 861C18','DDD-SC-ITAJAI',NULL,NULL,NULL,NULL,11),(451,'VC2-SC-JOINVILLE','A45G8J 9 CG8EA8D8','VC2-SC-JOINVILLE',NULL,NULL,NULL,NULL,11),(452,'MENSALIDADE TURBO 800','E8EJ1D85158 6AI2G G86GJ8IGJ8IG','MENSALIDADE TURBO 800',NULL,NULL,NULL,NULL,11),(453,'DDD-SC-CHAPECO','58 9 L1384G','DDD-SC-CHAPECO',NULL,NULL,NULL,NULL,11),(454,'DDD-SC-ITA','58 9 861','DDD-SC-ITA',NULL,NULL,NULL,NULL,11),(455,'VC3-RS-CAXIAS DO SUL','A6I8J IJ 41L81J JAD','VC3-RS-CAXIAS DO SUL',NULL,NULL,NULL,NULL,11),(456,'PAGAMENTO SEM CONTA EM LOTERICA','31B1E8E6G J8E 4GE61 8E DG68I841','PAGAMENTO SEM CONTA EM LOTERICA',NULL,NULL,NULL,NULL,11),(457,'IDENT. CHAMADAS TELEFONICAS','858E L1E151J 68D80GE841J','IDENT. CHAMADAS TELEFONICAS',NULL,NULL,NULL,NULL,11),(458,'DDD-SC-BALNEARIO CAMBORIU','58 9 21DE81I8G 41E2GI8A','DDD-SC-BALNEARIO CAMBORIU',NULL,NULL,NULL,NULL,11),(459,'VC-1 HORARIO REDUZIDO','A4 AE GI1I8G I85AJ85G','VC-1 HORARIO REDUZIDO',NULL,NULL,NULL,NULL,11),(460,'VC3-SP-SAO PAULO','A6I8J J38 JE 31ADG','VC3-SP-SAO PAULO',NULL,NULL,NULL,NULL,11),(461,'VC2-PR-PATO BRANCO','A45G8J 38I 316G 28I1E4G','VC2-PR-PATO BRANCO',NULL,NULL,NULL,NULL,11),(462,'VC2-PR-PONTA GROSSA','A45G8J 38I 3GE61 BIGJ1','VC2-PR-PONTA GROSSA',NULL,NULL,NULL,NULL,11),(463,'ASSINATURA IP PROFISSIONAL 2MB','1J8E16AI1 838 38IG08J8GE1D 5G8JE','ASSINATURA IP PROFISSIONAL 2MB',NULL,NULL,NULL,NULL,11),(464,'DDD-SC-PAPANDUVA','58 9 3131E5AA1','DDD-SC-PAPANDUVA',NULL,NULL,NULL,NULL,11),(465,'DDD-SC-MAJOR VIEIRA','58 9 E1CGI A888I1','DDD-SC-MAJOR VIEIRA',NULL,NULL,NULL,NULL,11),(466,'DDD-PR-UNIAO DA VITORIA','58 38I AE8E A86GI81','DDD-PR-UNIAO DA VITORIA',NULL,NULL,NULL,NULL,11),(467,'DDD-SC-SAO JOAO BATISTA','58 9 JE CE 2168J61','DDD-SC-SAO JOAO BATISTA',NULL,NULL,NULL,NULL,11),(468,'DDD-RS-FELIZ','58 IJ 08D8J','DDD-RS-FELIZ',NULL,NULL,NULL,NULL,11),(469,'VC2-SC-LAGES','A45G8J 9 D1C8J','VC2-SC-LAGES',NULL,NULL,NULL,NULL,11),(470,'ASSINATURA IP PROFISSIONAL 10 MB','1J8E16AI1 838 38IG08J8GE1D AEJ8IG E28','ASSINATURA IP PROFISSIONAL 10 MB',NULL,NULL,NULL,NULL,11),(471,'DDD-SC-CURITIBANOS','58 9 4AI86821EGJ','DDD-SC-CURITIBANOS',NULL,NULL,NULL,NULL,11),(472,'BLOQUEIO CHAMADAS DDD/DDI/CEL/VAD','28DG488G L1E151J 58 58 J8D A1','BLOQUEIO CHAMADAS DDD/DDI/CEL/VAD',NULL,NULL,NULL,NULL,11),(473,'BLOQUEIO CHAMADAS A COBRAR RECEBIDAS (PACOTE PRO','28DG488G L1E151J 4G28I1I I8J82851J 314G68 38IG','BLOQUEIO CHAMADAS A COBRAR RECEBIDAS (PACOTE PRO',NULL,NULL,NULL,NULL,11),(474,'BLOQUEIO C/SENHA CHAMADAS DDD/DDI/CEL/VAD','28DG488G J8E1 L1E151J 58 58 J8D A1','BLOQUEIO C/SENHA CHAMADAS DDD/DDI/CEL/VAD',NULL,NULL,NULL,NULL,11),(475,'ARREC TERC DOACAO SERTE - SAC 0800 480060','1I84 68I4 5G1JE J8I68 J14 J8IG86GJ8IGJ8IG 416IG86GJ8IGJ8IGJ88JJ8IG','ARREC TERC DOACAO SERTE - SAC 0800 480060',NULL,NULL,NULL,NULL,11),(476,'DDD-SP-SAO PAULO','58 J38 JE 31ADG','DDD-SP-SAO PAULO',NULL,NULL,NULL,NULL,11),(477,'DDD-SC-BLUMENAU','58 9 28DAE8E1A','DDD-SC-BLUMENAU',NULL,NULL,NULL,NULL,11),(478,'DDD-SC-ILHOTA','58 9 8D8G61','DDD-SC-ILHOTA',NULL,NULL,NULL,NULL,11),(479,'DDD-RO-PORTO VELHO','58 IG 3GI6G A8D8G','DDD-RO-PORTO VELHO',NULL,NULL,NULL,NULL,11),(480,'VC2-PR-LONDRINA','A45G8J 38I DGE58I8E1','VC2-PR-LONDRINA',NULL,NULL,NULL,NULL,11),(481,'ASSINATURA OI VELOX NRES 15M','1J8E16AI1 G8 A8DG8J EI8J AEJ8E4E','ASSINATURA OI VELOX NRES 15M',NULL,NULL,NULL,NULL,11),(482,'LOCACAO DE MODEM','DG41JE EG58E','LOCACAO DE MODEM',NULL,NULL,NULL,NULL,11),(483,'MENSALIDADE TURBO 2 MEGA','E8EJ1D85158 6AI2G 5G8J E8B1','MENSALIDADE TURBO 2 MEGA',NULL,NULL,NULL,NULL,11),(484,'PACOTE 1 F-F FRANQUIA 400 NR-TELEMS','314G68 AE 0 0I1E481 416IGJ8IGJ8IG EI 68D8EJ','PACOTE 1 F-F FRANQUIA 400 NR-TELEMS',NULL,NULL,NULL,NULL,11),(485,'14 SOB MEDIDA DDD - 500 MINUTOS - PA 060','AE416IG JG E85851 58 J8E4GJ8IGJ8IG E8EA6GJ 31 J8IGJ88JJ8IG','14 SOB MEDIDA DDD - 500 MINUTOS - PA 060',NULL,NULL,NULL,NULL,11),(486,'DDD-RS-SAO LEOPOLDO','58 IJ JE D8G3GD5G','DDD-RS-SAO LEOPOLDO',NULL,NULL,NULL,NULL,11),(487,'DDD-SC-PALHOCA','58 9 31D8G41','DDD-SC-PALHOCA',NULL,NULL,NULL,NULL,11),(488,'SERVICO BUSCA AUTOMATICA','J8IA84G 2A91 1A6GE16841','SERVICO BUSCA AUTOMATICA',NULL,NULL,NULL,NULL,11),(489,'DDD-PR-CURITIBA','58 38I 4AI86821','DDD-PR-CURITIBA',NULL,NULL,NULL,NULL,11),(490,'VC2-PR-CURITIBA','A45G8J 38I 4AI86821','VC2-PR-CURITIBA',NULL,NULL,NULL,NULL,11),(491,'ASSINATURA OI VELOX NRES 10M','1J8E16AI1 G8 A8DG8J EI8J AEJ8IE','ASSINATURA OI VELOX NRES 10M',NULL,NULL,NULL,NULL,11),(492,'DDD-SC-MONDAI','58 9 EGE518','DDD-SC-MONDAI',NULL,NULL,NULL,NULL,11),(493,'DDD-SC-CUNHA PORA','58 9 4AE1 3GI1','DDD-SC-CUNHA PORA',NULL,NULL,NULL,NULL,11),(494,'DDD-SC-MARAVILHA','58 9 E1I1A8D81','DDD-SC-MARAVILHA',NULL,NULL,NULL,NULL,11),(495,'DDD-RS-FREDERICO WESTPHALEN','58 IJ 0I858I84G A8J601D8E','DDD-RS-FREDERICO WESTPHALEN',NULL,NULL,NULL,NULL,11),(496,'DDD-PR-FRANCISCO BELTRAO','58 38I 0I1EJ89G 28D6IE','DDD-PR-FRANCISCO BELTRAO',NULL,NULL,NULL,NULL,11),(497,'DDD-PR-PATO BRANCO','58 38I 316G 28I1E4G','DDD-PR-PATO BRANCO',NULL,NULL,NULL,NULL,11),(498,'DDD-SC-JOINVILLE','58 9 CG8EA8D8','DDD-SC-JOINVILLE',NULL,NULL,NULL,NULL,11),(499,'DDD-SC-BALNEARIO PICARRAS','58 9 21DE81I8G 3841I1J','DDD-SC-BALNEARIO PICARRAS',NULL,NULL,NULL,NULL,11),(500,'DDD-PR-PARANAGUA','58 38I 31I1E1BA1','DDD-PR-PARANAGUA',NULL,NULL,NULL,NULL,11),(501,'DDD-MA-SAO LUIS','58 E1 JE DA8J','DDD-MA-SAO LUIS',NULL,NULL,NULL,NULL,11),(502,'DDD-RS-PORTO ALEGRE','58 IJ 3GI6G 1D8BI8','DDD-RS-PORTO ALEGRE',NULL,NULL,NULL,NULL,11),(503,'DDD-SC-TUBARAO','58 9 6A21IE','DDD-SC-TUBARAO',NULL,NULL,NULL,NULL,11),(504,'DDD-SP-GUARULHOS','58 J38 BA1IAD8GJ','DDD-SP-GUARULHOS',NULL,NULL,NULL,NULL,11),(505,'DDD-RS-CAMAQUA','58 IJ 41E141','DDD-RS-CAMAQUA',NULL,NULL,NULL,NULL,11),(506,'DDD-RS-VIAMAO','58 IJ A81E','DDD-RS-VIAMAO',NULL,NULL,NULL,NULL,11),(507,'DDD-MG-GUAXUPE','58 EB BA1LA38','DDD-MG-GUAXUPE',NULL,NULL,NULL,NULL,11),(508,'DDD-SP-RIBEIRAO PRETO','58 J38 I8288IE 38I86G','DDD-SP-RIBEIRAO PRETO',NULL,NULL,NULL,NULL,11),(509,'DDD-RS-SOBRADINHO','58 IJ JG28I158EG','DDD-RS-SOBRADINHO',NULL,NULL,NULL,NULL,11),(510,'FLD-SC-BALNEARIO CAMBORIU','0D 9 21DE81I8G 41E2GI8A','FLD-SC-BALNEARIO CAMBORIU',NULL,NULL,NULL,NULL,11),(511,'FLD-SC-FLORIANOPOLIS','0D 9 0DGI81EG3GD8J','FLD-SC-FLORIANOPOLIS',NULL,NULL,NULL,NULL,11),(512,'FLD-SC-SAO DOMINGOS','0D 9 JE 5GE8EBGJ','FLD-SC-SAO DOMINGOS',NULL,NULL,NULL,NULL,11),(513,'FLD-SC-CURITIBANOS','0D 9 4AI86821EGJ','FLD-SC-CURITIBANOS',NULL,NULL,NULL,NULL,11),(514,'CHAMADA PARA 0300','L1E151 31I1 J8IG6I8JJ8IGJ8IG','CHAMADA PARA 0300',NULL,NULL,NULL,NULL,11),(515,'DDD-MS-CAMPO GRANDE','58 EJ 41E3G BI1E58','DDD-MS-CAMPO GRANDE',NULL,NULL,NULL,NULL,11),(516,'14 SOB MEDIDA DDD ILIMITADO - PA 055','AE416IG JG E85851 58 8D8E8615G 31 J8IGJ8E4GJ8E4G','14 SOB MEDIDA DDD ILIMITADO - PA 055',NULL,NULL,NULL,NULL,11),(517,'FLD-AL-MACEIO','0D 1D E1J88G','FLD-AL-MACEIO',NULL,NULL,NULL,NULL,11),(518,'DDD-RN-MOSSORO','58 IE EGJGIG','DDD-RN-MOSSORO',NULL,NULL,NULL,NULL,11),(519,'DDD-PR-CASCAVEL','58 38I 4191A8D','DDD-PR-CASCAVEL',NULL,NULL,NULL,NULL,11),(520,'CHAM. LOCAIS ACESSO INTERNET','LE DG418J 1J8JG 8E68IE8','CHAM. LOCAIS ACESSO INTERNET',NULL,NULL,NULL,NULL,11),(521,'DDD-SC-LAURO MULLER','58 9 D1AIG EAD8I','DDD-SC-LAURO MULLER',NULL,NULL,NULL,NULL,11),(522,'DDD-RS-NOVO HAMBURGO','58 IJ EGAG 1E2AIBG','DDD-RS-NOVO HAMBURGO',NULL,NULL,NULL,NULL,11),(523,'VC2-RS COD AREA 51','A45G8J IJ 4G 1I81 J8E4GAE','VC2-RS COD AREA 51',NULL,NULL,NULL,NULL,11),(524,'TURBO 600','6AI2G J88JJ8IGJ8IG','TURBO 600',NULL,NULL,NULL,NULL,11),(525,'DDD-SC-ORLEANS','58 9 GID81EJ','DDD-SC-ORLEANS',NULL,NULL,NULL,NULL,11),(526,'ARREC TERC BRTURBO RESID 0800-6444000','1I84 68I4 28I6AI2G I8J8 J8IG86GJ8IGJ8IG J889416IG416IG416IGJ8IGJ8IGJ8IG','ARREC TERC BRTURBO RESID 0800-6444000',NULL,NULL,NULL,NULL,11),(527,'SUPORTE TELEFONE- LIGUE: 4002 0888  0800 642 088','JA3GI68 68D80GE8 D8BA8 416IGJ8IGJ8IG5G8J J8IG86G86G86G J8IG86GJ8IGJ8IG J889416IG5G8J J8IG86G86G','SUPORTE TELEFONE- LIGUE: 4002 0888  0800 642 088',NULL,NULL,NULL,NULL,11),(528,'VC3-RS-PORTO ALEGRE','A6I8J IJ 3GI6G 1D8BI8','VC3-RS-PORTO ALEGRE',NULL,NULL,NULL,NULL,11),(529,'DDD-SC-CANOINHAS','58 9 41EG8E1J','DDD-SC-CANOINHAS',NULL,NULL,NULL,NULL,11),(530,'ASSINATURA PLANO ALTERNATIVO NAO RESIDENCIAL','1J8E16AI1 38D1EG 1D68IE168AG E I8J858EJ81D','ASSINATURA PLANO ALTERNATIVO NAO RESIDENCIAL',NULL,NULL,NULL,NULL,11),(531,'DDD-SC-PINHALZINHO','58 9 38E1DJ8EG','DDD-SC-PINHALZINHO',NULL,NULL,NULL,NULL,11),(532,'DDD-SC-XANXERE','58 9 L1EL8I8','DDD-SC-XANXERE',NULL,NULL,NULL,NULL,11),(533,'MENSALIDADE TURBO 400','E8EJ1D85158 6AI2G 416IGJ8IGJ8IG','MENSALIDADE TURBO 400',NULL,NULL,NULL,NULL,11),(534,'ASSINATURA BASICA RAMAL DDR','1J8E16AI1 21J841 I1E1D 58I','ASSINATURA BASICA RAMAL DDR',NULL,NULL,NULL,NULL,11),(535,'ACESSO DIGITAL A RTPC - DDR','1J8JG 58C861D I64 58I','ACESSO DIGITAL A RTPC - DDR',NULL,NULL,NULL,NULL,11),(536,'DDD-SC-RIO DO SUL','58 9 I8G JAD','DDD-SC-RIO DO SUL',NULL,NULL,NULL,NULL,11),(537,'DDD-SC-JARAGUA DO SUL','58 9 C1I1BA1 JAD','DDD-SC-JARAGUA DO SUL',NULL,NULL,NULL,NULL,11),(538,'DDD-SC-BRUSQUE','58 9 28IA948','DDD-SC-BRUSQUE',NULL,NULL,NULL,NULL,11),(539,'DDD-SC-GUARAMIRIM','58 9 BA1I1E8I8E','DDD-SC-GUARAMIRIM',NULL,NULL,NULL,NULL,11),(540,'DDD-SC-INDAIAL','58 9 8E5181D','DDD-SC-INDAIAL',NULL,NULL,NULL,NULL,11),(541,'DDD-SC-SAO JOAQUIM','58 9 JE CG14E','DDD-SC-SAO JOAQUIM',NULL,NULL,NULL,NULL,11),(542,'DDD-SC-JOACABA','58 9 CG14121','DDD-SC-JOACABA',NULL,NULL,NULL,NULL,11),(543,'DDD-SC-LAGUNA','58 9 D1BAE1','DDD-SC-LAGUNA',NULL,NULL,NULL,NULL,11),(544,'DDD-AL-MACEIO','58 1D E1J88G','DDD-AL-MACEIO',NULL,NULL,NULL,NULL,11),(545,'DDD-SP-JANDIRA','58 J38 C1E58I1','DDD-SP-JANDIRA',NULL,NULL,NULL,NULL,11),(546,'DDD-SC-SAO FRANCISCO DO SUL','58 9 JE 0I1EJ89G JAD','DDD-SC-SAO FRANCISCO DO SUL',NULL,NULL,NULL,NULL,11),(547,'DDD-SC-ARARANGUA','58 9 1I1I1EBA1','DDD-SC-ARARANGUA',NULL,NULL,NULL,NULL,11),(548,'DDD-SC-LAGES','58 9 D1C8J','DDD-SC-LAGES',NULL,NULL,NULL,NULL,11),(549,'DDD-SC-CAMPOS NOVOS','58 9 41E3GJ EGAGJ','DDD-SC-CAMPOS NOVOS',NULL,NULL,NULL,NULL,11),(550,'DDD-SC-SOMBRIO','58 9 JGE28I8G','DDD-SC-SOMBRIO',NULL,NULL,NULL,NULL,11),(551,'DDD-GO-GOIANIA','58 BG BG81E81','DDD-GO-GOIANIA',NULL,NULL,NULL,NULL,11),(552,'DDD-SC-ROMELANDIA','58 9 IGE8D1E581','DDD-SC-ROMELANDIA',NULL,NULL,NULL,NULL,11),(553,'DDD-SC-CONCORDIA','58 9 4GE4GI581','DDD-SC-CONCORDIA',NULL,NULL,NULL,NULL,11),(554,'DDD-BA-SALVADOR','58 21 J1DA15GI','DDD-BA-SALVADOR',NULL,NULL,NULL,NULL,11),(555,'DDD-SC-MAFRA','58 9 E10I1','DDD-SC-MAFRA',NULL,NULL,NULL,NULL,11),(556,'DDD-SC-RIO NEGRINHO','58 9 I8G E8BI8EG','DDD-SC-RIO NEGRINHO',NULL,NULL,NULL,NULL,11),(557,'DDD-SC-CAMBORIU','58 9 41E2GI8A','DDD-SC-CAMBORIU',NULL,NULL,NULL,NULL,11),(558,'DDD-SC-FRAIBURGO','58 9 0I182AIBG','DDD-SC-FRAIBURGO',NULL,NULL,NULL,NULL,11),(559,'DDD-RS-ERECHIM','58 IJ 8I8L8E','DDD-RS-ERECHIM',NULL,NULL,NULL,NULL,11),(560,'DDD-SC-BRACO DO NORTE','58 9 28I14G EGI68','DDD-SC-BRACO DO NORTE',NULL,NULL,NULL,NULL,11),(561,'DDD-SC-ITAPEMA','58 9 86138E1','DDD-SC-ITAPEMA',NULL,NULL,NULL,NULL,11),(562,'DDD-SC-GASPAR','58 9 B1J31I','DDD-SC-GASPAR',NULL,NULL,NULL,NULL,11),(563,'DDD-SC-PALMITOS','58 9 31DE86GJ','DDD-SC-PALMITOS',NULL,NULL,NULL,NULL,11),(564,'DDD-MG-BELO HORIZONTE','58 EB 28DG GI8JGE68','DDD-MG-BELO HORIZONTE',NULL,NULL,NULL,NULL,11),(565,'DDD-SP-ARARAQUARA','58 J38 1I1I141I1','DDD-SP-ARARAQUARA',NULL,NULL,NULL,NULL,11),(566,'DDD-RJ-RIO DE JANEIRO','58 IC I8G C1E88IG','DDD-RJ-RIO DE JANEIRO',NULL,NULL,NULL,NULL,11),(567,'DDD-SC-NAVEGANTES','58 9 E1A8B1E68J','DDD-SC-NAVEGANTES',NULL,NULL,NULL,NULL,11),(568,'DDD-SC-SAO MIGUEL DO OESTE','58 9 JE E8BA8D G8J68','DDD-SC-SAO MIGUEL DO OESTE',NULL,NULL,NULL,NULL,11),(569,'DDD-PE-RECIFE','58 38 I8J808','DDD-PE-RECIFE',NULL,NULL,NULL,NULL,11);
/*!40000 ALTER TABLE `servico` ENABLE KEYS */;
UNLOCK TABLES;

--
-- Table structure for table `servicotelefonia`
--

DROP TABLE IF EXISTS `servicotelefonia`;
/*!40101 SET @saved_cs_client     = @@character_set_client */;
/*!40101 SET character_set_client = utf8 */;
CREATE TABLE `servicotelefonia` (
  `ServicoTelefoniaId` int(11) NOT NULL AUTO_INCREMENT,
  `QtPacoteDados` float DEFAULT NULL,
  `StCompartilhaDados` tinyint(4) DEFAULT NULL,
  `StCompartilhaVoz` tinyint(4) DEFAULT NULL,
  `StCompartilhaSMS` tinyint(4) DEFAULT NULL,
  `QtPctMinutoLocal` int(11) DEFAULT NULL,
  `QtPctMinutoLDN` int(11) DEFAULT NULL,
  `QtPctMinutoLDI` int(11) DEFAULT NULL,
  `QtPctMinutoTarifaZeroLocal` int(11) DEFAULT NULL,
  `QtPctMinutoTarifaZeroLDN` int(11) DEFAULT NULL,
  `QtPctSMS` int(11) DEFAULT NULL,
  `QtBandaLink` float DEFAULT NULL,
  `FlMensal` tinyint(4) DEFAULT NULL,
  `QtPctFixoLocalOnNet` int(11) DEFAULT NULL,
  `QtPctFixoLocalOffNet` int(11) DEFAULT NULL,
  `QtPctMovelLocalOnNet` int(11) DEFAULT NULL,
  `QtPctMovelLocalOffNet` int(11) DEFAULT NULL,
  `QtPctFixoLDNOnNet` int(11) DEFAULT NULL,
  `QtPctFixoLDNOffNet` int(11) DEFAULT NULL,
  `QtPctMovelLDNOnNet` int(11) DEFAULT NULL,
  `QtPctMovelLDNOffNet` int(11) DEFAULT NULL,
  `QtMinutoNacional` int(11) DEFAULT NULL,
  `FkServicoTelefoniaServicoId` int(11) NOT NULL,
  PRIMARY KEY (`ServicoTelefoniaId`),
  KEY `FkServicoTelefoniaServicoId_idx` (`FkServicoTelefoniaServicoId`)
) ENGINE=MyISAM AUTO_INCREMENT=342 DEFAULT CHARSET=latin1;
/*!40101 SET character_set_client = @saved_cs_client */;

--
-- Dumping data for table `servicotelefonia`
--

LOCK TABLES `servicotelefonia` WRITE;
/*!40000 ALTER TABLE `servicotelefonia` DISABLE KEYS */;
INSERT INTO `servicotelefonia` VALUES (1,0,0,0,0,0,0,0,0,0,0,0,0,0,0,0,0,0,0,0,1,NULL,8),(2,0,0,0,0,0,0,0,0,0,0,0,0,0,0,0,0,0,0,0,0,NULL,9),(3,0,0,0,0,0,0,0,0,0,0,0,0,0,0,0,0,0,0,0,0,NULL,10),(4,0,0,0,0,0,0,0,0,0,0,0,0,0,0,0,0,0,0,0,0,NULL,11),(5,0,0,0,0,0,0,0,0,0,0,0,0,0,0,0,0,0,0,0,0,NULL,12),(6,0,0,0,0,0,0,0,0,0,0,0,0,0,0,0,0,0,0,0,0,NULL,13),(7,0,0,0,0,0,0,0,0,0,0,0,1,0,0,0,0,0,0,0,0,NULL,14),(8,0,0,0,0,0,0,0,0,0,0,0,1,0,0,0,0,0,0,0,0,NULL,15),(9,0,0,0,0,0,0,0,0,0,0,0,1,0,0,0,0,0,0,0,0,NULL,16),(10,0,0,0,0,0,0,0,0,0,0,0,1,0,0,0,0,0,0,0,0,NULL,17),(11,0,0,0,0,0,0,0,0,0,0,0,1,0,0,0,0,0,0,0,0,NULL,18),(12,0,0,0,0,0,0,0,0,0,0,0,1,0,0,0,0,0,0,0,0,NULL,19),(13,0,0,0,0,0,0,0,0,0,0,0,1,0,0,0,0,0,0,0,0,NULL,20),(14,0,0,0,0,0,0,0,0,0,0,0,1,0,0,0,0,0,0,0,0,NULL,21),(15,0,0,0,0,0,0,0,0,0,0,0,1,0,0,0,0,0,0,0,0,NULL,22),(16,0,0,0,0,0,0,0,0,0,0,0,1,0,0,0,0,0,0,0,0,NULL,23),(17,0,0,0,0,0,0,0,0,0,0,0,0,0,0,0,0,0,0,0,0,NULL,24),(18,0,0,0,0,0,0,0,0,0,0,0,1,0,0,0,0,0,0,0,0,NULL,25),(19,0,0,0,0,0,0,0,0,0,0,0,1,0,0,0,0,0,0,0,0,NULL,26),(20,0,0,0,0,0,0,0,0,0,0,0,0,0,0,0,0,0,0,0,0,NULL,27),(21,100,0,0,0,0,0,0,0,0,0,0,0,0,0,0,0,0,0,0,0,NULL,28),(22,0,0,1,0,0,1000,0,0,0,0,0,1,0,0,0,0,0,0,0,0,NULL,29),(23,0,0,1,0,0,50,0,0,0,0,0,1,0,0,0,0,0,0,0,0,NULL,30),(24,0,0,1,0,0,500,0,0,0,0,0,1,0,0,0,0,0,0,0,0,NULL,31),(25,0,0,1,0,0,10000,0,0,0,0,0,1,0,0,0,0,0,0,0,0,NULL,32),(26,0,0,0,0,0,0,0,0,0,0,15360,0,0,0,0,0,0,0,0,0,NULL,33),(27,0,0,0,0,0,0,0,0,0,0,15360,0,0,0,0,0,0,0,0,0,NULL,34),(28,0,0,0,0,0,0,0,0,0,0,0,0,0,0,0,0,0,0,0,0,NULL,35),(29,0,0,0,0,0,0,0,0,0,0,0,0,0,0,0,0,0,0,0,0,NULL,36),(30,0,0,0,0,0,0,0,0,0,0,0,1,0,0,0,0,0,0,0,0,NULL,37),(31,0,0,0,0,0,0,0,0,0,0,0,1,0,0,0,0,0,0,0,0,NULL,38),(32,0,0,0,0,0,0,0,0,0,0,2048,0,0,0,0,0,0,0,0,0,NULL,39),(33,0,0,0,0,0,0,0,0,0,0,1024,0,0,0,0,0,0,0,0,0,NULL,40),(34,0,0,0,0,0,0,0,0,0,0,0,0,0,0,0,0,0,0,0,0,NULL,41),(35,0,0,0,0,0,0,0,0,0,0,0,0,0,0,0,0,0,0,0,0,NULL,42),(36,0,0,0,0,0,0,0,0,0,0,0,0,0,0,0,0,0,0,0,0,NULL,43),(37,0,0,0,0,0,0,0,0,0,0,0,1,0,0,0,0,0,0,0,0,NULL,44),(38,0,0,0,0,0,0,0,0,0,0,0,1,0,0,0,0,0,0,0,0,NULL,45),(39,0,0,0,0,0,0,0,0,0,0,0,1,0,0,0,0,0,0,0,0,NULL,46),(40,0,0,0,0,0,0,0,0,0,0,0,0,0,0,0,0,0,0,0,0,NULL,47),(41,0,0,0,0,0,0,0,0,0,0,0,0,0,0,0,0,0,0,0,0,NULL,48),(42,0,0,0,0,0,0,0,0,0,0,1024,0,0,0,0,0,0,0,0,0,NULL,49),(43,0,0,0,0,0,0,0,0,0,0,0,0,0,0,0,0,0,0,0,0,NULL,50),(44,0,0,0,0,0,0,0,0,0,0,15360,0,0,0,0,0,0,0,0,0,NULL,51),(45,0,0,0,0,0,0,0,0,0,0,25600,0,0,0,0,0,0,0,0,0,NULL,52),(46,0,0,0,0,0,0,0,0,0,0,25600,0,0,0,0,0,0,0,0,0,NULL,53),(47,0,0,0,0,250,0,0,0,0,0,0,1,0,0,0,0,0,0,0,0,NULL,54),(48,0,0,0,0,0,0,0,0,0,0,0,0,0,0,0,0,0,0,0,0,NULL,55),(49,0,0,0,0,0,0,0,0,0,0,0,0,0,0,0,0,0,0,0,0,NULL,56),(50,0,0,0,0,0,0,0,0,0,0,0,0,0,0,0,0,0,0,0,0,NULL,57),(51,0,0,0,0,0,0,0,0,0,0,0,0,0,0,0,0,0,0,0,0,NULL,58),(52,0,0,0,0,0,0,0,0,0,0,0,0,0,0,0,0,0,0,0,0,NULL,59),(53,0,0,0,0,0,0,0,0,0,0,0,0,0,0,0,0,0,0,0,0,NULL,60),(54,0,0,0,0,0,0,0,0,0,0,0,0,0,0,0,0,0,0,0,0,NULL,61),(55,0,0,0,0,0,0,0,0,0,0,0,0,0,0,0,0,0,0,0,0,NULL,62),(56,0,0,0,0,0,0,0,0,0,0,0,0,0,0,0,0,0,0,0,0,NULL,63),(57,0,0,0,0,0,0,0,0,0,0,0,0,0,0,0,0,0,0,0,0,NULL,64),(58,0,0,0,0,0,0,0,0,0,0,0,0,0,0,0,0,0,0,0,0,NULL,65),(59,0,0,0,0,0,0,0,0,0,0,0,0,0,0,0,0,0,0,0,0,NULL,66),(60,0,0,0,0,0,0,0,0,0,0,0,0,0,0,0,0,0,0,0,0,NULL,67),(61,0,0,0,0,0,0,0,0,0,0,0,0,0,0,0,0,0,0,0,0,NULL,68),(62,0,0,0,0,0,0,0,0,0,0,0,0,0,0,0,0,0,0,0,0,NULL,69),(63,0,0,0,0,0,0,0,0,0,0,0,0,0,0,0,0,0,0,0,0,NULL,70),(64,0,0,0,0,0,0,0,0,0,0,0,0,0,0,0,0,0,0,0,0,NULL,71),(65,0,0,0,0,0,0,0,0,0,0,0,0,0,0,0,0,0,0,0,0,NULL,72),(66,0,0,0,0,0,0,0,0,0,0,0,0,0,0,0,0,0,0,0,0,NULL,73),(67,0,0,0,0,0,0,0,0,0,0,0,0,0,0,0,0,0,0,0,0,NULL,74),(68,0,0,0,0,0,0,0,0,0,0,0,0,0,0,0,0,0,0,0,0,NULL,75),(69,0,0,0,0,0,0,0,0,0,0,0,0,0,0,0,0,0,0,0,0,NULL,76),(70,0,0,0,0,0,0,0,0,0,0,51200,0,0,0,0,0,0,0,0,0,NULL,77),(71,0,0,0,0,0,35,0,0,0,0,0,0,0,0,0,0,0,0,0,0,NULL,78),(72,0,0,0,0,0,0,0,0,0,0,0,0,0,0,0,0,0,0,0,0,NULL,79),(73,0,0,1,0,150,0,0,0,0,0,0,0,0,0,0,0,0,0,0,0,NULL,80),(74,0,0,1,0,150,0,0,0,0,0,0,0,0,0,0,0,0,0,0,0,NULL,81),(75,0,0,1,0,150,0,0,0,0,0,0,0,0,0,0,0,0,0,0,0,NULL,82),(76,0,0,0,0,0,0,0,0,0,0,0,0,0,0,0,0,0,0,0,0,NULL,83),(77,0,0,0,0,0,0,0,0,0,0,0,0,0,0,0,0,0,0,0,0,NULL,84),(78,0,0,0,0,0,0,0,0,0,0,0,0,0,0,0,0,0,0,0,0,NULL,85),(79,0,0,0,0,0,0,0,0,0,0,0,0,0,0,0,0,0,0,0,0,NULL,86),(80,2000,0,0,0,0,0,0,0,0,0,0,0,0,0,0,0,0,0,0,0,NULL,87),(81,2000,0,0,0,0,0,0,0,0,0,0,0,0,0,0,0,0,0,0,0,NULL,88),(82,300,0,0,0,0,0,0,0,0,0,0,0,0,0,0,0,0,0,0,0,NULL,89),(83,3000,0,0,0,0,0,0,0,0,0,0,0,0,0,0,0,0,0,0,0,NULL,90),(84,3000,0,0,0,0,0,0,0,0,0,0,0,0,0,0,0,0,0,0,0,NULL,91),(85,0,0,0,0,0,0,0,0,0,0,51200,0,0,0,0,0,0,0,0,0,NULL,92),(86,0,0,0,0,0,0,0,0,0,0,51200,0,0,0,0,0,0,0,0,0,NULL,93),(87,500,0,0,0,0,0,0,0,0,0,0,0,0,0,0,0,0,0,0,0,NULL,94),(88,5000,0,0,0,0,0,0,0,0,0,0,0,0,0,0,0,0,0,0,0,NULL,95),(89,0,0,0,0,0,0,0,0,0,0,0,0,0,0,0,0,0,0,0,0,NULL,96),(90,0,0,0,0,0,0,0,0,0,0,0,0,0,0,0,0,0,0,0,0,NULL,97),(91,0,0,1,0,150,0,0,0,0,0,0,0,0,0,0,0,0,0,0,0,NULL,98),(92,0,0,0,0,0,0,0,0,0,0,0,0,0,0,0,0,0,0,0,0,NULL,99),(93,0,0,0,0,0,0,0,0,0,0,0,0,0,0,0,0,0,0,0,0,NULL,100),(94,0,0,0,0,0,0,0,0,0,0,0,0,0,0,0,0,0,0,0,0,NULL,101),(95,0,0,0,0,0,0,0,0,0,0,0,0,0,0,0,0,0,0,0,0,NULL,102),(96,0,0,0,0,0,0,0,0,0,0,2048,0,0,0,0,0,0,0,0,0,NULL,103),(97,0,0,0,0,0,0,0,0,0,0,20480,0,0,0,0,0,0,0,0,0,NULL,104),(98,0,0,0,0,0,0,0,0,0,0,0,0,0,0,0,0,0,0,0,0,NULL,105),(99,0,0,0,0,0,0,0,0,0,0,0,0,0,0,0,0,0,0,0,0,NULL,106),(100,0,0,0,0,0,0,0,0,0,0,10240,0,0,0,0,0,0,0,0,0,NULL,107),(101,0,0,0,0,0,0,0,0,0,0,0,0,0,0,0,0,0,0,0,0,NULL,108),(102,0,0,0,0,0,0,0,0,0,0,4096,0,0,0,0,0,0,0,0,0,NULL,109),(103,0,0,0,0,0,0,0,0,0,0,4096,0,0,0,0,0,0,0,0,0,NULL,110),(104,0,0,0,0,0,0,0,0,0,0,4096,0,0,0,0,0,0,0,0,0,NULL,111),(105,0,0,0,0,0,0,0,0,0,0,0,0,0,0,0,0,0,0,0,0,NULL,112),(106,0,0,0,0,0,0,0,0,0,0,0,0,0,0,0,0,0,0,0,0,NULL,113),(107,0,0,0,0,0,0,0,0,0,0,0,1,0,0,0,0,0,0,0,0,NULL,114),(108,0,0,0,0,0,0,0,0,0,0,0,1,0,0,0,0,0,0,0,0,NULL,115),(109,0,0,0,0,0,0,0,0,0,0,0,1,0,0,0,0,0,0,0,0,NULL,116),(110,0,0,0,0,0,0,0,0,0,0,20480,0,0,0,0,0,0,0,0,0,NULL,117),(111,0,0,0,0,0,0,0,0,0,0,20480,1,0,0,0,0,0,0,0,0,NULL,118),(112,0,0,0,0,0,0,0,0,0,0,30720,0,0,0,0,0,0,0,0,0,NULL,119),(113,0,0,0,0,0,0,0,0,0,0,35840,0,0,0,0,0,0,0,0,0,NULL,120),(114,0,0,0,0,0,0,0,0,0,0,51200,0,0,0,0,0,0,0,0,0,NULL,121),(115,0,0,0,0,0,0,0,0,0,0,512000,1,0,0,0,0,0,0,0,0,NULL,122),(116,0,0,0,0,0,0,0,0,0,0,2048,0,0,0,0,0,0,0,0,0,NULL,123),(117,0,0,0,0,0,0,0,0,0,0,2048,0,0,0,0,0,0,0,0,0,NULL,124),(118,0,0,0,0,0,0,0,0,0,0,64,0,0,0,0,0,0,0,0,0,NULL,125),(119,0,0,0,0,0,0,0,0,0,0,0,0,0,0,0,0,0,0,0,0,NULL,126),(120,0,0,0,0,0,0,0,0,0,0,0,0,0,0,0,0,0,0,0,0,NULL,127),(121,0,0,0,0,0,0,0,0,0,0,0,0,0,0,0,0,0,0,0,0,NULL,128),(122,0,0,0,0,0,0,0,0,0,0,0,0,0,0,0,0,0,0,0,0,NULL,129),(123,0,0,0,0,0,0,0,0,0,0,0,0,0,0,0,0,0,0,0,0,NULL,130),(124,0,0,0,0,0,0,0,0,0,0,0,0,0,0,0,0,0,0,0,0,NULL,131),(125,0,0,0,0,0,0,0,0,0,0,0,0,0,0,0,0,0,0,0,1,NULL,132),(126,0,0,0,0,0,0,0,0,0,0,0,0,0,0,0,0,0,0,0,0,NULL,133),(127,0,0,0,0,0,0,0,0,0,0,0,0,0,0,0,0,0,0,0,0,NULL,134),(128,0,0,0,0,0,0,0,0,0,0,0,0,0,0,0,0,0,0,0,0,NULL,135),(129,0,0,0,0,0,0,0,0,0,0,0,0,0,0,0,0,0,0,0,0,NULL,136),(130,0,0,0,0,0,0,0,0,0,0,0,0,0,0,0,0,0,0,0,0,NULL,137),(131,0,0,0,0,0,0,0,0,0,0,0,1,0,0,0,0,0,0,0,0,NULL,138),(132,0,0,0,0,0,0,0,0,0,0,0,1,0,0,0,0,0,0,0,0,NULL,139),(133,0,0,0,0,0,0,0,0,0,0,0,1,0,0,0,0,0,0,0,0,NULL,140),(134,0,0,0,0,0,0,0,0,0,0,0,1,0,0,0,0,0,0,0,0,NULL,141),(135,0,0,0,0,0,0,0,0,0,0,0,1,0,0,0,0,0,0,0,0,NULL,142),(136,0,0,0,0,0,0,0,0,0,0,0,1,0,0,0,0,0,0,0,0,NULL,143),(137,0,0,0,0,0,0,0,0,0,0,0,1,0,0,0,0,0,0,0,0,NULL,144),(138,0,0,0,0,0,0,0,0,0,0,0,1,0,0,0,0,0,0,0,0,NULL,145),(139,0,0,0,0,0,0,0,0,0,0,0,1,0,0,0,0,0,0,0,0,NULL,146),(140,0,0,0,0,0,0,0,0,0,0,0,1,0,0,0,0,0,0,0,0,NULL,147),(141,0,0,0,0,0,0,0,0,0,0,0,0,0,0,0,0,0,0,0,0,NULL,148),(142,0,0,0,0,0,0,0,0,0,0,0,1,0,0,0,0,0,0,0,0,NULL,149),(143,0,0,0,0,0,0,0,0,0,0,0,1,0,0,0,0,0,0,0,0,NULL,150),(144,0,0,0,0,0,0,0,0,0,0,0,0,0,0,0,0,0,0,0,0,NULL,151),(145,100,0,0,0,0,0,0,0,0,0,0,0,0,0,0,0,0,0,0,0,NULL,152),(146,0,0,1,0,0,1000,0,0,0,0,0,1,0,0,0,0,0,0,0,0,NULL,153),(147,0,0,1,0,0,50,0,0,0,0,0,1,0,0,0,0,0,0,0,0,NULL,154),(148,0,0,1,0,0,500,0,0,0,0,0,1,0,0,0,0,0,0,0,0,NULL,155),(149,0,0,1,0,0,10000,0,0,0,0,0,1,0,0,0,0,0,0,0,0,NULL,156),(150,0,0,0,0,0,0,0,0,0,0,15360,0,0,0,0,0,0,0,0,0,NULL,157),(151,0,0,0,0,0,0,0,0,0,0,15360,0,0,0,0,0,0,0,0,0,NULL,158),(152,0,0,0,0,0,0,0,0,0,0,0,0,0,0,0,0,0,0,0,0,NULL,159),(153,0,0,0,0,0,0,0,0,0,0,0,0,0,0,0,0,0,0,0,0,NULL,160),(154,0,0,0,0,0,0,0,0,0,0,0,1,0,0,0,0,0,0,0,0,NULL,161),(155,0,0,0,0,0,0,0,0,0,0,0,1,0,0,0,0,0,0,0,0,NULL,162),(156,0,0,0,0,0,0,0,0,0,0,2048,0,0,0,0,0,0,0,0,0,NULL,163),(157,0,0,0,0,0,0,0,0,0,0,1024,0,0,0,0,0,0,0,0,0,NULL,164),(158,0,0,0,0,0,0,0,0,0,0,0,0,0,0,0,0,0,0,0,0,NULL,165),(159,0,0,0,0,0,0,0,0,0,0,0,0,0,0,0,0,0,0,0,0,NULL,166),(160,0,0,0,0,0,0,0,0,0,0,0,0,0,0,0,0,0,0,0,0,NULL,167),(161,0,0,0,0,0,0,0,0,0,0,0,1,0,0,0,0,0,0,0,0,NULL,168),(162,0,0,0,0,0,0,0,0,0,0,0,1,0,0,0,0,0,0,0,0,NULL,169),(163,0,0,0,0,0,0,0,0,0,0,0,1,0,0,0,0,0,0,0,0,NULL,170),(164,0,0,0,0,0,0,0,0,0,0,0,0,0,0,0,0,0,0,0,0,NULL,171),(165,0,0,0,0,0,0,0,0,0,0,0,0,0,0,0,0,0,0,0,0,NULL,172),(166,0,0,0,0,0,0,0,0,0,0,1024,0,0,0,0,0,0,0,0,0,NULL,173),(167,0,0,0,0,0,0,0,0,0,0,0,0,0,0,0,0,0,0,0,0,NULL,174),(168,0,0,0,0,0,0,0,0,0,0,15360,0,0,0,0,0,0,0,0,0,NULL,175),(169,0,0,0,0,0,0,0,0,0,0,25600,0,0,0,0,0,0,0,0,0,NULL,176),(170,0,0,0,0,0,0,0,0,0,0,25600,0,0,0,0,0,0,0,0,0,NULL,177),(171,0,0,0,0,250,0,0,0,0,0,0,1,0,0,0,0,0,0,0,0,NULL,178),(172,0,0,0,0,0,0,0,0,0,0,0,0,0,0,0,0,0,0,0,0,NULL,179),(173,0,0,0,0,0,0,0,0,0,0,0,0,0,0,0,0,0,0,0,0,NULL,180),(174,0,0,0,0,0,0,0,0,0,0,0,0,0,0,0,0,0,0,0,0,NULL,181),(175,0,0,0,0,0,0,0,0,0,0,0,0,0,0,0,0,0,0,0,0,NULL,182),(176,0,0,0,0,0,0,0,0,0,0,0,0,0,0,0,0,0,0,0,0,NULL,183),(177,0,0,0,0,0,0,0,0,0,0,0,0,0,0,0,0,0,0,0,0,NULL,184),(178,0,0,0,0,0,0,0,0,0,0,0,0,0,0,0,0,0,0,0,0,NULL,185),(179,0,0,0,0,0,0,0,0,0,0,0,0,0,0,0,0,0,0,0,0,NULL,186),(180,0,0,0,0,0,0,0,0,0,0,0,0,0,0,0,0,0,0,0,0,NULL,187),(181,0,0,0,0,0,0,0,0,0,0,0,0,0,0,0,0,0,0,0,0,NULL,188),(182,0,0,0,0,0,0,0,0,0,0,0,0,0,0,0,0,0,0,0,0,NULL,189),(183,0,0,0,0,0,0,0,0,0,0,0,0,0,0,0,0,0,0,0,0,NULL,190),(184,0,0,0,0,0,0,0,0,0,0,0,0,0,0,0,0,0,0,0,0,NULL,191),(185,0,0,0,0,0,0,0,0,0,0,0,0,0,0,0,0,0,0,0,0,NULL,192),(186,0,0,0,0,0,0,0,0,0,0,0,0,0,0,0,0,0,0,0,0,NULL,193),(187,0,0,0,0,0,0,0,0,0,0,0,0,0,0,0,0,0,0,0,0,NULL,194),(188,0,0,0,0,0,0,0,0,0,0,0,0,0,0,0,0,0,0,0,0,NULL,195),(189,0,0,0,0,0,0,0,0,0,0,0,0,0,0,0,0,0,0,0,0,NULL,196),(190,0,0,0,0,0,0,0,0,0,0,0,0,0,0,0,0,0,0,0,0,NULL,197),(191,0,0,0,0,0,0,0,0,0,0,0,0,0,0,0,0,0,0,0,0,NULL,198),(192,0,0,0,0,0,0,0,0,0,0,0,0,0,0,0,0,0,0,0,0,NULL,199),(193,0,0,0,0,0,0,0,0,0,0,0,0,0,0,0,0,0,0,0,0,NULL,200),(194,0,0,0,0,0,0,0,0,0,0,51200,0,0,0,0,0,0,0,0,0,NULL,201),(195,0,0,0,0,0,35,0,0,0,0,0,0,0,0,0,0,0,0,0,0,NULL,202),(196,0,0,0,0,0,0,0,0,0,0,0,0,0,0,0,0,0,0,0,0,NULL,203),(197,0,0,1,0,150,0,0,0,0,0,0,0,0,0,0,0,0,0,0,0,NULL,204),(198,0,0,1,0,150,0,0,0,0,0,0,0,0,0,0,0,0,0,0,0,NULL,205),(199,0,0,1,0,150,0,0,0,0,0,0,0,0,0,0,0,0,0,0,0,NULL,206),(200,0,0,0,0,0,0,0,0,0,0,0,0,0,0,0,0,0,0,0,0,NULL,207),(201,0,0,0,0,0,0,0,0,0,0,0,0,0,0,0,0,0,0,0,0,NULL,208),(202,0,0,0,0,0,0,0,0,0,0,0,0,0,0,0,0,0,0,0,0,NULL,209),(203,0,0,0,0,0,0,0,0,0,0,0,0,0,0,0,0,0,0,0,0,NULL,210),(204,2000,0,0,0,0,0,0,0,0,0,0,0,0,0,0,0,0,0,0,0,NULL,211),(205,2000,0,0,0,0,0,0,0,0,0,0,0,0,0,0,0,0,0,0,0,NULL,212),(206,300,0,0,0,0,0,0,0,0,0,0,0,0,0,0,0,0,0,0,0,NULL,213),(207,3000,0,0,0,0,0,0,0,0,0,0,0,0,0,0,0,0,0,0,0,NULL,214),(208,3000,0,0,0,0,0,0,0,0,0,0,0,0,0,0,0,0,0,0,0,NULL,215),(209,0,0,0,0,0,0,0,0,0,0,51200,0,0,0,0,0,0,0,0,0,NULL,216),(210,0,0,0,0,0,0,0,0,0,0,51200,0,0,0,0,0,0,0,0,0,NULL,217),(211,500,0,0,0,0,0,0,0,0,0,0,0,0,0,0,0,0,0,0,0,NULL,218),(212,5000,0,0,0,0,0,0,0,0,0,0,0,0,0,0,0,0,0,0,0,NULL,219),(213,0,0,0,0,0,0,0,0,0,0,0,0,0,0,0,0,0,0,0,0,NULL,220),(214,0,0,0,0,0,0,0,0,0,0,0,0,0,0,0,0,0,0,0,0,NULL,221),(215,0,0,1,0,150,0,0,0,0,0,0,0,0,0,0,0,0,0,0,0,NULL,222),(216,0,0,0,0,0,0,0,0,0,0,0,0,0,0,0,0,0,0,0,0,NULL,223),(217,0,0,0,0,0,0,0,0,0,0,0,0,0,0,0,0,0,0,0,0,NULL,224),(218,0,0,0,0,0,0,0,0,0,0,0,0,0,0,0,0,0,0,0,0,NULL,225),(219,0,0,0,0,0,0,0,0,0,0,0,0,0,0,0,0,0,0,0,0,NULL,226),(220,0,0,0,0,0,0,0,0,0,0,2048,0,0,0,0,0,0,0,0,0,NULL,227),(221,0,0,0,0,0,0,0,0,0,0,20480,0,0,0,0,0,0,0,0,0,NULL,228),(222,0,0,0,0,0,0,0,0,0,0,0,0,0,0,0,0,0,0,0,0,NULL,229),(223,0,0,0,0,0,0,0,0,0,0,0,0,0,0,0,0,0,0,0,0,NULL,230),(224,0,0,0,0,0,0,0,0,0,0,10240,0,0,0,0,0,0,0,0,0,NULL,231),(225,0,0,0,0,0,0,0,0,0,0,0,0,0,0,0,0,0,0,0,0,NULL,232),(226,0,0,0,0,0,0,0,0,0,0,4096,0,0,0,0,0,0,0,0,0,NULL,233),(227,0,0,0,0,0,0,0,0,0,0,4096,0,0,0,0,0,0,0,0,0,NULL,234),(228,0,0,0,0,0,0,0,0,0,0,4096,0,0,0,0,0,0,0,0,0,NULL,235),(229,0,0,0,0,0,0,0,0,0,0,0,0,0,0,0,0,0,0,0,0,NULL,236),(230,0,0,0,0,0,0,0,0,0,0,0,0,0,0,0,0,0,0,0,0,NULL,237),(231,0,0,0,0,0,0,0,0,0,0,0,1,0,0,0,0,0,0,0,0,NULL,238),(232,0,0,0,0,0,0,0,0,0,0,0,1,0,0,0,0,0,0,0,0,NULL,239),(233,0,0,0,0,0,0,0,0,0,0,0,1,0,0,0,0,0,0,0,0,NULL,240),(234,0,0,0,0,0,0,0,0,0,0,20480,0,0,0,0,0,0,0,0,0,NULL,241),(235,0,0,0,0,0,0,0,0,0,0,20480,1,0,0,0,0,0,0,0,0,NULL,242),(236,0,0,0,0,0,0,0,0,0,0,30720,0,0,0,0,0,0,0,0,0,NULL,243),(237,0,0,0,0,0,0,0,0,0,0,35840,0,0,0,0,0,0,0,0,0,NULL,244),(238,0,0,0,0,0,0,0,0,0,0,51200,0,0,0,0,0,0,0,0,0,NULL,245),(239,0,0,0,0,0,0,0,0,0,0,512000,1,0,0,0,0,0,0,0,0,NULL,246),(240,0,0,0,0,0,0,0,0,0,0,2048,0,0,0,0,0,0,0,0,0,NULL,247),(241,0,0,0,0,0,0,0,0,0,0,2048,0,0,0,0,0,0,0,0,0,NULL,248),(242,0,0,0,0,0,0,0,0,0,0,64,0,0,0,0,0,0,0,0,0,NULL,249),(243,0,0,0,0,0,0,0,0,0,0,0,0,0,0,0,0,0,0,0,0,NULL,250),(244,0,0,0,0,0,0,0,0,0,0,0,0,0,0,0,0,0,0,0,0,NULL,251),(245,0,0,0,0,0,0,0,0,0,0,0,0,0,0,0,0,0,0,0,0,NULL,252),(246,0,0,0,0,0,0,0,0,0,0,0,0,0,0,0,0,0,0,0,0,NULL,253),(247,0,0,0,0,0,0,0,0,0,0,0,0,0,0,0,0,0,0,0,0,NULL,254),(248,0,0,0,0,0,0,0,0,0,0,0,0,0,0,0,0,0,0,0,0,NULL,255),(249,0,0,0,0,0,0,0,0,0,0,0,0,0,0,0,0,0,0,0,0,NULL,256),(250,0,0,0,0,0,0,0,0,0,0,0,0,0,0,0,0,0,0,0,0,NULL,257),(251,0,0,0,0,0,0,0,0,0,0,0,0,0,0,0,0,0,0,0,0,NULL,258),(252,0,0,0,0,0,0,0,0,0,0,0,0,0,0,0,0,0,0,0,0,NULL,259),(253,0,0,0,0,0,0,0,0,0,0,0,1,0,0,0,0,0,0,0,0,NULL,260),(254,0,0,0,0,0,0,0,0,0,0,0,1,0,0,0,0,0,0,0,0,NULL,261),(255,0,0,1,0,700,0,0,0,0,0,0,1,0,0,0,0,0,0,0,0,NULL,262),(256,0,0,0,0,0,0,0,0,0,0,0,1,0,0,0,0,0,0,0,0,NULL,263),(257,0,0,0,0,0,0,0,0,0,0,0,1,0,0,0,0,0,0,0,0,NULL,264),(258,0,0,0,0,0,0,0,0,0,0,0,1,0,0,0,0,0,0,0,0,NULL,265),(259,0,0,0,0,0,0,0,0,0,0,0,1,0,0,0,0,0,0,0,0,NULL,266),(260,0,0,0,0,0,0,0,0,0,0,0,1,0,0,0,0,0,0,0,0,NULL,267),(261,0,0,0,0,0,0,0,0,0,0,10240,1,0,0,0,0,0,0,0,0,NULL,268),(262,0,0,0,0,0,0,0,0,0,0,5120,0,0,0,0,0,0,0,0,0,NULL,269),(263,0,0,0,0,0,0,0,0,0,0,0,1,0,0,0,0,0,0,0,0,NULL,270),(264,0,0,0,0,0,0,0,0,0,0,1024,0,0,0,0,0,0,0,0,0,NULL,271),(265,0,0,0,0,0,0,0,0,0,0,0,0,0,0,0,0,0,0,0,0,NULL,272),(266,0,0,0,0,0,0,0,0,0,0,0,1,0,0,0,0,0,0,0,0,NULL,273),(267,0,0,0,0,0,0,0,0,0,0,0,1,0,0,0,0,0,0,0,0,NULL,274),(268,0,0,0,0,0,0,0,0,0,0,0,0,0,0,0,0,0,0,0,0,NULL,275),(269,0,0,0,0,0,0,0,0,0,0,4096,1,0,0,0,0,0,0,0,0,NULL,276),(270,0,0,0,0,0,0,0,0,0,0,500,0,0,0,0,0,0,0,0,0,NULL,277),(271,0,0,0,0,0,0,0,0,0,0,1024,0,0,0,0,0,0,0,0,0,NULL,278),(272,0,0,0,0,0,0,0,0,0,0,10240,1,0,0,0,0,0,0,0,0,NULL,279),(273,0,0,0,0,0,0,0,0,0,0,2048,0,0,0,0,0,0,0,0,0,NULL,280),(274,0,0,0,0,0,0,0,0,0,0,4096,0,0,0,0,0,0,0,0,0,NULL,281),(275,0,0,0,0,0,0,0,0,0,0,500,0,0,0,0,0,0,0,0,0,NULL,282),(276,0,0,0,0,0,0,0,0,0,0,204800,1,0,0,0,0,0,0,0,0,NULL,283),(277,0,0,0,0,0,0,0,0,0,0,0,1,0,0,0,0,0,0,0,0,NULL,284),(278,0,0,0,0,0,0,0,0,0,0,0,1,0,0,0,0,0,0,0,0,NULL,285),(279,0,0,0,0,0,0,0,0,0,0,0,1,0,0,0,0,0,0,0,0,NULL,286),(280,0,0,0,0,0,0,0,0,0,0,0,1,0,0,0,0,0,0,0,0,NULL,287),(281,0,0,0,0,0,0,0,0,0,0,0,1,0,0,0,0,0,0,0,0,NULL,288),(282,0,0,0,0,0,0,0,0,0,0,0,1,0,0,0,0,0,0,0,0,NULL,289),(283,0,0,0,0,0,0,0,0,0,0,0,1,0,0,0,0,0,0,0,0,NULL,290),(284,0,0,0,0,0,0,0,0,0,0,0,1,0,0,0,0,0,0,0,0,NULL,291),(285,0,0,1,0,0,0,0,0,0,0,0,1,0,0,0,0,0,0,0,0,NULL,292),(286,0,0,0,0,0,0,0,0,0,0,0,1,0,0,0,0,0,0,0,0,NULL,293),(287,0,0,0,0,0,0,0,0,0,0,1024,1,0,0,0,0,0,0,0,0,NULL,294),(288,0,0,0,0,0,0,0,0,0,0,10240,0,0,0,0,0,0,0,0,0,NULL,295),(289,0,0,0,0,0,0,0,0,0,0,256,1,0,0,0,0,0,0,0,0,NULL,296),(290,0,0,0,0,0,0,0,0,0,0,2048,1,0,0,0,0,0,0,0,0,NULL,297),(291,0,0,0,0,0,0,0,0,0,0,2048,1,0,0,0,0,0,0,0,0,NULL,298),(292,0,0,0,0,0,0,0,0,0,0,512,1,0,0,0,0,0,0,0,0,NULL,299),(293,0,0,0,0,0,0,0,0,0,0,5120,1,0,0,0,0,0,0,0,0,NULL,300),(294,0,0,0,0,0,0,0,0,0,0,0,1,0,0,0,0,0,0,0,0,NULL,301),(295,0,0,0,0,0,0,0,0,0,0,0,1,0,0,0,0,0,0,0,0,NULL,302),(296,0,0,0,0,0,0,0,0,0,0,0,0,0,0,0,0,0,0,0,0,NULL,303),(297,0,0,0,0,0,0,0,0,0,0,0,0,0,0,0,0,0,0,0,0,NULL,304),(298,0,0,0,0,0,0,0,0,0,0,0,0,0,0,0,0,0,0,0,0,NULL,305),(299,0,0,0,0,0,0,0,0,0,0,0,1,0,0,0,0,0,0,0,0,NULL,306),(300,0,0,0,0,0,0,0,0,0,0,0,1,0,0,0,0,0,0,0,0,NULL,307),(301,0,0,0,0,0,0,0,0,0,0,0,1,0,0,0,0,0,0,0,0,NULL,308),(302,0,0,0,0,0,0,0,0,0,0,0,1,0,0,0,0,0,0,0,0,NULL,309),(303,0,0,0,0,0,0,0,0,0,0,0,1,0,0,0,0,0,0,0,0,NULL,310),(304,0,0,0,0,0,0,0,0,0,0,0,0,0,0,0,0,0,0,0,0,NULL,311),(305,0,0,0,0,0,0,0,0,0,0,1600,1,0,0,0,0,0,0,0,0,NULL,312),(306,4000,0,0,0,0,0,0,0,0,0,4096,1,0,0,0,0,0,0,0,0,NULL,313),(307,0,0,0,0,0,0,0,0,0,0,0,1,0,0,0,0,0,0,0,0,NULL,314),(308,0,0,0,0,0,0,0,0,0,0,0,1,0,0,0,0,0,0,0,0,NULL,315),(309,0,0,0,0,0,0,0,0,0,0,10240,0,0,0,0,0,0,0,0,0,NULL,316),(310,0,0,0,0,0,0,0,0,0,0,15360,0,0,0,0,0,0,0,0,0,NULL,317),(311,0,0,0,0,0,0,0,0,0,0,2048,0,0,0,0,0,0,0,0,0,NULL,318),(312,0,0,0,0,0,0,0,0,0,0,0,1,0,0,0,0,0,0,0,0,NULL,319),(313,0,0,0,0,0,0,0,0,0,0,0,1,0,0,0,0,0,0,0,0,NULL,320),(314,0,0,0,0,0,0,0,0,0,0,0,1,0,0,0,0,0,0,0,0,NULL,321),(315,0,0,0,0,0,0,0,0,0,0,0,1,0,0,0,0,0,0,0,0,NULL,322),(316,0,0,0,0,0,0,0,0,0,0,0,0,0,0,0,0,0,0,0,0,NULL,323),(317,0,0,0,0,0,0,0,0,0,0,0,0,0,0,0,0,0,0,0,0,NULL,324),(318,0,0,0,0,0,0,0,0,0,0,0,0,0,0,0,0,0,0,0,0,NULL,325),(319,0,0,0,0,0,0,0,0,0,0,0,1,0,0,0,0,0,0,0,0,NULL,326),(320,0,0,0,0,0,0,0,0,0,0,0,1,0,0,0,0,0,0,0,0,NULL,327),(321,0,0,0,0,0,0,0,0,0,0,0,1,0,0,0,0,0,0,0,0,NULL,328),(322,0,0,0,0,0,0,0,0,0,0,0,1,0,0,0,0,0,0,0,0,NULL,329),(323,0,0,0,0,0,0,0,0,0,0,6144,1,0,0,0,0,0,0,0,0,NULL,330),(324,0,0,0,0,0,0,0,0,0,0,2048,1,0,0,0,0,0,0,0,0,NULL,331),(325,0,0,0,0,0,0,0,0,0,0,6144,1,0,0,0,0,0,0,0,0,NULL,332),(326,10000,0,0,0,0,0,0,0,0,0,0,1,0,0,0,0,0,0,0,0,NULL,333),(327,1000,0,0,0,0,0,0,0,0,0,0,1,0,0,0,0,0,0,0,0,NULL,334),(328,0,0,0,0,0,0,0,0,0,0,0,1,0,0,0,0,0,0,0,0,NULL,335),(329,0,0,0,0,0,0,0,0,0,0,0,1,0,0,0,0,0,0,0,0,NULL,336),(330,0,0,0,0,0,0,0,0,0,0,0,1,0,0,0,0,0,0,0,0,NULL,337),(331,0,0,0,0,0,0,0,0,0,0,0,1,0,0,0,0,0,0,0,0,NULL,338),(332,0,0,0,0,0,0,0,0,0,0,0,0,0,0,0,0,0,0,0,0,NULL,339),(333,0,0,0,0,0,0,0,0,0,0,0,0,0,0,0,0,0,0,0,0,NULL,340),(334,0,0,0,0,0,0,0,0,0,0,0,0,0,0,0,0,0,0,0,0,NULL,341),(335,0,0,0,0,0,0,0,0,0,0,0,0,0,0,0,0,0,0,0,0,NULL,342),(336,0,0,0,0,0,0,0,0,0,0,0,0,0,0,0,0,0,0,0,0,NULL,343),(337,0,0,0,0,0,0,0,0,0,0,0,0,0,0,0,0,0,0,0,0,NULL,344),(338,0,0,0,0,0,0,0,0,0,0,0,0,0,0,0,0,0,0,0,0,NULL,345),(339,0,0,0,0,0,0,0,0,0,0,0,0,0,0,0,0,0,0,0,0,NULL,346),(340,0,0,0,0,0,0,0,0,0,0,0,0,0,0,0,0,0,0,0,0,NULL,347),(341,0,0,0,0,0,0,0,0,0,0,0,0,0,0,0,0,0,0,0,0,NULL,348);
/*!40000 ALTER TABLE `servicotelefonia` ENABLE KEYS */;
UNLOCK TABLES;

--
-- Table structure for table `subgrupo`
--

DROP TABLE IF EXISTS `subgrupo`;
/*!40101 SET @saved_cs_client     = @@character_set_client */;
/*!40101 SET character_set_client = utf8 */;
CREATE TABLE `subgrupo` (
  `SubGrupoId` int(11) NOT NULL AUTO_INCREMENT,
  `SubGrupoNome` varchar(70) NOT NULL,
  PRIMARY KEY (`SubGrupoId`),
  KEY `SUBGRUPO_NOME` (`SubGrupoNome`)
) ENGINE=InnoDB AUTO_INCREMENT=37 DEFAULT CHARSET=latin1;
/*!40101 SET character_set_client = @saved_cs_client */;

--
-- Dumping data for table `subgrupo`
--

LOCK TABLES `subgrupo` WRITE;
/*!40000 ALTER TABLE `subgrupo` DISABLE KEYS */;
INSERT INTO `subgrupo` VALUES (14,'0800 - SERVICO'),(21,'ADICIONAL CHAMADAS'),(25,'APARELHO'),(6,'ASSINATURA'),(8,'BLOQUEIO'),(29,'CHAMADA'),(1,'CHAMADA 0300'),(2,'CHAMADA LDI'),(16,'CHAMADA LDN'),(28,'CHAMADA LDN 0300'),(17,'CHAMADA LDN ACB'),(15,'CHAMADA LOCAL'),(26,'CHAMADA LOCAL ACB'),(23,'COBRANÇA DE 3º'),(35,'CRÉDITOS'),(24,'CRÉDITOS E DÉBITOS'),(13,'E1'),(12,'FRANQUIA LDN'),(5,'FRANQUIA LOCAL'),(34,'FRANQUIA R$'),(30,'INTERATIVIDADE'),(3,'INTERNET'),(18,'INTERNET DEDICADA'),(27,'INTERNET DISCADA'),(33,'INTERNET MÓVEL'),(10,'JUROS'),(22,'LOCAÇÃO ROTEADOR'),(20,'MPLS'),(4,'MULTAS'),(11,'PCTE IND DADOS'),(36,'PCTE IND INTERNACIONAL'),(32,'PCTE LDI'),(7,'SERVIÇOS'),(9,'TAXAS'),(31,'TERMINAL INATIVO'),(19,'VPN');
/*!40000 ALTER TABLE `subgrupo` ENABLE KEYS */;
UNLOCK TABLES;

--
-- Table structure for table `subgrupogrupo`
--

DROP TABLE IF EXISTS `subgrupogrupo`;
/*!40101 SET @saved_cs_client     = @@character_set_client */;
/*!40101 SET character_set_client = utf8 */;
CREATE TABLE `subgrupogrupo` (
  `SubgrupoGrupoId` int(11) NOT NULL AUTO_INCREMENT,
  `FkSubgrupoGrupoSubGrupoId` int(11) NOT NULL,
  `FkSubgrupoGrupoGrupoId` int(11) NOT NULL,
  PRIMARY KEY (`SubgrupoGrupoId`),
  KEY `FkSubgrupoGrupoSubGrupoId_idx` (`FkSubgrupoGrupoSubGrupoId`),
  KEY `FkSubgrupoGrupoGrupoId_idx` (`FkSubgrupoGrupoGrupoId`)
) ENGINE=MyISAM AUTO_INCREMENT=34 DEFAULT CHARSET=latin1;
/*!40101 SET character_set_client = @saved_cs_client */;

--
-- Dumping data for table `subgrupogrupo`
--

LOCK TABLES `subgrupogrupo` WRITE;
/*!40000 ALTER TABLE `subgrupogrupo` DISABLE KEYS */;
INSERT INTO `subgrupogrupo` VALUES (1,4,3),(2,5,1),(3,6,1),(4,7,1),(5,8,1),(6,9,4),(7,10,3),(8,11,2),(9,12,1),(10,13,1),(11,14,1),(12,15,1),(13,16,1),(14,17,1),(15,18,2),(16,19,2),(17,20,2),(18,21,1),(19,22,2),(20,23,5),(21,24,1),(22,25,8),(23,26,1),(24,27,2),(25,28,1),(26,29,1),(27,30,9),(28,31,1),(29,32,10),(30,33,2),(31,34,10),(32,35,2),(33,36,2);
/*!40000 ALTER TABLE `subgrupogrupo` ENABLE KEYS */;
UNLOCK TABLES;

--
-- Table structure for table `tipoacesso`
--

DROP TABLE IF EXISTS `tipoacesso`;
/*!40101 SET @saved_cs_client     = @@character_set_client */;
/*!40101 SET character_set_client = utf8 */;
CREATE TABLE `tipoacesso` (
  `TipoAcessoId` int(11) NOT NULL AUTO_INCREMENT,
  `TipoAcessoNome` varchar(50) NOT NULL,
  PRIMARY KEY (`TipoAcessoId`)
) ENGINE=MyISAM DEFAULT CHARSET=latin1;
/*!40101 SET character_set_client = @saved_cs_client */;

--
-- Dumping data for table `tipoacesso`
--

LOCK TABLES `tipoacesso` WRITE;
/*!40000 ALTER TABLE `tipoacesso` DISABLE KEYS */;
/*!40000 ALTER TABLE `tipoacesso` ENABLE KEYS */;
UNLOCK TABLES;

--
-- Table structure for table `tipofornecedor`
--

DROP TABLE IF EXISTS `tipofornecedor`;
/*!40101 SET @saved_cs_client     = @@character_set_client */;
/*!40101 SET character_set_client = utf8 */;
CREATE TABLE `tipofornecedor` (
  `TipoFornecedorId` int(11) NOT NULL AUTO_INCREMENT,
  `TipoFornecedorNome` varchar(45) NOT NULL,
  `TipoConsumo` varchar(30) DEFAULT NULL,
  PRIMARY KEY (`TipoFornecedorId`),
  UNIQUE KEY `PK_ID_UNIQUE` (`TipoFornecedorId`),
  UNIQUE KEY `NM_TIPO_UNIQUE` (`TipoFornecedorNome`)
) ENGINE=MyISAM AUTO_INCREMENT=5 DEFAULT CHARSET=latin1;
/*!40101 SET character_set_client = @saved_cs_client */;

--
-- Dumping data for table `tipofornecedor`
--

LOCK TABLES `tipofornecedor` WRITE;
/*!40000 ALTER TABLE `tipofornecedor` DISABLE KEYS */;
INSERT INTO `tipofornecedor` VALUES (1,'Agua','m³'),(2,'Energia','Kwat'),(3,'Gas','m³'),(4,'Telefonia','Minutos');
/*!40000 ALTER TABLE `tipofornecedor` ENABLE KEYS */;
UNLOCK TABLES;

--
-- Table structure for table `unidade`
--

DROP TABLE IF EXISTS `unidade`;
/*!40101 SET @saved_cs_client     = @@character_set_client */;
/*!40101 SET character_set_client = utf8 */;
CREATE TABLE `unidade` (
  `UnidadeId` int(11) NOT NULL AUTO_INCREMENT,
  `UnidadeNumero` varchar(45) NOT NULL,
  `UnidadeDDD` varchar(3) DEFAULT NULL,
  `UnidadeUsuario` varchar(70) DEFAULT NULL,
  `FkTelefoneTipoAcessoId` int(11) DEFAULT NULL,
  `UnidadeLatitude` float DEFAULT NULL,
  `UnidadeLongitude` float DEFAULT NULL,
  `FkUnidadeFornecedorId` int(11) DEFAULT NULL,
  PRIMARY KEY (`UnidadeId`),
  KEY `FkTelefoneTipoAcessoId_idx` (`FkTelefoneTipoAcessoId`),
  KEY `FkUnidadeFornecedorId_idx` (`FkUnidadeFornecedorId`),
  CONSTRAINT `FkUnidadeFornecedorId` FOREIGN KEY (`FkUnidadeFornecedorId`) REFERENCES `fornecedor` (`FornecedorId`) ON DELETE NO ACTION ON UPDATE NO ACTION
) ENGINE=InnoDB AUTO_INCREMENT=123 DEFAULT CHARSET=latin1;
/*!40101 SET character_set_client = @saved_cs_client */;

--
-- Dumping data for table `unidade`
--

LOCK TABLES `unidade` WRITE;
/*!40000 ALTER TABLE `unidade` DISABLE KEYS */;
INSERT INTO `unidade` VALUES (1,'4733681670',NULL,NULL,NULL,0,0,11),(2,'BCU-812VZSNP7-013',NULL,NULL,NULL,0,0,11),(3,'-1',NULL,NULL,NULL,0,0,11),(4,'6233366059',NULL,NULL,NULL,0,0,11),(5,'99643-0410',NULL,NULL,NULL,0,0,11),(6,'99643-0411',NULL,NULL,NULL,0,0,11),(7,'99968-0577',NULL,NULL,NULL,0,0,11),(8,'99992-7222',NULL,NULL,NULL,0,0,11),(9,'45910500',NULL,NULL,NULL,0,0,11),(10,'495817',NULL,NULL,NULL,0,0,11),(11,'540812',NULL,NULL,NULL,0,0,11),(12,'540813',NULL,NULL,NULL,0,0,11),(13,'621674',NULL,NULL,NULL,0,0,11),(14,'881475',NULL,NULL,NULL,0,0,11),(15,'886748',NULL,NULL,NULL,0,0,11),(16,'886766',NULL,NULL,NULL,0,0,11),(17,'887415',NULL,NULL,NULL,0,0,11),(18,'887431',NULL,NULL,NULL,0,0,11),(19,'1063509',NULL,NULL,NULL,0,0,11),(20,'1145141',NULL,NULL,NULL,0,0,11),(21,'48999222442',NULL,NULL,NULL,0,0,11),(22,'48996340200',NULL,NULL,NULL,0,0,11),(23,'48999690150',NULL,NULL,NULL,0,0,11),(24,'48999942760',NULL,NULL,NULL,0,0,11),(25,'48996227086',NULL,NULL,NULL,0,0,11),(26,'48999770247',NULL,NULL,NULL,0,0,11),(27,'48996226900',NULL,NULL,NULL,0,0,11),(28,'48996229700',NULL,NULL,NULL,0,0,11),(29,'48999250980',NULL,NULL,NULL,0,0,11),(30,'48999251415',NULL,NULL,NULL,0,0,11),(31,'48996900044',NULL,NULL,NULL,0,0,11),(32,'48999741888',NULL,NULL,NULL,0,0,11),(33,'48999943023',NULL,NULL,NULL,0,0,11),(34,'48999919990',NULL,NULL,NULL,0,0,11),(35,'48991324491',NULL,NULL,NULL,0,0,11),(36,'48996330807',NULL,NULL,NULL,0,0,11),(37,'48991594585',NULL,NULL,NULL,0,0,11),(38,'48996436800',NULL,NULL,NULL,0,0,11),(39,'48996227033',NULL,NULL,NULL,0,0,11),(40,'48999943681',NULL,NULL,NULL,0,0,11),(41,'48999677343',NULL,NULL,NULL,0,0,11),(42,'48999259430',NULL,NULL,NULL,0,0,11),(43,'48996690698',NULL,NULL,NULL,0,0,11),(44,'48999943112',NULL,NULL,NULL,0,0,11),(45,'48996340141',NULL,NULL,NULL,0,0,11),(46,'48999770253',NULL,NULL,NULL,0,0,11),(47,'48999770248',NULL,NULL,NULL,0,0,11),(48,'48991034438',NULL,NULL,NULL,0,0,11),(49,'48996384141',NULL,NULL,NULL,0,0,11),(50,'48999676472',NULL,NULL,NULL,0,0,11),(51,'35220476',NULL,NULL,NULL,0,0,11),(52,'35240309',NULL,NULL,NULL,0,0,11),(53,'32433014',NULL,NULL,NULL,0,0,11),(54,'33265454',NULL,NULL,NULL,0,0,11),(55,'36583870',NULL,NULL,NULL,0,0,11),(56,'33514700',NULL,NULL,NULL,0,0,11),(57,'32451318',NULL,NULL,NULL,0,0,11),(58,'33222947',NULL,NULL,NULL,0,0,11),(59,'33225326',NULL,NULL,NULL,0,0,11),(60,'34429515',NULL,NULL,NULL,0,0,11),(61,'34441532',NULL,NULL,NULL,0,0,11),(62,'35630477',NULL,NULL,NULL,0,0,11),(63,'36222407',NULL,NULL,NULL,0,0,11),(64,'35441949',NULL,NULL,NULL,0,0,11),(65,'34372605',NULL,NULL,NULL,0,0,11),(66,'32462090',NULL,NULL,NULL,0,0,11),(67,'32248181',NULL,NULL,NULL,0,0,11),(68,'32248246',NULL,NULL,NULL,0,0,11),(69,'32248387',NULL,NULL,NULL,0,0,11),(70,'32488147',NULL,NULL,NULL,0,0,11),(71,'32661179',NULL,NULL,NULL,0,0,11),(72,'33240042',NULL,NULL,NULL,0,0,11),(73,'33484152',NULL,NULL,NULL,0,0,11),(74,'33486193',NULL,NULL,NULL,0,0,11),(75,'33491232',NULL,NULL,NULL,0,0,11),(76,'33333755',NULL,NULL,NULL,0,0,11),(77,'32551628',NULL,NULL,NULL,0,0,11),(78,'35331912',NULL,NULL,NULL,0,0,11),(79,'35222710',NULL,NULL,NULL,0,0,11),(80,'36460352',NULL,NULL,NULL,0,0,11),(81,'32224844',NULL,NULL,NULL,0,0,11),(82,'32227378',NULL,NULL,NULL,0,0,11),(83,'32227684',NULL,NULL,NULL,0,0,11),(84,'32230247',NULL,NULL,NULL,0,0,11),(85,'36421852',NULL,NULL,NULL,0,0,11),(86,'36471003',NULL,NULL,NULL,0,0,11),(87,'33661413',NULL,NULL,NULL,0,0,11),(88,'35212115',NULL,NULL,NULL,0,0,11),(89,'35220724',NULL,NULL,NULL,0,0,11),(90,'34522113',NULL,NULL,NULL,0,0,11),(91,'34440250',NULL,NULL,NULL,0,0,11),(92,'34442336',NULL,NULL,NULL,0,0,11),(93,'36211324',NULL,NULL,NULL,0,0,11),(94,'35332048',NULL,NULL,NULL,0,0,11),(95,'33822801',NULL,NULL,NULL,0,0,11),(96,'36264010',NULL,NULL,NULL,0,0,11),(97,'35661841',NULL,NULL,NULL,0,0,11),(98,'34332563',NULL,NULL,NULL,0,0,11),(99,'34333181',NULL,NULL,NULL,0,0,11),(100,'33491118',NULL,NULL,NULL,0,0,11),(101,'32553144',NULL,NULL,NULL,0,0,11),(102,'35213214',NULL,NULL,NULL,0,0,11),(103,'34375434',NULL,NULL,NULL,0,0,11),(104,'33226820',NULL,NULL,NULL,0,0,11),(105,'34421736',NULL,NULL,NULL,0,0,11),(106,'33489602',NULL,NULL,NULL,0,0,11),(107,'36267077',NULL,NULL,NULL,0,0,11),(108,'34663031',NULL,NULL,NULL,0,0,11),(109,'33290594',NULL,NULL,NULL,0,0,11),(110,'35251101',NULL,NULL,NULL,0,0,11),(111,'4426119',NULL,NULL,NULL,0,0,11),(112,'34232108',NULL,NULL,NULL,0,0,11),(113,'33292790',NULL,NULL,NULL,0,0,11),(114,'32415202',NULL,NULL,NULL,0,0,11),(115,'34325237',NULL,NULL,NULL,0,0,11),(116,'33229427',NULL,NULL,NULL,0,0,11),(117,'35663083',NULL,NULL,NULL,0,0,11),(118,'34565265',NULL,NULL,NULL,0,0,11),(119,'34471250',NULL,NULL,NULL,0,0,11),(120,'35544716',NULL,NULL,NULL,0,0,11),(121,'33831723',NULL,NULL,NULL,0,0,11),(122,'32393500',NULL,NULL,NULL,0,0,11);
/*!40000 ALTER TABLE `unidade` ENABLE KEYS */;
UNLOCK TABLES;

--
-- Table structure for table `usuario`
--

DROP TABLE IF EXISTS `usuario`;
/*!40101 SET @saved_cs_client     = @@character_set_client */;
/*!40101 SET character_set_client = utf8 */;
CREATE TABLE `usuario` (
  `UsuarioId` int(11) NOT NULL AUTO_INCREMENT,
  `UsuarioNome` varchar(70) COLLATE utf8mb4_unicode_ci NOT NULL,
  `UsuarioEmail` varchar(100) COLLATE utf8mb4_unicode_ci NOT NULL,
  `UsuarioLogin` varchar(30) COLLATE utf8mb4_unicode_ci NOT NULL,
  `UsuarioSenha` varchar(20) COLLATE utf8mb4_unicode_ci NOT NULL,
  `FkClienteId` int(11) DEFAULT NULL,
  `FkParceiroId` int(11) DEFAULT NULL,
  `UsuarioAvatar` varchar(50) COLLATE utf8mb4_unicode_ci DEFAULT NULL,
  PRIMARY KEY (`UsuarioId`),
  KEY `FK_CLIENTE_USUARIO_idx` (`FkClienteId`),
  KEY `FK_PARCEIRO_USUARIO_idx` (`FkParceiroId`),
  CONSTRAINT `FK_CLIENTE_USUARIO` FOREIGN KEY (`FkClienteId`) REFERENCES `cliente` (`ClienteId`)
) ENGINE=InnoDB AUTO_INCREMENT=8 DEFAULT CHARSET=utf8mb4 COLLATE=utf8mb4_unicode_ci;
/*!40101 SET character_set_client = @saved_cs_client */;

--
-- Dumping data for table `usuario`
--

LOCK TABLES `usuario` WRITE;
/*!40000 ALTER TABLE `usuario` DISABLE KEYS */;
INSERT INTO `usuario` VALUES (1,'admin','marcio.kemper@gmail.com','kemper','123456',NULL,NULL,''),(2,'ambev','ambeve@gmail.com','ambev','123456',15,NULL,'avatar-2.jpg'),(3,'Coletor','coletor@controlnex.com.br','coletor','1ro#te#loc',NULL,NULL,NULL),(4,'Felipe Bittencourt','felipebs@gmail.com','felipe','senha',NULL,NULL,NULL),(5,'Gustavo','gus@tavo.com','gustavo','senha',17,NULL,NULL),(7,'votorantim','sac@votorantim.com.br','votorantim','123456',20,NULL,NULL);
/*!40000 ALTER TABLE `usuario` ENABLE KEYS */;
UNLOCK TABLES;
/*!40103 SET TIME_ZONE=@OLD_TIME_ZONE */;

/*!40101 SET SQL_MODE=@OLD_SQL_MODE */;
/*!40014 SET FOREIGN_KEY_CHECKS=@OLD_FOREIGN_KEY_CHECKS */;
/*!40014 SET UNIQUE_CHECKS=@OLD_UNIQUE_CHECKS */;
/*!40101 SET CHARACTER_SET_CLIENT=@OLD_CHARACTER_SET_CLIENT */;
/*!40101 SET CHARACTER_SET_RESULTS=@OLD_CHARACTER_SET_RESULTS */;
/*!40101 SET COLLATION_CONNECTION=@OLD_COLLATION_CONNECTION */;
/*!40111 SET SQL_NOTES=@OLD_SQL_NOTES */;

-- Dump completed on 2019-02-08  9:50:16
